date,year,month,Inf_Goal,Inf_Rate,Core_Inf,source,download_date
1955-07-01,1955,7,,-0.87,,BANREP_SUAMECA,2026-03-25
1955-08-01,1955,8,,-0.01,,BANREP_SUAMECA,2026-03-25
1955-09-01,1955,9,,0.84,,BANREP_SUAMECA,2026-03-25
1955-10-01,1955,10,,0.77,,BANREP_SUAMECA,2026-03-25
1955-11-01,1955,11,,1.44,,BANREP_SUAMECA,2026-03-25
1955-12-01,1955,12,,2.03,,BANREP_SUAMECA,2026-03-25
1956-01-01,1956,1,,2.1,,BANREP_SUAMECA,2026-03-25
1956-02-01,1956,2,,2.57,,BANREP_SUAMECA,2026-03-25
1956-03-01,1956,3,,3.1,,BANREP_SUAMECA,2026-03-25
1956-04-01,1956,4,,3.04,,BANREP_SUAMECA,2026-03-25
1956-05-01,1956,5,,4.25,,BANREP_SUAMECA,2026-03-25
1956-06-01,1956,6,,5.28,,BANREP_SUAMECA,2026-03-25
1956-07-01,1956,7,,6.36,,BANREP_SUAMECA,2026-03-25
1956-08-01,1956,8,,5.76,,BANREP_SUAMECA,2026-03-25
1956-09-01,1956,9,,7.26,,BANREP_SUAMECA,2026-03-25
1956-10-01,1956,10,,8.31,,BANREP_SUAMECA,2026-03-25
1956-11-01,1956,11,,8.83,,BANREP_SUAMECA,2026-03-25
1956-12-01,1956,12,,7.91,,BANREP_SUAMECA,2026-03-25
1957-01-01,1957,1,,9.3,,BANREP_SUAMECA,2026-03-25
1957-02-01,1957,2,,10.3,,BANREP_SUAMECA,2026-03-25
1957-03-01,1957,3,,11.21,,BANREP_SUAMECA,2026-03-25
1957-04-01,1957,4,,12.97,,BANREP_SUAMECA,2026-03-25
1957-05-01,1957,5,,13.58,,BANREP_SUAMECA,2026-03-25
1957-06-01,1957,6,,17.15,,BANREP_SUAMECA,2026-03-25
1957-07-01,1957,7,,19.39,,BANREP_SUAMECA,2026-03-25
1957-08-01,1957,8,,21.43,,BANREP_SUAMECA,2026-03-25
1957-09-01,1957,9,,20.93,,BANREP_SUAMECA,2026-03-25
1957-10-01,1957,10,,21.17,,BANREP_SUAMECA,2026-03-25
1957-11-01,1957,11,,19.84,,BANREP_SUAMECA,2026-03-25
1957-12-01,1957,12,,20.69,,BANREP_SUAMECA,2026-03-25
1958-01-01,1958,1,,19.46,,BANREP_SUAMECA,2026-03-25
1958-02-01,1958,2,,18.05,,BANREP_SUAMECA,2026-03-25
1958-03-01,1958,3,,17.86,,BANREP_SUAMECA,2026-03-25
1958-04-01,1958,4,,17.24,,BANREP_SUAMECA,2026-03-25
1958-05-01,1958,5,,18.06,,BANREP_SUAMECA,2026-03-25
1958-06-01,1958,6,,13.9,,BANREP_SUAMECA,2026-03-25
1958-07-01,1958,7,,10.99,,BANREP_SUAMECA,2026-03-25
1958-08-01,1958,8,,10.47,,BANREP_SUAMECA,2026-03-25
1958-09-01,1958,9,,10.14,,BANREP_SUAMECA,2026-03-25
1958-10-01,1958,10,,8.92,,BANREP_SUAMECA,2026-03-25
1958-11-01,1958,11,,8.54,,BANREP_SUAMECA,2026-03-25
1958-12-01,1958,12,,7.98,,BANREP_SUAMECA,2026-03-25
1959-01-01,1959,1,,9.47,,BANREP_SUAMECA,2026-03-25
1959-02-01,1959,2,,10.34,,BANREP_SUAMECA,2026-03-25
1959-03-01,1959,3,,9.09,,BANREP_SUAMECA,2026-03-25
1959-04-01,1959,4,,8.96,,BANREP_SUAMECA,2026-03-25
1959-05-01,1959,5,,7.62,,BANREP_SUAMECA,2026-03-25
1959-06-01,1959,6,,7.87,,BANREP_SUAMECA,2026-03-25
1959-07-01,1959,7,,8.41,,BANREP_SUAMECA,2026-03-25
1959-08-01,1959,8,,7.78,,BANREP_SUAMECA,2026-03-25
1959-09-01,1959,9,,7.23,,BANREP_SUAMECA,2026-03-25
1959-10-01,1959,10,,7.14,,BANREP_SUAMECA,2026-03-25
1959-11-01,1959,11,,7.42,,BANREP_SUAMECA,2026-03-25
1959-12-01,1959,12,,7.81,,BANREP_SUAMECA,2026-03-25
1960-01-01,1960,1,,6.52,,BANREP_SUAMECA,2026-03-25
1960-02-01,1960,2,,5.24,,BANREP_SUAMECA,2026-03-25
1960-03-01,1960,3,,6.14,,BANREP_SUAMECA,2026-03-25
1960-04-01,1960,4,,5.49,,BANREP_SUAMECA,2026-03-25
1960-05-01,1960,5,,5.52,,BANREP_SUAMECA,2026-03-25
1960-06-01,1960,6,,4.93,,BANREP_SUAMECA,2026-03-25
1960-07-01,1960,7,,4.79,,BANREP_SUAMECA,2026-03-25
1960-08-01,1960,8,,4.96,,BANREP_SUAMECA,2026-03-25
1960-09-01,1960,9,,5.57,,BANREP_SUAMECA,2026-03-25
1960-10-01,1960,10,,6.12,,BANREP_SUAMECA,2026-03-25
1960-11-01,1960,11,,7.13,,BANREP_SUAMECA,2026-03-25
1960-12-01,1960,12,,7.35,,BANREP_SUAMECA,2026-03-25
1961-01-01,1961,1,,7.59,,BANREP_SUAMECA,2026-03-25
1961-02-01,1961,2,,8.36,,BANREP_SUAMECA,2026-03-25
1961-03-01,1961,3,,8.7,,BANREP_SUAMECA,2026-03-25
1961-04-01,1961,4,,9.87,,BANREP_SUAMECA,2026-03-25
1961-05-01,1961,5,,10.23,,BANREP_SUAMECA,2026-03-25
1961-06-01,1961,6,,10.27,,BANREP_SUAMECA,2026-03-25
1961-07-01,1961,7,,10.03,,BANREP_SUAMECA,2026-03-25
1961-08-01,1961,8,,8.4,,BANREP_SUAMECA,2026-03-25
1961-09-01,1961,9,,7.47,,BANREP_SUAMECA,2026-03-25
1961-10-01,1961,10,,6.81,,BANREP_SUAMECA,2026-03-25
1961-11-01,1961,11,,6.13,,BANREP_SUAMECA,2026-03-25
1961-12-01,1961,12,,5.74,,BANREP_SUAMECA,2026-03-25
1962-01-01,1962,1,,5.63,,BANREP_SUAMECA,2026-03-25
1962-02-01,1962,2,,5.29,,BANREP_SUAMECA,2026-03-25
1962-03-01,1962,3,,4.54,,BANREP_SUAMECA,2026-03-25
1962-04-01,1962,4,,3.66,,BANREP_SUAMECA,2026-03-25
1962-05-01,1962,5,,2.63,,BANREP_SUAMECA,2026-03-25
1962-06-01,1962,6,,2.57,,BANREP_SUAMECA,2026-03-25
1962-07-01,1962,7,,3.3,,BANREP_SUAMECA,2026-03-25
1962-08-01,1962,8,,4.55,,BANREP_SUAMECA,2026-03-25
1962-09-01,1962,9,,5.85,,BANREP_SUAMECA,2026-03-25
1962-10-01,1962,10,,6.01,,BANREP_SUAMECA,2026-03-25
1962-11-01,1962,11,,6.15,,BANREP_SUAMECA,2026-03-25
1962-12-01,1962,12,,6.3,,BANREP_SUAMECA,2026-03-25
1963-01-01,1963,1,,9.79,,BANREP_SUAMECA,2026-03-25
1963-02-01,1963,2,,16.34,,BANREP_SUAMECA,2026-03-25
1963-03-01,1963,3,,21.29,,BANREP_SUAMECA,2026-03-25
1963-04-01,1963,4,,25.08,,BANREP_SUAMECA,2026-03-25
1963-05-01,1963,5,,26.52,,BANREP_SUAMECA,2026-03-25
1963-06-01,1963,6,,29.24,,BANREP_SUAMECA,2026-03-25
1963-07-01,1963,7,,28.99,,BANREP_SUAMECA,2026-03-25
1963-08-01,1963,8,,29.28,,BANREP_SUAMECA,2026-03-25
1963-09-01,1963,9,,29.83,,BANREP_SUAMECA,2026-03-25
1963-10-01,1963,10,,31.55,,BANREP_SUAMECA,2026-03-25
1963-11-01,1963,11,,33.44,,BANREP_SUAMECA,2026-03-25
1963-12-01,1963,12,,33.6,,BANREP_SUAMECA,2026-03-25
1964-01-01,1964,1,,30.67,,BANREP_SUAMECA,2026-03-25
1964-02-01,1964,2,,23.88,,BANREP_SUAMECA,2026-03-25
1964-03-01,1964,3,,20.51,,BANREP_SUAMECA,2026-03-25
1964-04-01,1964,4,,18.18,,BANREP_SUAMECA,2026-03-25
1964-05-01,1964,5,,20.43,,BANREP_SUAMECA,2026-03-25
1964-06-01,1964,6,,19.58,,BANREP_SUAMECA,2026-03-25
1964-07-01,1964,7,,17.67,,BANREP_SUAMECA,2026-03-25
1964-08-01,1964,8,,15.63,,BANREP_SUAMECA,2026-03-25
1964-09-01,1964,9,,13.7,,BANREP_SUAMECA,2026-03-25
1964-10-01,1964,10,,11.01,,BANREP_SUAMECA,2026-03-25
1964-11-01,1964,11,,9.62,,BANREP_SUAMECA,2026-03-25
1964-12-01,1964,12,,8.8,,BANREP_SUAMECA,2026-03-25
1965-01-01,1965,1,,8.75,,BANREP_SUAMECA,2026-03-25
1965-02-01,1965,2,,7.1,,BANREP_SUAMECA,2026-03-25
1965-03-01,1965,3,,6.16,,BANREP_SUAMECA,2026-03-25
1965-04-01,1965,4,,5.57,,BANREP_SUAMECA,2026-03-25
1965-05-01,1965,5,,3.6,,BANREP_SUAMECA,2026-03-25
1965-06-01,1965,6,,3.61,,BANREP_SUAMECA,2026-03-25
1965-07-01,1965,7,,4.57,,BANREP_SUAMECA,2026-03-25
1965-08-01,1965,8,,6.37,,BANREP_SUAMECA,2026-03-25
1965-09-01,1965,9,,8.05,,BANREP_SUAMECA,2026-03-25
1965-10-01,1965,10,,11.23,,BANREP_SUAMECA,2026-03-25
1965-11-01,1965,11,,11.86,,BANREP_SUAMECA,2026-03-25
1965-12-01,1965,12,,14.44,,BANREP_SUAMECA,2026-03-25
1966-01-01,1966,1,,14.3,,BANREP_SUAMECA,2026-03-25
1966-02-01,1966,2,,16.9,,BANREP_SUAMECA,2026-03-25
1966-03-01,1966,3,,18.09,,BANREP_SUAMECA,2026-03-25
1966-04-01,1966,4,,19.51,,BANREP_SUAMECA,2026-03-25
1966-05-01,1966,5,,19.42,,BANREP_SUAMECA,2026-03-25
1966-06-01,1966,6,,17.56,,BANREP_SUAMECA,2026-03-25
1966-07-01,1966,7,,17.58,,BANREP_SUAMECA,2026-03-25
1966-08-01,1966,8,,17.04,,BANREP_SUAMECA,2026-03-25
1966-09-01,1966,9,,17.24,,BANREP_SUAMECA,2026-03-25
1966-10-01,1966,10,,16.0,,BANREP_SUAMECA,2026-03-25
1966-11-01,1966,11,,14.7,,BANREP_SUAMECA,2026-03-25
1966-12-01,1966,12,,12.86,,BANREP_SUAMECA,2026-03-25
1967-01-01,1967,1,,12.01,,BANREP_SUAMECA,2026-03-25
1967-02-01,1967,2,,11.09,,BANREP_SUAMECA,2026-03-25
1967-03-01,1967,3,,9.62,,BANREP_SUAMECA,2026-03-25
1967-04-01,1967,4,,6.87,,BANREP_SUAMECA,2026-03-25
1967-05-01,1967,5,,6.3,,BANREP_SUAMECA,2026-03-25
1967-06-01,1967,6,,8.24,,BANREP_SUAMECA,2026-03-25
1967-07-01,1967,7,,8.3,,BANREP_SUAMECA,2026-03-25
1967-08-01,1967,8,,8.4,,BANREP_SUAMECA,2026-03-25
1967-09-01,1967,9,,7.6,,BANREP_SUAMECA,2026-03-25
1967-10-01,1967,10,,7.28,,BANREP_SUAMECA,2026-03-25
1967-11-01,1967,11,,7.6,,BANREP_SUAMECA,2026-03-25
1967-12-01,1967,12,,7.17,,BANREP_SUAMECA,2026-03-25
1968-01-01,1968,1,,7.68,,BANREP_SUAMECA,2026-03-25
1968-02-01,1968,2,,7.18,,BANREP_SUAMECA,2026-03-25
1968-03-01,1968,3,,7.14,,BANREP_SUAMECA,2026-03-25
1968-04-01,1968,4,,8.48,,BANREP_SUAMECA,2026-03-25
1968-05-01,1968,5,,8.52,,BANREP_SUAMECA,2026-03-25
1968-06-01,1968,6,,7.04,,BANREP_SUAMECA,2026-03-25
1968-07-01,1968,7,,7.73,,BANREP_SUAMECA,2026-03-25
1968-08-01,1968,8,,7.65,,BANREP_SUAMECA,2026-03-25
1968-09-01,1968,9,,7.43,,BANREP_SUAMECA,2026-03-25
1968-10-01,1968,10,,6.97,,BANREP_SUAMECA,2026-03-25
1968-11-01,1968,11,,7.12,,BANREP_SUAMECA,2026-03-25
1968-12-01,1968,12,,6.51,,BANREP_SUAMECA,2026-03-25
1969-01-01,1969,1,,6.71,,BANREP_SUAMECA,2026-03-25
1969-02-01,1969,2,,6.41,,BANREP_SUAMECA,2026-03-25
1969-03-01,1969,3,,6.17,,BANREP_SUAMECA,2026-03-25
1969-04-01,1969,4,,6.18,,BANREP_SUAMECA,2026-03-25
1969-05-01,1969,5,,6.42,,BANREP_SUAMECA,2026-03-25
1969-06-01,1969,6,,6.58,,BANREP_SUAMECA,2026-03-25
1969-07-01,1969,7,,6.16,,BANREP_SUAMECA,2026-03-25
1969-08-01,1969,8,,6.81,,BANREP_SUAMECA,2026-03-25
1969-09-01,1969,9,,7.35,,BANREP_SUAMECA,2026-03-25
1969-10-01,1969,10,,8.37,,BANREP_SUAMECA,2026-03-25
1969-11-01,1969,11,,7.89,,BANREP_SUAMECA,2026-03-25
1969-12-01,1969,12,,8.63,,BANREP_SUAMECA,2026-03-25
1970-01-01,1970,1,,7.36,,BANREP_SUAMECA,2026-03-25
1970-02-01,1970,2,,7.69,,BANREP_SUAMECA,2026-03-25
1970-03-01,1970,3,,7.72,,BANREP_SUAMECA,2026-03-25
1970-04-01,1970,4,,7.43,,BANREP_SUAMECA,2026-03-25
1970-05-01,1970,5,,7.01,,BANREP_SUAMECA,2026-03-25
1970-06-01,1970,6,,7.56,,BANREP_SUAMECA,2026-03-25
1970-07-01,1970,7,,7.44,,BANREP_SUAMECA,2026-03-25
1970-08-01,1970,8,,6.43,,BANREP_SUAMECA,2026-03-25
1970-09-01,1970,9,,6.51,,BANREP_SUAMECA,2026-03-25
1970-10-01,1970,10,,5.22,,BANREP_SUAMECA,2026-03-25
1970-11-01,1970,11,,6.12,,BANREP_SUAMECA,2026-03-25
1970-12-01,1970,12,,6.58,,BANREP_SUAMECA,2026-03-25
1971-01-01,1971,1,,8.26,,BANREP_SUAMECA,2026-03-25
1971-02-01,1971,2,,9.15,,BANREP_SUAMECA,2026-03-25
1971-03-01,1971,3,,9.3,,BANREP_SUAMECA,2026-03-25
1971-04-01,1971,4,,9.78,,BANREP_SUAMECA,2026-03-25
1971-05-01,1971,5,,10.54,,BANREP_SUAMECA,2026-03-25
1971-06-01,1971,6,,10.0,,BANREP_SUAMECA,2026-03-25
1971-07-01,1971,7,,11.19,,BANREP_SUAMECA,2026-03-25
1971-08-01,1971,8,,13.03,,BANREP_SUAMECA,2026-03-25
1971-09-01,1971,9,,13.14,,BANREP_SUAMECA,2026-03-25
1971-10-01,1971,10,,14.65,,BANREP_SUAMECA,2026-03-25
1971-11-01,1971,11,,14.6,,BANREP_SUAMECA,2026-03-25
1971-12-01,1971,12,,14.03,,BANREP_SUAMECA,2026-03-25
1972-01-01,1972,1,,13.5,,BANREP_SUAMECA,2026-03-25
1972-02-01,1972,2,,13.84,,BANREP_SUAMECA,2026-03-25
1972-03-01,1972,3,,13.83,,BANREP_SUAMECA,2026-03-25
1972-04-01,1972,4,,13.46,,BANREP_SUAMECA,2026-03-25
1972-05-01,1972,5,,13.02,,BANREP_SUAMECA,2026-03-25
1972-06-01,1972,6,,13.57,,BANREP_SUAMECA,2026-03-25
1972-07-01,1972,7,,13.34,,BANREP_SUAMECA,2026-03-25
1972-08-01,1972,8,,12.9,,BANREP_SUAMECA,2026-03-25
1972-09-01,1972,9,,13.6,,BANREP_SUAMECA,2026-03-25
1972-10-01,1972,10,,14.24,,BANREP_SUAMECA,2026-03-25
1972-11-01,1972,11,,14.31,,BANREP_SUAMECA,2026-03-25
1972-12-01,1972,12,,13.99,,BANREP_SUAMECA,2026-03-25
1973-01-01,1973,1,,13.95,,BANREP_SUAMECA,2026-03-25
1973-02-01,1973,2,,14.94,,BANREP_SUAMECA,2026-03-25
1973-03-01,1973,3,,17.75,,BANREP_SUAMECA,2026-03-25
1973-04-01,1973,4,,20.09,,BANREP_SUAMECA,2026-03-25
1973-05-01,1973,5,,22.7,,BANREP_SUAMECA,2026-03-25
1973-06-01,1973,6,,23.77,,BANREP_SUAMECA,2026-03-25
1973-07-01,1973,7,,24.78,,BANREP_SUAMECA,2026-03-25
1973-08-01,1973,8,,23.44,,BANREP_SUAMECA,2026-03-25
1973-09-01,1973,9,,23.36,,BANREP_SUAMECA,2026-03-25
1973-10-01,1973,10,,21.64,,BANREP_SUAMECA,2026-03-25
1973-11-01,1973,11,,22.89,,BANREP_SUAMECA,2026-03-25
1973-12-01,1973,12,,24.08,,BANREP_SUAMECA,2026-03-25
1974-01-01,1974,1,,26.28,,BANREP_SUAMECA,2026-03-25
1974-02-01,1974,2,,26.91,,BANREP_SUAMECA,2026-03-25
1974-03-01,1974,3,,26.7,,BANREP_SUAMECA,2026-03-25
1974-04-01,1974,4,,25.73,,BANREP_SUAMECA,2026-03-25
1974-05-01,1974,5,,23.53,,BANREP_SUAMECA,2026-03-25
1974-06-01,1974,6,,22.45,,BANREP_SUAMECA,2026-03-25
1974-07-01,1974,7,,21.2,,BANREP_SUAMECA,2026-03-25
1974-08-01,1974,8,,22.06,,BANREP_SUAMECA,2026-03-25
1974-09-01,1974,9,,22.26,,BANREP_SUAMECA,2026-03-25
1974-10-01,1974,10,,26.7,,BANREP_SUAMECA,2026-03-25
1974-11-01,1974,11,,25.42,,BANREP_SUAMECA,2026-03-25
1974-12-01,1974,12,,26.35,,BANREP_SUAMECA,2026-03-25
1975-01-01,1975,1,,26.36,,BANREP_SUAMECA,2026-03-25
1975-02-01,1975,2,,25.29,,BANREP_SUAMECA,2026-03-25
1975-03-01,1975,3,,24.63,,BANREP_SUAMECA,2026-03-25
1975-04-01,1975,4,,24.39,,BANREP_SUAMECA,2026-03-25
1975-05-01,1975,5,,25.18,,BANREP_SUAMECA,2026-03-25
1975-06-01,1975,6,,24.8,,BANREP_SUAMECA,2026-03-25
1975-07-01,1975,7,,24.36,,BANREP_SUAMECA,2026-03-25
1975-08-01,1975,8,,23.99,,BANREP_SUAMECA,2026-03-25
1975-09-01,1975,9,,23.75,,BANREP_SUAMECA,2026-03-25
1975-10-01,1975,10,,19.91,,BANREP_SUAMECA,2026-03-25
1975-11-01,1975,11,,19.25,,BANREP_SUAMECA,2026-03-25
1975-12-01,1975,12,,17.77,,BANREP_SUAMECA,2026-03-25
1976-01-01,1976,1,,17.11,,BANREP_SUAMECA,2026-03-25
1976-02-01,1976,2,,17.86,,BANREP_SUAMECA,2026-03-25
1976-03-01,1976,3,,17.12,,BANREP_SUAMECA,2026-03-25
1976-04-01,1976,4,,16.35,,BANREP_SUAMECA,2026-03-25
1976-05-01,1976,5,,15.69,,BANREP_SUAMECA,2026-03-25
1976-06-01,1976,6,,17.73,,BANREP_SUAMECA,2026-03-25
1976-07-01,1976,7,,20.08,,BANREP_SUAMECA,2026-03-25
1976-08-01,1976,8,,21.82,,BANREP_SUAMECA,2026-03-25
1976-09-01,1976,9,,22.27,,BANREP_SUAMECA,2026-03-25
1976-10-01,1976,10,,23.04,,BANREP_SUAMECA,2026-03-25
1976-11-01,1976,11,,25.31,,BANREP_SUAMECA,2026-03-25
1976-12-01,1976,12,,25.76,,BANREP_SUAMECA,2026-03-25
1977-01-01,1977,1,,25.72,,BANREP_SUAMECA,2026-03-25
1977-02-01,1977,2,,27.53,,BANREP_SUAMECA,2026-03-25
1977-03-01,1977,3,,29.91,,BANREP_SUAMECA,2026-03-25
1977-04-01,1977,4,,36.63,,BANREP_SUAMECA,2026-03-25
1977-05-01,1977,5,,40.85,,BANREP_SUAMECA,2026-03-25
1977-06-01,1977,6,,41.65,,BANREP_SUAMECA,2026-03-25
1977-07-01,1977,7,,39.45,,BANREP_SUAMECA,2026-03-25
1977-08-01,1977,8,,37.01,,BANREP_SUAMECA,2026-03-25
1977-09-01,1977,9,,34.87,,BANREP_SUAMECA,2026-03-25
1977-10-01,1977,10,,32.4,,BANREP_SUAMECA,2026-03-25
1977-11-01,1977,11,,29.44,,BANREP_SUAMECA,2026-03-25
1977-12-01,1977,12,,28.71,,BANREP_SUAMECA,2026-03-25
1978-01-01,1978,1,,27.22,,BANREP_SUAMECA,2026-03-25
1978-02-01,1978,2,,24.36,,BANREP_SUAMECA,2026-03-25
1978-03-01,1978,3,,23.4,,BANREP_SUAMECA,2026-03-25
1978-04-01,1978,4,,17.08,,BANREP_SUAMECA,2026-03-25
1978-05-01,1978,5,,14.75,,BANREP_SUAMECA,2026-03-25
1978-06-01,1978,6,,14.13,,BANREP_SUAMECA,2026-03-25
1978-07-01,1978,7,,12.69,,BANREP_SUAMECA,2026-03-25
1978-08-01,1978,8,,13.21,,BANREP_SUAMECA,2026-03-25
1978-09-01,1978,9,,13.53,,BANREP_SUAMECA,2026-03-25
1978-10-01,1978,10,,16.16,,BANREP_SUAMECA,2026-03-25
1978-11-01,1978,11,,17.62,,BANREP_SUAMECA,2026-03-25
1978-12-01,1978,12,,18.42,,BANREP_SUAMECA,2026-03-25
1979-01-01,1979,1,,21.04,,BANREP_SUAMECA,2026-03-25
1979-02-01,1979,2,,21.49,,BANREP_SUAMECA,2026-03-25
1979-03-01,1979,3,,22.53,,BANREP_SUAMECA,2026-03-25
1979-04-01,1979,4,,22.79,,BANREP_SUAMECA,2026-03-25
1979-05-01,1979,5,,22.61,,BANREP_SUAMECA,2026-03-25
1979-06-01,1979,6,,21.57,,BANREP_SUAMECA,2026-03-25
1979-07-01,1979,7,,23.47,,BANREP_SUAMECA,2026-03-25
1979-08-01,1979,8,,25.51,,BANREP_SUAMECA,2026-03-25
1979-09-01,1979,9,,27.71,,BANREP_SUAMECA,2026-03-25
1979-10-01,1979,10,,26.87,,BANREP_SUAMECA,2026-03-25
1979-11-01,1979,11,,28.15,,BANREP_SUAMECA,2026-03-25
1979-12-01,1979,12,,28.8,,BANREP_SUAMECA,2026-03-25
1980-01-01,1980,1,,27.59,,BANREP_SUAMECA,2026-03-25
1980-02-01,1980,2,,26.62,,BANREP_SUAMECA,2026-03-25
1980-03-01,1980,3,,24.2,,BANREP_SUAMECA,2026-03-25
1980-04-01,1980,4,,26.64,,BANREP_SUAMECA,2026-03-25
1980-05-01,1980,5,,28.27,,BANREP_SUAMECA,2026-03-25
1980-06-01,1980,6,,27.72,,BANREP_SUAMECA,2026-03-25
1980-07-01,1980,7,,27.37,,BANREP_SUAMECA,2026-03-25
1980-08-01,1980,8,,26.13,,BANREP_SUAMECA,2026-03-25
1980-09-01,1980,9,,25.49,,BANREP_SUAMECA,2026-03-25
1980-10-01,1980,10,,26.52,,BANREP_SUAMECA,2026-03-25
1980-11-01,1980,11,,26.2,,BANREP_SUAMECA,2026-03-25
1980-12-01,1980,12,,25.85,,BANREP_SUAMECA,2026-03-25
1981-01-01,1981,1,,25.67,,BANREP_SUAMECA,2026-03-25
1981-02-01,1981,2,,28.0,,BANREP_SUAMECA,2026-03-25
1981-03-01,1981,3,,28.82,,BANREP_SUAMECA,2026-03-25
1981-04-01,1981,4,,27.05,,BANREP_SUAMECA,2026-03-25
1981-05-01,1981,5,,26.02,,BANREP_SUAMECA,2026-03-25
1981-06-01,1981,6,,27.87,,BANREP_SUAMECA,2026-03-25
1981-07-01,1981,7,,28.93,,BANREP_SUAMECA,2026-03-25
1981-08-01,1981,8,,29.52,,BANREP_SUAMECA,2026-03-25
1981-09-01,1981,9,,28.33,,BANREP_SUAMECA,2026-03-25
1981-10-01,1981,10,,27.1,,BANREP_SUAMECA,2026-03-25
1981-11-01,1981,11,,26.35,,BANREP_SUAMECA,2026-03-25
1981-12-01,1981,12,,26.36,,BANREP_SUAMECA,2026-03-25
1982-01-01,1982,1,,26.03,,BANREP_SUAMECA,2026-03-25
1982-02-01,1982,2,,25.1,,BANREP_SUAMECA,2026-03-25
1982-03-01,1982,3,,24.55,,BANREP_SUAMECA,2026-03-25
1982-04-01,1982,4,,24.77,,BANREP_SUAMECA,2026-03-25
1982-05-01,1982,5,,24.78,,BANREP_SUAMECA,2026-03-25
1982-06-01,1982,6,,24.19,,BANREP_SUAMECA,2026-03-25
1982-07-01,1982,7,,23.54,,BANREP_SUAMECA,2026-03-25
1982-08-01,1982,8,,23.46,,BANREP_SUAMECA,2026-03-25
1982-09-01,1982,9,,24.52,,BANREP_SUAMECA,2026-03-25
1982-10-01,1982,10,,25.26,,BANREP_SUAMECA,2026-03-25
1982-11-01,1982,11,,24.79,,BANREP_SUAMECA,2026-03-25
1982-12-01,1982,12,,24.03,,BANREP_SUAMECA,2026-03-25
1983-01-01,1983,1,,23.08,,BANREP_SUAMECA,2026-03-25
1983-02-01,1983,2,,21.88,,BANREP_SUAMECA,2026-03-25
1983-03-01,1983,3,,21.85,18.3,BANREP_SUAMECA,2026-03-25
1983-04-01,1983,4,,22.42,16.87,BANREP_SUAMECA,2026-03-25
1983-05-01,1983,5,,22.28,15.96,BANREP_SUAMECA,2026-03-25
1983-06-01,1983,6,,20.46,15.92,BANREP_SUAMECA,2026-03-25
1983-07-01,1983,7,,19.82,14.63,BANREP_SUAMECA,2026-03-25
1983-08-01,1983,8,,18.32,14.52,BANREP_SUAMECA,2026-03-25
1983-09-01,1983,9,,17.42,14.99,BANREP_SUAMECA,2026-03-25
1983-10-01,1983,10,,17.2,14.7,BANREP_SUAMECA,2026-03-25
1983-11-01,1983,11,,17.04,15.0,BANREP_SUAMECA,2026-03-25
1983-12-01,1983,12,,16.64,15.25,BANREP_SUAMECA,2026-03-25
1984-01-01,1984,1,,17.02,14.97,BANREP_SUAMECA,2026-03-25
1984-02-01,1984,2,,17.2,14.84,BANREP_SUAMECA,2026-03-25
1984-03-01,1984,3,,16.64,14.38,BANREP_SUAMECA,2026-03-25
1984-04-01,1984,4,,15.42,14.75,BANREP_SUAMECA,2026-03-25
1984-05-01,1984,5,,14.16,15.08,BANREP_SUAMECA,2026-03-25
1984-06-01,1984,6,,15.17,15.02,BANREP_SUAMECA,2026-03-25
1984-07-01,1984,7,,15.67,16.24,BANREP_SUAMECA,2026-03-25
1984-08-01,1984,8,,16.19,15.85,BANREP_SUAMECA,2026-03-25
1984-09-01,1984,9,,16.51,16.07,BANREP_SUAMECA,2026-03-25
1984-10-01,1984,10,,15.27,15.91,BANREP_SUAMECA,2026-03-25
1984-11-01,1984,11,,16.39,15.35,BANREP_SUAMECA,2026-03-25
1984-12-01,1984,12,,18.28,14.71,BANREP_SUAMECA,2026-03-25
1985-01-01,1985,1,,19.27,14.76,BANREP_SUAMECA,2026-03-25
1985-02-01,1985,2,,21.24,15.13,BANREP_SUAMECA,2026-03-25
1985-03-01,1985,3,,22.82,15.47,BANREP_SUAMECA,2026-03-25
1985-04-01,1985,4,,23.81,16.19,BANREP_SUAMECA,2026-03-25
1985-05-01,1985,5,,27.61,16.59,BANREP_SUAMECA,2026-03-25
1985-06-01,1985,6,,27.91,16.39,BANREP_SUAMECA,2026-03-25
1985-07-01,1985,7,,25.64,15.9,BANREP_SUAMECA,2026-03-25
1985-08-01,1985,8,,24.67,16.19,BANREP_SUAMECA,2026-03-25
1985-09-01,1985,9,,24.4,16.64,BANREP_SUAMECA,2026-03-25
1985-10-01,1985,10,,24.77,16.51,BANREP_SUAMECA,2026-03-25
1985-11-01,1985,11,,23.49,16.87,BANREP_SUAMECA,2026-03-25
1985-12-01,1985,12,,22.45,16.97,BANREP_SUAMECA,2026-03-25
1986-01-01,1986,1,,23.55,17.97,BANREP_SUAMECA,2026-03-25
1986-02-01,1986,2,,23.72,18.09,BANREP_SUAMECA,2026-03-25
1986-03-01,1986,3,,22.65,18.0,BANREP_SUAMECA,2026-03-25
1986-04-01,1986,4,,22.54,18.5,BANREP_SUAMECA,2026-03-25
1986-05-01,1986,5,,16.4,16.91,BANREP_SUAMECA,2026-03-25
1986-06-01,1986,6,,13.46,17.03,BANREP_SUAMECA,2026-03-25
1986-07-01,1986,7,,14.11,16.46,BANREP_SUAMECA,2026-03-25
1986-08-01,1986,8,,16.17,16.73,BANREP_SUAMECA,2026-03-25
1986-09-01,1986,9,,16.79,16.09,BANREP_SUAMECA,2026-03-25
1986-10-01,1986,10,,18.17,17.15,BANREP_SUAMECA,2026-03-25
1986-11-01,1986,11,,19.54,16.77,BANREP_SUAMECA,2026-03-25
1986-12-01,1986,12,,20.95,16.55,BANREP_SUAMECA,2026-03-25
1987-01-01,1987,1,,21.09,15.52,BANREP_SUAMECA,2026-03-25
1987-02-01,1987,2,,19.77,16.1,BANREP_SUAMECA,2026-03-25
1987-03-01,1987,3,,20.36,16.76,BANREP_SUAMECA,2026-03-25
1987-04-01,1987,4,,19.8,15.69,BANREP_SUAMECA,2026-03-25
1987-05-01,1987,5,,22.73,16.79,BANREP_SUAMECA,2026-03-25
1987-06-01,1987,6,,24.81,17.1,BANREP_SUAMECA,2026-03-25
1987-07-01,1987,7,,26.65,17.36,BANREP_SUAMECA,2026-03-25
1987-08-01,1987,8,,25.27,17.12,BANREP_SUAMECA,2026-03-25
1987-09-01,1987,9,,25.01,17.34,BANREP_SUAMECA,2026-03-25
1987-10-01,1987,10,,24.8,16.94,BANREP_SUAMECA,2026-03-25
1987-11-01,1987,11,,24.73,17.32,BANREP_SUAMECA,2026-03-25
1987-12-01,1987,12,,24.02,17.5,BANREP_SUAMECA,2026-03-25
1988-01-01,1988,1,,23.7,18.16,BANREP_SUAMECA,2026-03-25
1988-02-01,1988,2,,26.13,19.76,BANREP_SUAMECA,2026-03-25
1988-03-01,1988,3,,26.36,19.82,BANREP_SUAMECA,2026-03-25
1988-04-01,1988,4,,28.41,20.6,BANREP_SUAMECA,2026-03-25
1988-05-01,1988,5,,28.44,20.78,BANREP_SUAMECA,2026-03-25
1988-06-01,1988,6,,30.27,20.95,BANREP_SUAMECA,2026-03-25
1988-07-01,1988,7,,30.26,21.67,BANREP_SUAMECA,2026-03-25
1988-08-01,1988,8,,29.65,22.5,BANREP_SUAMECA,2026-03-25
1988-09-01,1988,9,,29.0,22.97,BANREP_SUAMECA,2026-03-25
1988-10-01,1988,10,,28.59,23.08,BANREP_SUAMECA,2026-03-25
1988-11-01,1988,11,,27.68,23.42,BANREP_SUAMECA,2026-03-25
1988-12-01,1988,12,,28.12,23.37,BANREP_SUAMECA,2026-03-25
1989-01-01,1989,1,,27.91,24.07,BANREP_SUAMECA,2026-03-25
1989-02-01,1989,2,,27.03,22.64,BANREP_SUAMECA,2026-03-25
1989-03-01,1989,3,,26.53,23.44,BANREP_SUAMECA,2026-03-25
1989-04-01,1989,4,,24.85,24.33,BANREP_SUAMECA,2026-03-25
1989-05-01,1989,5,,24.88,24.84,BANREP_SUAMECA,2026-03-25
1989-06-01,1989,6,,23.63,25.41,BANREP_SUAMECA,2026-03-25
1989-07-01,1989,7,,23.76,25.43,BANREP_SUAMECA,2026-03-25
1989-08-01,1989,8,,25.69,25.44,BANREP_SUAMECA,2026-03-25
1989-09-01,1989,9,,26.55,25.96,BANREP_SUAMECA,2026-03-25
1989-10-01,1989,10,,26.61,26.32,BANREP_SUAMECA,2026-03-25
1989-11-01,1989,11,,27.09,26.34,BANREP_SUAMECA,2026-03-25
1989-12-01,1989,12,,26.12,26.85,BANREP_SUAMECA,2026-03-25
1990-01-01,1990,1,,26.69,27.15,BANREP_SUAMECA,2026-03-25
1990-02-01,1990,2,,27.12,27.77,BANREP_SUAMECA,2026-03-25
1990-03-01,1990,3,,27.63,28.25,BANREP_SUAMECA,2026-03-25
1990-04-01,1990,4,,27.98,28.48,BANREP_SUAMECA,2026-03-25
1990-05-01,1990,5,,28.24,28.82,BANREP_SUAMECA,2026-03-25
1990-06-01,1990,6,,28.97,29.21,BANREP_SUAMECA,2026-03-25
1990-07-01,1990,7,,28.72,29.11,BANREP_SUAMECA,2026-03-25
1990-08-01,1990,8,,28.98,29.22,BANREP_SUAMECA,2026-03-25
1990-09-01,1990,9,,30.24,29.65,BANREP_SUAMECA,2026-03-25
1990-10-01,1990,10,,30.65,29.79,BANREP_SUAMECA,2026-03-25
1990-11-01,1990,11,,30.97,30.22,BANREP_SUAMECA,2026-03-25
1990-12-01,1990,12,,32.36,30.49,BANREP_SUAMECA,2026-03-25
1991-01-01,1991,1,22.0,31.98,30.31,BANREP_SUAMECA,2026-03-25
1991-02-01,1991,2,22.0,31.65,30.31,BANREP_SUAMECA,2026-03-25
1991-03-01,1991,3,22.0,31.18,30.08,BANREP_SUAMECA,2026-03-25
1991-04-01,1991,4,22.0,31.16,30.25,BANREP_SUAMECA,2026-03-25
1991-05-01,1991,5,22.0,31.49,30.26,BANREP_SUAMECA,2026-03-25
1991-06-01,1991,6,22.0,31.0,29.58,BANREP_SUAMECA,2026-03-25
1991-07-01,1991,7,22.0,31.6,29.36,BANREP_SUAMECA,2026-03-25
1991-08-01,1991,8,22.0,31.2,28.8,BANREP_SUAMECA,2026-03-25
1991-09-01,1991,9,22.0,30.01,28.22,BANREP_SUAMECA,2026-03-25
1991-10-01,1991,10,22.0,29.25,27.63,BANREP_SUAMECA,2026-03-25
1991-11-01,1991,11,22.0,28.22,26.97,BANREP_SUAMECA,2026-03-25
1991-12-01,1991,12,22.0,26.82,26.4,BANREP_SUAMECA,2026-03-25
1992-01-01,1992,1,22.0,27.43,26.25,BANREP_SUAMECA,2026-03-25
1992-02-01,1992,2,22.0,27.35,25.51,BANREP_SUAMECA,2026-03-25
1992-03-01,1992,3,22.0,27.08,24.86,BANREP_SUAMECA,2026-03-25
1992-04-01,1992,4,22.0,27.15,24.13,BANREP_SUAMECA,2026-03-25
1992-05-01,1992,5,22.0,27.3,23.63,BANREP_SUAMECA,2026-03-25
1992-06-01,1992,6,22.0,28.13,23.76,BANREP_SUAMECA,2026-03-25
1992-07-01,1992,7,22.0,28.36,23.75,BANREP_SUAMECA,2026-03-25
1992-08-01,1992,8,22.0,27.7,23.52,BANREP_SUAMECA,2026-03-25
1992-09-01,1992,9,22.0,26.92,23.19,BANREP_SUAMECA,2026-03-25
1992-10-01,1992,10,22.0,26.32,22.85,BANREP_SUAMECA,2026-03-25
1992-11-01,1992,11,22.0,25.7,22.65,BANREP_SUAMECA,2026-03-25
1992-12-01,1992,12,22.0,25.13,22.57,BANREP_SUAMECA,2026-03-25
1993-01-01,1993,1,22.0,24.82,23.12,BANREP_SUAMECA,2026-03-25
1993-02-01,1993,2,22.0,24.71,23.77,BANREP_SUAMECA,2026-03-25
1993-03-01,1993,3,22.0,24.18,24.09,BANREP_SUAMECA,2026-03-25
1993-04-01,1993,4,22.0,23.08,24.01,BANREP_SUAMECA,2026-03-25
1993-05-01,1993,5,22.0,22.21,24.32,BANREP_SUAMECA,2026-03-25
1993-06-01,1993,6,22.0,21.38,24.59,BANREP_SUAMECA,2026-03-25
1993-07-01,1993,7,22.0,20.46,24.8,BANREP_SUAMECA,2026-03-25
1993-08-01,1993,8,22.0,21.07,25.28,BANREP_SUAMECA,2026-03-25
1993-09-01,1993,9,22.0,21.43,25.25,BANREP_SUAMECA,2026-03-25
1993-10-01,1993,10,22.0,21.69,25.5,BANREP_SUAMECA,2026-03-25
1993-11-01,1993,11,22.0,22.37,25.62,BANREP_SUAMECA,2026-03-25
1993-12-01,1993,12,22.0,22.6,25.32,BANREP_SUAMECA,2026-03-25
1994-01-01,1994,1,19.0,22.5,24.96,BANREP_SUAMECA,2026-03-25
1994-02-01,1994,2,19.0,23.01,24.18,BANREP_SUAMECA,2026-03-25
1994-03-01,1994,3,19.0,23.41,24.08,BANREP_SUAMECA,2026-03-25
1994-04-01,1994,4,19.0,23.94,23.89,BANREP_SUAMECA,2026-03-25
1994-05-01,1994,5,19.0,23.86,23.39,BANREP_SUAMECA,2026-03-25
1994-06-01,1994,6,19.0,23.08,22.63,BANREP_SUAMECA,2026-03-25
1994-07-01,1994,7,19.0,22.69,22.24,BANREP_SUAMECA,2026-03-25
1994-08-01,1994,8,19.0,22.35,21.48,BANREP_SUAMECA,2026-03-25
1994-09-01,1994,9,19.0,22.31,21.45,BANREP_SUAMECA,2026-03-25
1994-10-01,1994,10,19.0,22.37,21.41,BANREP_SUAMECA,2026-03-25
1994-11-01,1994,11,19.0,22.16,21.17,BANREP_SUAMECA,2026-03-25
1994-12-01,1994,12,19.0,22.59,21.48,BANREP_SUAMECA,2026-03-25
1995-01-01,1995,1,18.0,21.04,21.39,BANREP_SUAMECA,2026-03-25
1995-02-01,1995,2,18.0,20.86,21.64,BANREP_SUAMECA,2026-03-25
1995-03-01,1995,3,18.0,21.33,21.66,BANREP_SUAMECA,2026-03-25
1995-04-01,1995,4,18.0,21.17,21.57,BANREP_SUAMECA,2026-03-25
1995-05-01,1995,5,18.0,21.3,21.54,BANREP_SUAMECA,2026-03-25
1995-06-01,1995,6,18.0,21.66,21.98,BANREP_SUAMECA,2026-03-25
1995-07-01,1995,7,18.0,21.5,22.03,BANREP_SUAMECA,2026-03-25
1995-08-01,1995,8,18.0,21.09,22.14,BANREP_SUAMECA,2026-03-25
1995-09-01,1995,9,18.0,20.79,21.7,BANREP_SUAMECA,2026-03-25
1995-10-01,1995,10,18.0,20.52,21.7,BANREP_SUAMECA,2026-03-25
1995-11-01,1995,11,18.0,20.13,21.47,BANREP_SUAMECA,2026-03-25
1995-12-01,1995,12,18.0,19.46,20.89,BANREP_SUAMECA,2026-03-25
1996-01-01,1996,1,17.0,20.24,20.83,BANREP_SUAMECA,2026-03-25
1996-02-01,1996,2,17.0,20.81,21.17,BANREP_SUAMECA,2026-03-25
1996-03-01,1996,3,17.0,20.2,20.87,BANREP_SUAMECA,2026-03-25
1996-04-01,1996,4,17.0,19.9,20.87,BANREP_SUAMECA,2026-03-25
1996-05-01,1996,5,17.0,19.78,20.98,BANREP_SUAMECA,2026-03-25
1996-06-01,1996,6,17.0,19.7,20.39,BANREP_SUAMECA,2026-03-25
1996-07-01,1996,7,17.0,20.57,20.32,BANREP_SUAMECA,2026-03-25
1996-08-01,1996,8,17.0,21.13,20.42,BANREP_SUAMECA,2026-03-25
1996-09-01,1996,9,17.0,21.55,20.54,BANREP_SUAMECA,2026-03-25
1996-10-01,1996,10,17.0,21.87,20.18,BANREP_SUAMECA,2026-03-25
1996-11-01,1996,11,17.0,21.88,19.87,BANREP_SUAMECA,2026-03-25
1996-12-01,1996,12,17.0,21.63,19.79,BANREP_SUAMECA,2026-03-25
1997-01-01,1997,1,18.0,20.62,19.31,BANREP_SUAMECA,2026-03-25
1997-02-01,1997,2,18.0,19.58,18.44,BANREP_SUAMECA,2026-03-25
1997-03-01,1997,3,18.0,18.93,18.31,BANREP_SUAMECA,2026-03-25
1997-04-01,1997,4,18.0,18.52,18.23,BANREP_SUAMECA,2026-03-25
1997-05-01,1997,5,18.0,18.6,17.83,BANREP_SUAMECA,2026-03-25
1997-06-01,1997,6,18.0,18.67,17.65,BANREP_SUAMECA,2026-03-25
1997-07-01,1997,7,18.0,17.88,17.08,BANREP_SUAMECA,2026-03-25
1997-08-01,1997,8,18.0,17.93,16.58,BANREP_SUAMECA,2026-03-25
1997-09-01,1997,9,18.0,18.01,16.4,BANREP_SUAMECA,2026-03-25
1997-10-01,1997,10,18.0,17.8,16.09,BANREP_SUAMECA,2026-03-25
1997-11-01,1997,11,18.0,17.81,16.18,BANREP_SUAMECA,2026-03-25
1997-12-01,1997,12,18.0,17.68,16.38,BANREP_SUAMECA,2026-03-25
1998-01-01,1998,1,16.0,17.84,16.14,BANREP_SUAMECA,2026-03-25
1998-02-01,1998,2,16.0,18.03,16.18,BANREP_SUAMECA,2026-03-25
1998-03-01,1998,3,16.0,19.24,15.79,BANREP_SUAMECA,2026-03-25
1998-04-01,1998,4,16.0,20.74,15.34,BANREP_SUAMECA,2026-03-25
1998-05-01,1998,5,16.0,20.67,15.14,BANREP_SUAMECA,2026-03-25
1998-06-01,1998,6,16.0,20.69,15.08,BANREP_SUAMECA,2026-03-25
1998-07-01,1998,7,16.0,20.27,15.4,BANREP_SUAMECA,2026-03-25
1998-08-01,1998,8,16.0,18.94,15.31,BANREP_SUAMECA,2026-03-25
1998-09-01,1998,9,16.0,17.8,15.13,BANREP_SUAMECA,2026-03-25
1998-10-01,1998,10,16.0,17.09,15.2,BANREP_SUAMECA,2026-03-25
1998-11-01,1998,11,16.0,16.35,14.96,BANREP_SUAMECA,2026-03-25
1998-12-01,1998,12,16.0,16.7,14.66,BANREP_SUAMECA,2026-03-25
1999-01-01,1999,1,15.0,17.18,14.87,BANREP_SUAMECA,2026-03-25
1999-02-01,1999,2,15.0,15.38,13.86,BANREP_SUAMECA,2026-03-25
1999-03-01,1999,3,15.0,13.51,13.39,BANREP_SUAMECA,2026-03-25
1999-04-01,1999,4,15.0,11.17,12.68,BANREP_SUAMECA,2026-03-25
1999-05-01,1999,5,15.0,9.98,11.64,BANREP_SUAMECA,2026-03-25
1999-06-01,1999,6,15.0,8.96,10.99,BANREP_SUAMECA,2026-03-25
1999-07-01,1999,7,15.0,8.78,10.21,BANREP_SUAMECA,2026-03-25
1999-08-01,1999,8,15.0,9.28,9.83,BANREP_SUAMECA,2026-03-25
1999-09-01,1999,9,15.0,9.33,9.24,BANREP_SUAMECA,2026-03-25
1999-10-01,1999,10,15.0,9.32,8.85,BANREP_SUAMECA,2026-03-25
1999-11-01,1999,11,15.0,9.65,8.65,BANREP_SUAMECA,2026-03-25
1999-12-01,1999,12,15.0,9.23,8.16,BANREP_SUAMECA,2026-03-25
2000-01-01,2000,1,10.0,8.25,7.6,BANREP_SUAMECA,2026-03-25
2000-02-01,2000,2,10.0,8.89,7.92,BANREP_SUAMECA,2026-03-25
2000-03-01,2000,3,10.0,9.73,7.99,BANREP_SUAMECA,2026-03-25
2000-04-01,2000,4,10.0,9.96,7.47,BANREP_SUAMECA,2026-03-25
2000-05-01,2000,5,10.0,10.0,7.68,BANREP_SUAMECA,2026-03-25
2000-06-01,2000,6,10.0,9.68,7.47,BANREP_SUAMECA,2026-03-25
2000-07-01,2000,7,10.0,9.29,7.43,BANREP_SUAMECA,2026-03-25
2000-08-01,2000,8,10.0,9.1,7.3,BANREP_SUAMECA,2026-03-25
2000-09-01,2000,9,10.0,9.2,7.52,BANREP_SUAMECA,2026-03-25
2000-10-01,2000,10,10.0,8.99,7.25,BANREP_SUAMECA,2026-03-25
2000-11-01,2000,11,10.0,8.82,7.04,BANREP_SUAMECA,2026-03-25
2000-12-01,2000,12,10.0,8.75,7.32,BANREP_SUAMECA,2026-03-25
2001-01-01,2001,1,8.0,8.49,6.99,BANREP_SUAMECA,2026-03-25
2001-02-01,2001,2,8.0,8.06,6.45,BANREP_SUAMECA,2026-03-25
2001-03-01,2001,3,8.0,7.81,6.03,BANREP_SUAMECA,2026-03-25
2001-04-01,2001,4,8.0,7.98,6.32,BANREP_SUAMECA,2026-03-25
2001-05-01,2001,5,8.0,7.87,6.01,BANREP_SUAMECA,2026-03-25
2001-06-01,2001,6,8.0,7.93,6.07,BANREP_SUAMECA,2026-03-25
2001-07-01,2001,7,8.0,8.09,5.95,BANREP_SUAMECA,2026-03-25
2001-08-01,2001,8,8.0,8.03,5.83,BANREP_SUAMECA,2026-03-25
2001-09-01,2001,9,8.0,7.97,5.58,BANREP_SUAMECA,2026-03-25
2001-10-01,2001,10,8.0,8.01,5.62,BANREP_SUAMECA,2026-03-25
2001-11-01,2001,11,8.0,7.78,5.63,BANREP_SUAMECA,2026-03-25
2001-12-01,2001,12,8.0,7.65,5.27,BANREP_SUAMECA,2026-03-25
2002-01-01,2002,1,6.0,7.37,5.31,BANREP_SUAMECA,2026-03-25
2002-02-01,2002,2,6.0,6.7,5.01,BANREP_SUAMECA,2026-03-25
2002-03-01,2002,3,6.0,5.89,4.85,BANREP_SUAMECA,2026-03-25
2002-04-01,2002,4,6.0,5.65,4.69,BANREP_SUAMECA,2026-03-25
2002-05-01,2002,5,6.0,5.84,4.67,BANREP_SUAMECA,2026-03-25
2002-06-01,2002,6,6.0,6.25,4.61,BANREP_SUAMECA,2026-03-25
2002-07-01,2002,7,6.0,6.16,4.62,BANREP_SUAMECA,2026-03-25
2002-08-01,2002,8,6.0,5.98,4.58,BANREP_SUAMECA,2026-03-25
2002-09-01,2002,9,6.0,5.97,4.54,BANREP_SUAMECA,2026-03-25
2002-10-01,2002,10,6.0,6.37,4.67,BANREP_SUAMECA,2026-03-25
2002-11-01,2002,11,6.0,7.07,4.9,BANREP_SUAMECA,2026-03-25
2002-12-01,2002,12,6.0,6.99,5.01,BANREP_SUAMECA,2026-03-25
2003-01-01,2003,1,5.5,7.39,5.36,BANREP_SUAMECA,2026-03-25
2003-02-01,2003,2,5.5,7.24,5.65,BANREP_SUAMECA,2026-03-25
2003-03-01,2003,3,5.5,7.6,5.83,BANREP_SUAMECA,2026-03-25
2003-04-01,2003,4,5.5,7.85,5.76,BANREP_SUAMECA,2026-03-25
2003-05-01,2003,5,5.5,7.73,5.83,BANREP_SUAMECA,2026-03-25
2003-06-01,2003,6,5.5,7.21,6.0,BANREP_SUAMECA,2026-03-25
2003-07-01,2003,7,5.5,7.04,5.91,BANREP_SUAMECA,2026-03-25
2003-08-01,2003,8,5.5,7.26,6.08,BANREP_SUAMECA,2026-03-25
2003-09-01,2003,9,5.5,7.11,6.15,BANREP_SUAMECA,2026-03-25
2003-10-01,2003,10,5.5,6.58,5.93,BANREP_SUAMECA,2026-03-25
2003-11-01,2003,11,5.5,6.13,5.68,BANREP_SUAMECA,2026-03-25
2003-12-01,2003,12,5.5,6.49,5.71,BANREP_SUAMECA,2026-03-25
2004-01-01,2004,1,5.5,6.19,5.4,BANREP_SUAMECA,2026-03-25
2004-02-01,2004,2,5.5,6.28,5.23,BANREP_SUAMECA,2026-03-25
2004-03-01,2004,3,5.5,6.21,5.05,BANREP_SUAMECA,2026-03-25
2004-04-01,2004,4,5.5,5.49,4.95,BANREP_SUAMECA,2026-03-25
2004-05-01,2004,5,5.5,5.37,4.79,BANREP_SUAMECA,2026-03-25
2004-06-01,2004,6,5.5,6.07,4.78,BANREP_SUAMECA,2026-03-25
2004-07-01,2004,7,5.5,6.19,4.86,BANREP_SUAMECA,2026-03-25
2004-08-01,2004,8,5.5,5.89,4.75,BANREP_SUAMECA,2026-03-25
2004-09-01,2004,9,5.5,5.97,4.72,BANREP_SUAMECA,2026-03-25
2004-10-01,2004,10,5.5,5.9,4.61,BANREP_SUAMECA,2026-03-25
2004-11-01,2004,11,5.5,5.82,4.6,BANREP_SUAMECA,2026-03-25
2004-12-01,2004,12,5.5,5.5,4.6,BANREP_SUAMECA,2026-03-25
2005-01-01,2005,1,5.0,5.43,4.36,BANREP_SUAMECA,2026-03-25
2005-02-01,2005,2,5.0,5.25,4.15,BANREP_SUAMECA,2026-03-25
2005-03-01,2005,3,5.0,5.03,3.92,BANREP_SUAMECA,2026-03-25
2005-04-01,2005,4,5.0,5.01,3.78,BANREP_SUAMECA,2026-03-25
2005-05-01,2005,5,5.0,5.04,3.79,BANREP_SUAMECA,2026-03-25
2005-06-01,2005,6,5.0,4.83,3.66,BANREP_SUAMECA,2026-03-25
2005-07-01,2005,7,5.0,4.91,3.6,BANREP_SUAMECA,2026-03-25
2005-08-01,2005,8,5.0,4.88,3.55,BANREP_SUAMECA,2026-03-25
2005-09-01,2005,9,5.0,5.02,3.64,BANREP_SUAMECA,2026-03-25
2005-10-01,2005,10,5.0,5.27,3.77,BANREP_SUAMECA,2026-03-25
2005-11-01,2005,11,5.0,5.1,3.8,BANREP_SUAMECA,2026-03-25
2005-12-01,2005,12,5.0,4.85,3.71,BANREP_SUAMECA,2026-03-25
2006-01-01,2006,1,4.5,4.56,3.63,BANREP_SUAMECA,2026-03-25
2006-02-01,2006,2,4.5,4.19,3.65,BANREP_SUAMECA,2026-03-25
2006-03-01,2006,3,4.5,4.11,3.63,BANREP_SUAMECA,2026-03-25
2006-04-01,2006,4,4.5,4.12,3.55,BANREP_SUAMECA,2026-03-25
2006-05-01,2006,5,4.5,4.04,3.61,BANREP_SUAMECA,2026-03-25
2006-06-01,2006,6,4.5,3.94,3.69,BANREP_SUAMECA,2026-03-25
2006-07-01,2006,7,4.5,4.32,3.73,BANREP_SUAMECA,2026-03-25
2006-08-01,2006,8,4.5,4.72,3.79,BANREP_SUAMECA,2026-03-25
2006-09-01,2006,9,4.5,4.58,3.7,BANREP_SUAMECA,2026-03-25
2006-10-01,2006,10,4.5,4.19,3.43,BANREP_SUAMECA,2026-03-25
2006-11-01,2006,11,4.5,4.31,3.63,BANREP_SUAMECA,2026-03-25
2006-12-01,2006,12,4.5,4.48,3.75,BANREP_SUAMECA,2026-03-25
2007-01-01,2007,1,4.0,4.71,4.05,BANREP_SUAMECA,2026-03-25
2007-02-01,2007,2,4.0,5.25,3.95,BANREP_SUAMECA,2026-03-25
2007-03-01,2007,3,4.0,5.78,3.99,BANREP_SUAMECA,2026-03-25
2007-04-01,2007,4,4.0,6.26,4.14,BANREP_SUAMECA,2026-03-25
2007-05-01,2007,5,4.0,6.23,4.12,BANREP_SUAMECA,2026-03-25
2007-06-01,2007,6,4.0,6.03,4.07,BANREP_SUAMECA,2026-03-25
2007-07-01,2007,7,4.0,5.77,4.13,BANREP_SUAMECA,2026-03-25
2007-08-01,2007,8,4.0,5.22,4.06,BANREP_SUAMECA,2026-03-25
2007-09-01,2007,9,4.0,5.0,4.0,BANREP_SUAMECA,2026-03-25
2007-10-01,2007,10,4.0,5.16,4.23,BANREP_SUAMECA,2026-03-25
2007-11-01,2007,11,4.0,5.41,4.22,BANREP_SUAMECA,2026-03-25
2007-12-01,2007,12,4.0,5.69,4.2,BANREP_SUAMECA,2026-03-25
2008-01-01,2008,1,4.0,6.0,4.19,BANREP_SUAMECA,2026-03-25
2008-02-01,2008,2,4.0,6.35,4.25,BANREP_SUAMECA,2026-03-25
2008-03-01,2008,3,4.0,5.93,4.23,BANREP_SUAMECA,2026-03-25
2008-04-01,2008,4,4.0,5.73,4.23,BANREP_SUAMECA,2026-03-25
2008-05-01,2008,5,4.0,6.39,4.25,BANREP_SUAMECA,2026-03-25
2008-06-01,2008,6,4.0,7.18,4.28,BANREP_SUAMECA,2026-03-25
2008-07-01,2008,7,4.0,7.52,4.16,BANREP_SUAMECA,2026-03-25
2008-08-01,2008,8,4.0,7.87,4.15,BANREP_SUAMECA,2026-03-25
2008-09-01,2008,9,4.0,7.57,4.14,BANREP_SUAMECA,2026-03-25
2008-10-01,2008,10,4.0,7.94,4.5,BANREP_SUAMECA,2026-03-25
2008-11-01,2008,11,4.0,7.73,4.24,BANREP_SUAMECA,2026-03-25
2008-12-01,2008,12,4.0,7.67,4.38,BANREP_SUAMECA,2026-03-25
2009-01-01,2009,1,5.0,7.18,4.24,BANREP_SUAMECA,2026-03-25
2009-02-01,2009,2,5.0,6.47,4.38,BANREP_SUAMECA,2026-03-25
2009-03-01,2009,3,5.0,6.14,4.34,BANREP_SUAMECA,2026-03-25
2009-04-01,2009,4,5.0,5.73,4.17,BANREP_SUAMECA,2026-03-25
2009-05-01,2009,5,5.0,4.77,4.09,BANREP_SUAMECA,2026-03-25
2009-06-01,2009,6,5.0,3.81,4.05,BANREP_SUAMECA,2026-03-25
2009-07-01,2009,7,5.0,3.28,4.08,BANREP_SUAMECA,2026-03-25
2009-08-01,2009,8,5.0,3.13,4.08,BANREP_SUAMECA,2026-03-25
2009-09-01,2009,9,5.0,3.21,3.98,BANREP_SUAMECA,2026-03-25
2009-10-01,2009,10,5.0,2.72,3.57,BANREP_SUAMECA,2026-03-25
2009-11-01,2009,11,5.0,2.37,3.46,BANREP_SUAMECA,2026-03-25
2009-12-01,2009,12,5.0,2.0,3.06,BANREP_SUAMECA,2026-03-25
2010-01-01,2010,1,3.0,2.1,2.98,BANREP_SUAMECA,2026-03-25
2010-02-01,2010,2,3.0,2.09,2.63,BANREP_SUAMECA,2026-03-25
2010-03-01,2010,3,3.0,1.84,2.26,BANREP_SUAMECA,2026-03-25
2010-04-01,2010,4,3.0,1.98,2.1,BANREP_SUAMECA,2026-03-25
2010-05-01,2010,5,3.0,2.07,2.09,BANREP_SUAMECA,2026-03-25
2010-06-01,2010,6,3.0,2.25,2.02,BANREP_SUAMECA,2026-03-25
2010-07-01,2010,7,3.0,2.24,1.89,BANREP_SUAMECA,2026-03-25
2010-08-01,2010,8,3.0,2.31,1.87,BANREP_SUAMECA,2026-03-25
2010-09-01,2010,9,3.0,2.28,1.89,BANREP_SUAMECA,2026-03-25
2010-10-01,2010,10,3.0,2.33,1.92,BANREP_SUAMECA,2026-03-25
2010-11-01,2010,11,3.0,2.59,1.95,BANREP_SUAMECA,2026-03-25
2010-12-01,2010,12,3.0,3.17,2.06,BANREP_SUAMECA,2026-03-25
2011-01-01,2011,1,3.0,3.4,2.04,BANREP_SUAMECA,2026-03-25
2011-02-01,2011,2,3.0,3.17,2.07,BANREP_SUAMECA,2026-03-25
2011-03-01,2011,3,3.0,3.19,2.12,BANREP_SUAMECA,2026-03-25
2011-04-01,2011,4,3.0,2.84,2.17,BANREP_SUAMECA,2026-03-25
2011-05-01,2011,5,3.0,3.02,2.17,BANREP_SUAMECA,2026-03-25
2011-06-01,2011,6,3.0,3.23,2.32,BANREP_SUAMECA,2026-03-25
2011-07-01,2011,7,3.0,3.42,2.39,BANREP_SUAMECA,2026-03-25
2011-08-01,2011,8,3.0,3.27,2.24,BANREP_SUAMECA,2026-03-25
2011-09-01,2011,9,3.0,3.73,2.31,BANREP_SUAMECA,2026-03-25
2011-10-01,2011,10,3.0,4.02,2.41,BANREP_SUAMECA,2026-03-25
2011-11-01,2011,11,3.0,3.96,2.57,BANREP_SUAMECA,2026-03-25
2011-12-01,2011,12,3.0,3.73,2.7,BANREP_SUAMECA,2026-03-25
2012-01-01,2012,1,3.0,3.54,2.72,BANREP_SUAMECA,2026-03-25
2012-02-01,2012,2,3.0,3.55,2.73,BANREP_SUAMECA,2026-03-25
2012-03-01,2012,3,3.0,3.4,2.74,BANREP_SUAMECA,2026-03-25
2012-04-01,2012,4,3.0,3.43,2.87,BANREP_SUAMECA,2026-03-25
2012-05-01,2012,5,3.0,3.44,2.86,BANREP_SUAMECA,2026-03-25
2012-06-01,2012,6,3.0,3.2,2.79,BANREP_SUAMECA,2026-03-25
2012-07-01,2012,7,3.0,3.03,2.82,BANREP_SUAMECA,2026-03-25
2012-08-01,2012,8,3.0,3.11,2.93,BANREP_SUAMECA,2026-03-25
2012-09-01,2012,9,3.0,3.08,2.99,BANREP_SUAMECA,2026-03-25
2012-10-01,2012,10,3.0,3.06,3.01,BANREP_SUAMECA,2026-03-25
2012-11-01,2012,11,3.0,2.77,2.9,BANREP_SUAMECA,2026-03-25
2012-12-01,2012,12,3.0,2.44,2.77,BANREP_SUAMECA,2026-03-25
2013-01-01,2013,1,3.0,2.0,2.61,BANREP_SUAMECA,2026-03-25
2013-02-01,2013,2,3.0,1.83,2.51,BANREP_SUAMECA,2026-03-25
2013-03-01,2013,3,3.0,1.91,2.65,BANREP_SUAMECA,2026-03-25
2013-04-01,2013,4,3.0,2.02,2.57,BANREP_SUAMECA,2026-03-25
2013-05-01,2013,5,3.0,2.0,2.57,BANREP_SUAMECA,2026-03-25
2013-06-01,2013,6,3.0,2.16,2.64,BANREP_SUAMECA,2026-03-25
2013-07-01,2013,7,3.0,2.22,2.76,BANREP_SUAMECA,2026-03-25
2013-08-01,2013,8,3.0,2.27,2.76,BANREP_SUAMECA,2026-03-25
2013-09-01,2013,9,3.0,2.27,2.73,BANREP_SUAMECA,2026-03-25
2013-10-01,2013,10,3.0,1.84,2.66,BANREP_SUAMECA,2026-03-25
2013-11-01,2013,11,3.0,1.76,2.67,BANREP_SUAMECA,2026-03-25
2013-12-01,2013,12,3.0,1.94,2.73,BANREP_SUAMECA,2026-03-25
2014-01-01,2014,1,3.0,2.13,2.72,BANREP_SUAMECA,2026-03-25
2014-02-01,2014,2,3.0,2.32,2.81,BANREP_SUAMECA,2026-03-25
2014-03-01,2014,3,3.0,2.51,2.81,BANREP_SUAMECA,2026-03-25
2014-04-01,2014,4,3.0,2.72,2.86,BANREP_SUAMECA,2026-03-25
2014-05-01,2014,5,3.0,2.93,2.97,BANREP_SUAMECA,2026-03-25
2014-06-01,2014,6,3.0,2.79,2.84,BANREP_SUAMECA,2026-03-25
2014-07-01,2014,7,3.0,2.89,2.53,BANREP_SUAMECA,2026-03-25
2014-08-01,2014,8,3.0,3.02,2.58,BANREP_SUAMECA,2026-03-25
2014-09-01,2014,9,3.0,2.86,2.54,BANREP_SUAMECA,2026-03-25
2014-10-01,2014,10,3.0,3.29,2.6,BANREP_SUAMECA,2026-03-25
2014-11-01,2014,11,3.0,3.65,2.61,BANREP_SUAMECA,2026-03-25
2014-12-01,2014,12,3.0,3.66,2.82,BANREP_SUAMECA,2026-03-25
2015-01-01,2015,1,3.0,3.82,2.98,BANREP_SUAMECA,2026-03-25
2015-02-01,2015,2,3.0,4.36,3.32,BANREP_SUAMECA,2026-03-25
2015-03-01,2015,3,3.0,4.56,3.46,BANREP_SUAMECA,2026-03-25
2015-04-01,2015,4,3.0,4.64,3.69,BANREP_SUAMECA,2026-03-25
2015-05-01,2015,5,3.0,4.41,3.8,BANREP_SUAMECA,2026-03-25
2015-06-01,2015,6,3.0,4.42,4.05,BANREP_SUAMECA,2026-03-25
2015-07-01,2015,7,3.0,4.46,4.24,BANREP_SUAMECA,2026-03-25
2015-08-01,2015,8,3.0,4.74,4.47,BANREP_SUAMECA,2026-03-25
2015-09-01,2015,9,3.0,5.35,4.89,BANREP_SUAMECA,2026-03-25
2015-10-01,2015,10,3.0,5.89,5.2,BANREP_SUAMECA,2026-03-25
2015-11-01,2015,11,3.0,6.39,5.46,BANREP_SUAMECA,2026-03-25
2015-12-01,2015,12,3.0,6.77,5.5,BANREP_SUAMECA,2026-03-25
2016-01-01,2016,1,3.0,7.45,5.83,BANREP_SUAMECA,2026-03-25
2016-02-01,2016,2,3.0,7.59,5.87,BANREP_SUAMECA,2026-03-25
2016-03-01,2016,3,3.0,7.98,6.09,BANREP_SUAMECA,2026-03-25
2016-04-01,2016,4,3.0,7.93,6.26,BANREP_SUAMECA,2026-03-25
2016-05-01,2016,5,3.0,8.2,6.31,BANREP_SUAMECA,2026-03-25
2016-06-01,2016,6,3.0,8.6,6.41,BANREP_SUAMECA,2026-03-25
2016-07-01,2016,7,3.0,8.97,6.51,BANREP_SUAMECA,2026-03-25
2016-08-01,2016,8,3.0,8.1,6.47,BANREP_SUAMECA,2026-03-25
2016-09-01,2016,9,3.0,7.27,6.27,BANREP_SUAMECA,2026-03-25
2016-10-01,2016,10,3.0,6.48,5.92,BANREP_SUAMECA,2026-03-25
2016-11-01,2016,11,3.0,5.96,5.61,BANREP_SUAMECA,2026-03-25
2016-12-01,2016,12,3.0,5.75,5.48,BANREP_SUAMECA,2026-03-25
2017-01-01,2017,1,3.0,5.47,5.62,BANREP_SUAMECA,2026-03-25
2017-02-01,2017,2,3.0,5.18,5.79,BANREP_SUAMECA,2026-03-25
2017-03-01,2017,3,3.0,4.69,5.81,BANREP_SUAMECA,2026-03-25
2017-04-01,2017,4,3.0,4.66,5.55,BANREP_SUAMECA,2026-03-25
2017-05-01,2017,5,3.0,4.37,5.34,BANREP_SUAMECA,2026-03-25
2017-06-01,2017,6,3.0,3.99,5.13,BANREP_SUAMECA,2026-03-25
2017-07-01,2017,7,3.0,3.4,4.92,BANREP_SUAMECA,2026-03-25
2017-08-01,2017,8,3.0,3.87,4.69,BANREP_SUAMECA,2026-03-25
2017-09-01,2017,9,3.0,3.97,4.5,BANREP_SUAMECA,2026-03-25
2017-10-01,2017,10,3.0,4.05,4.47,BANREP_SUAMECA,2026-03-25
2017-11-01,2017,11,3.0,4.12,4.59,BANREP_SUAMECA,2026-03-25
2017-12-01,2017,12,3.0,4.09,4.67,BANREP_SUAMECA,2026-03-25
2018-01-01,2018,1,3.0,3.68,4.19,BANREP_SUAMECA,2026-03-25
2018-02-01,2018,2,3.0,3.37,3.67,BANREP_SUAMECA,2026-03-25
2018-03-01,2018,3,3.0,3.14,3.28,BANREP_SUAMECA,2026-03-25
2018-04-01,2018,4,3.0,3.13,3.07,BANREP_SUAMECA,2026-03-25
2018-05-01,2018,5,3.0,3.16,3.06,BANREP_SUAMECA,2026-03-25
2018-06-01,2018,6,3.0,3.2,2.99,BANREP_SUAMECA,2026-03-25
2018-07-01,2018,7,3.0,3.12,2.94,BANREP_SUAMECA,2026-03-25
2018-08-01,2018,8,3.0,3.1,2.94,BANREP_SUAMECA,2026-03-25
2018-09-01,2018,9,3.0,3.23,2.87,BANREP_SUAMECA,2026-03-25
2018-10-01,2018,10,3.0,3.33,2.88,BANREP_SUAMECA,2026-03-25
2018-11-01,2018,11,3.0,3.27,2.75,BANREP_SUAMECA,2026-03-25
2018-12-01,2018,12,3.0,3.18,2.57,BANREP_SUAMECA,2026-03-25
2019-01-01,2019,1,3.0,3.15,2.58,BANREP_SUAMECA,2026-03-25
2019-02-01,2019,2,3.0,3.01,2.51,BANREP_SUAMECA,2026-03-25
2019-03-01,2019,3,3.0,3.21,2.41,BANREP_SUAMECA,2026-03-25
2019-04-01,2019,4,3.0,3.25,2.66,BANREP_SUAMECA,2026-03-25
2019-05-01,2019,5,3.0,3.31,2.65,BANREP_SUAMECA,2026-03-25
2019-06-01,2019,6,3.0,3.43,2.65,BANREP_SUAMECA,2026-03-25
2019-07-01,2019,7,3.0,3.79,2.77,BANREP_SUAMECA,2026-03-25
2019-08-01,2019,8,3.0,3.75,2.86,BANREP_SUAMECA,2026-03-25
2019-09-01,2019,9,3.0,3.82,2.92,BANREP_SUAMECA,2026-03-25
2019-10-01,2019,10,3.0,3.86,2.93,BANREP_SUAMECA,2026-03-25
2019-11-01,2019,11,3.0,3.84,2.99,BANREP_SUAMECA,2026-03-25
2019-12-01,2019,12,3.0,3.8,3.1,BANREP_SUAMECA,2026-03-25
2020-01-01,2020,1,3.0,3.62,3.04,BANREP_SUAMECA,2026-03-25
2020-02-01,2020,2,3.0,3.72,3.0,BANREP_SUAMECA,2026-03-25
2020-03-01,2020,3,3.0,3.86,2.99,BANREP_SUAMECA,2026-03-25
2020-04-01,2020,4,3.0,3.51,2.51,BANREP_SUAMECA,2026-03-25
2020-05-01,2020,5,3.0,2.85,2.03,BANREP_SUAMECA,2026-03-25
2020-06-01,2020,6,3.0,2.19,1.65,BANREP_SUAMECA,2026-03-25
2020-07-01,2020,7,3.0,1.97,1.66,BANREP_SUAMECA,2026-03-25
2020-08-01,2020,8,3.0,1.88,1.57,BANREP_SUAMECA,2026-03-25
2020-09-01,2020,9,3.0,1.97,1.67,BANREP_SUAMECA,2026-03-25
2020-10-01,2020,10,3.0,1.75,1.55,BANREP_SUAMECA,2026-03-25
2020-11-01,2020,11,3.0,1.49,1.13,BANREP_SUAMECA,2026-03-25
2020-12-01,2020,12,3.0,1.61,1.11,BANREP_SUAMECA,2026-03-25
2021-01-01,2021,1,3.0,1.6,0.87,BANREP_SUAMECA,2026-03-25
2021-02-01,2021,2,3.0,1.56,0.96,BANREP_SUAMECA,2026-03-25
2021-03-01,2021,3,3.0,1.51,0.94,BANREP_SUAMECA,2026-03-25
2021-04-01,2021,4,3.0,1.95,1.24,BANREP_SUAMECA,2026-03-25
2021-05-01,2021,5,3.0,3.3,1.56,BANREP_SUAMECA,2026-03-25
2021-06-01,2021,6,3.0,3.63,1.87,BANREP_SUAMECA,2026-03-25
2021-07-01,2021,7,3.0,3.97,2.05,BANREP_SUAMECA,2026-03-25
2021-08-01,2021,8,3.0,4.44,2.32,BANREP_SUAMECA,2026-03-25
2021-09-01,2021,9,3.0,4.51,2.28,BANREP_SUAMECA,2026-03-25
2021-10-01,2021,10,3.0,4.58,2.02,BANREP_SUAMECA,2026-03-25
2021-11-01,2021,11,3.0,5.26,2.54,BANREP_SUAMECA,2026-03-25
2021-12-01,2021,12,3.0,5.62,2.49,BANREP_SUAMECA,2026-03-25
2022-01-01,2022,1,3.0,6.94,3.47,BANREP_SUAMECA,2026-03-25
2022-02-01,2022,2,3.0,8.01,4.11,BANREP_SUAMECA,2026-03-25
2022-03-01,2022,3,3.0,8.53,4.51,BANREP_SUAMECA,2026-03-25
2022-04-01,2022,4,3.0,9.23,5.26,BANREP_SUAMECA,2026-03-25
2022-05-01,2022,5,3.0,9.07,5.87,BANREP_SUAMECA,2026-03-25
2022-06-01,2022,6,3.0,9.67,6.06,BANREP_SUAMECA,2026-03-25
2022-07-01,2022,7,3.0,10.21,6.43,BANREP_SUAMECA,2026-03-25
2022-08-01,2022,8,3.0,10.84,6.89,BANREP_SUAMECA,2026-03-25
2022-09-01,2022,9,3.0,11.44,7.49,BANREP_SUAMECA,2026-03-25
2022-10-01,2022,10,3.0,12.22,8.38,BANREP_SUAMECA,2026-03-25
2022-11-01,2022,11,3.0,12.53,8.82,BANREP_SUAMECA,2026-03-25
2022-12-01,2022,12,3.0,13.12,9.51,BANREP_SUAMECA,2026-03-25
2023-01-01,2023,1,3.0,13.25,9.78,BANREP_SUAMECA,2026-03-25
2023-02-01,2023,2,3.0,13.28,10.04,BANREP_SUAMECA,2026-03-25
2023-03-01,2023,3,3.0,13.34,10.51,BANREP_SUAMECA,2026-03-25
2023-04-01,2023,4,3.0,12.82,10.48,BANREP_SUAMECA,2026-03-25
2023-05-01,2023,5,3.0,12.36,10.46,BANREP_SUAMECA,2026-03-25
2023-06-01,2023,6,3.0,12.13,10.51,BANREP_SUAMECA,2026-03-25
2023-07-01,2023,7,3.0,11.78,10.22,BANREP_SUAMECA,2026-03-25
2023-08-01,2023,8,3.0,11.43,9.92,BANREP_SUAMECA,2026-03-25
2023-09-01,2023,9,3.0,10.99,9.51,BANREP_SUAMECA,2026-03-25
2023-10-01,2023,10,3.0,10.48,9.2,BANREP_SUAMECA,2026-03-25
2023-11-01,2023,11,3.0,10.15,8.86,BANREP_SUAMECA,2026-03-25
2023-12-01,2023,12,3.0,9.28,8.42,BANREP_SUAMECA,2026-03-25
2024-01-01,2024,1,3.0,8.35,7.81,BANREP_SUAMECA,2026-03-25
2024-02-01,2024,2,3.0,7.74,7.26,BANREP_SUAMECA,2026-03-25
2024-03-01,2024,3,3.0,7.36,6.77,BANREP_SUAMECA,2026-03-25
2024-04-01,2024,4,3.0,7.16,6.37,BANREP_SUAMECA,2026-03-25
2024-05-01,2024,5,3.0,7.16,6.13,BANREP_SUAMECA,2026-03-25
2024-06-01,2024,6,3.0,7.18,6.01,BANREP_SUAMECA,2026-03-25
2024-07-01,2024,7,3.0,6.86,5.81,BANREP_SUAMECA,2026-03-25
2024-08-01,2024,8,3.0,6.12,5.51,BANREP_SUAMECA,2026-03-25
2024-09-01,2024,9,3.0,5.81,5.49,BANREP_SUAMECA,2026-03-25
2024-10-01,2024,10,3.0,5.41,5.35,BANREP_SUAMECA,2026-03-25
2024-11-01,2024,11,3.0,5.2,5.37,BANREP_SUAMECA,2026-03-25
2024-12-01,2024,12,3.0,5.2,5.15,BANREP_SUAMECA,2026-03-25
2025-01-01,2025,1,3.0,5.22,5.02,BANREP_SUAMECA,2026-03-25
2025-02-01,2025,2,3.0,5.28,4.9,BANREP_SUAMECA,2026-03-25
2025-03-01,2025,3,3.0,5.09,4.84,BANREP_SUAMECA,2026-03-25
2025-04-01,2025,4,3.0,5.16,4.9,BANREP_SUAMECA,2026-03-25
2025-05-01,2025,5,3.0,5.05,4.77,BANREP_SUAMECA,2026-03-25
2025-06-01,2025,6,3.0,4.82,4.77,BANREP_SUAMECA,2026-03-25
2025-07-01,2025,7,3.0,4.9,4.8,BANREP_SUAMECA,2026-03-25
2025-08-01,2025,8,3.0,5.1,4.82,BANREP_SUAMECA,2026-03-25
2025-09-01,2025,9,3.0,5.18,4.83,BANREP_SUAMECA,2026-03-25
2025-10-01,2025,10,3.0,5.51,4.99,BANREP_SUAMECA,2026-03-25
2025-11-01,2025,11,3.0,5.3,4.85,BANREP_SUAMECA,2026-03-25
2025-12-01,2025,12,3.0,5.1,5.02,BANREP_SUAMECA,2026-03-25
2026-01-01,2026,1,3.0,5.35,5.39,BANREP_SUAMECA,2026-03-25
2026-02-01,2026,2,3.0,5.29,5.51,BANREP_SUAMECA,2026-03-25
2026-03-01,2026,3,3.0,,,BANREP_SUAMECA,2026-03-25
2026-04-01,2026,4,3.0,,,BANREP_SUAMECA,2026-03-25
2026-05-01,2026,5,3.0,,,BANREP_SUAMECA,2026-03-25
2026-06-01,2026,6,3.0,,,BANREP_SUAMECA,2026-03-25
2026-07-01,2026,7,3.0,,,BANREP_SUAMECA,2026-03-25
2026-08-01,2026,8,3.0,,,BANREP_SUAMECA,2026-03-25
2026-09-01,2026,9,3.0,,,BANREP_SUAMECA,2026-03-25
2026-10-01,2026,10,3.0,,,BANREP_SUAMECA,2026-03-25
2026-11-01,2026,11,3.0,,,BANREP_SUAMECA,2026-03-25
2026-12-01,2026,12,3.0,,,BANREP_SUAMECA,2026-03-25