date,year,month,unemployment_rate,ipc_index,Inf_Goal,Inf_Rate,Core_Inf,brent_usd_per_barrel,capacity_utilization,TES_UVR_1Y,TES_PESOS_1Y
1955-07-01,1955,7,,,,-0.87,,,,,
1955-08-01,1955,8,,,,-0.01,,,,,
1955-09-01,1955,9,,,,0.84,,,,,
1955-10-01,1955,10,,,,0.77,,,,,
1955-11-01,1955,11,,,,1.44,,,,,
1955-12-01,1955,12,,,,2.03,,,,,
1956-01-01,1956,1,,,,2.1,,,,,
1956-02-01,1956,2,,,,2.57,,,,,
1956-03-01,1956,3,,,,3.1,,,,,
1956-04-01,1956,4,,,,3.04,,,,,
1956-05-01,1956,5,,,,4.25,,,,,
1956-06-01,1956,6,,,,5.28,,,,,
1956-07-01,1956,7,,,,6.36,,,,,
1956-08-01,1956,8,,,,5.76,,,,,
1956-09-01,1956,9,,,,7.26,,,,,
1956-10-01,1956,10,,,,8.31,,,,,
1956-11-01,1956,11,,,,8.83,,,,,
1956-12-01,1956,12,,,,7.91,,,,,
1957-01-01,1957,1,,,,9.3,,,,,
1957-02-01,1957,2,,,,10.3,,,,,
1957-03-01,1957,3,,,,11.21,,,,,
1957-04-01,1957,4,,,,12.97,,,,,
1957-05-01,1957,5,,,,13.58,,,,,
1957-06-01,1957,6,,,,17.15,,,,,
1957-07-01,1957,7,,,,19.39,,,,,
1957-08-01,1957,8,,,,21.43,,,,,
1957-09-01,1957,9,,,,20.93,,,,,
1957-10-01,1957,10,,,,21.17,,,,,
1957-11-01,1957,11,,,,19.84,,,,,
1957-12-01,1957,12,,,,20.69,,,,,
1958-01-01,1958,1,,,,19.46,,,,,
1958-02-01,1958,2,,,,18.05,,,,,
1958-03-01,1958,3,,,,17.86,,,,,
1958-04-01,1958,4,,,,17.24,,,,,
1958-05-01,1958,5,,,,18.06,,,,,
1958-06-01,1958,6,,,,13.9,,,,,
1958-07-01,1958,7,,,,10.99,,,,,
1958-08-01,1958,8,,,,10.47,,,,,
1958-09-01,1958,9,,,,10.14,,,,,
1958-10-01,1958,10,,,,8.92,,,,,
1958-11-01,1958,11,,,,8.54,,,,,
1958-12-01,1958,12,,,,7.98,,,,,
1959-01-01,1959,1,,,,9.47,,,,,
1959-02-01,1959,2,,,,10.34,,,,,
1959-03-01,1959,3,,,,9.09,,,,,
1959-04-01,1959,4,,,,8.96,,,,,
1959-05-01,1959,5,,,,7.62,,,,,
1959-06-01,1959,6,,,,7.87,,,,,
1959-07-01,1959,7,,,,8.41,,,,,
1959-08-01,1959,8,,,,7.78,,,,,
1959-09-01,1959,9,,,,7.23,,,,,
1959-10-01,1959,10,,,,7.14,,,,,
1959-11-01,1959,11,,,,7.42,,,,,
1959-12-01,1959,12,,,,7.81,,,,,
1960-01-01,1960,1,,,,6.52,,,,,
1960-02-01,1960,2,,,,5.24,,,,,
1960-03-01,1960,3,,,,6.14,,,,,
1960-04-01,1960,4,,,,5.49,,,,,
1960-05-01,1960,5,,,,5.52,,,,,
1960-06-01,1960,6,,,,4.93,,,,,
1960-07-01,1960,7,,,,4.79,,,,,
1960-08-01,1960,8,,,,4.96,,,,,
1960-09-01,1960,9,,,,5.57,,,,,
1960-10-01,1960,10,,,,6.12,,,,,
1960-11-01,1960,11,,,,7.13,,,,,
1960-12-01,1960,12,,,,7.35,,,,,
1961-01-01,1961,1,,,,7.59,,,,,
1961-02-01,1961,2,,,,8.36,,,,,
1961-03-01,1961,3,,,,8.7,,,,,
1961-04-01,1961,4,,,,9.87,,,,,
1961-05-01,1961,5,,,,10.23,,,,,
1961-06-01,1961,6,,,,10.27,,,,,
1961-07-01,1961,7,,,,10.03,,,,,
1961-08-01,1961,8,,,,8.4,,,,,
1961-09-01,1961,9,,,,7.47,,,,,
1961-10-01,1961,10,,,,6.81,,,,,
1961-11-01,1961,11,,,,6.13,,,,,
1961-12-01,1961,12,,,,5.74,,,,,
1962-01-01,1962,1,,,,5.63,,,,,
1962-02-01,1962,2,,,,5.29,,,,,
1962-03-01,1962,3,,,,4.54,,,,,
1962-04-01,1962,4,,,,3.66,,,,,
1962-05-01,1962,5,,,,2.63,,,,,
1962-06-01,1962,6,,,,2.57,,,,,
1962-07-01,1962,7,,,,3.3,,,,,
1962-08-01,1962,8,,,,4.55,,,,,
1962-09-01,1962,9,,,,5.85,,,,,
1962-10-01,1962,10,,,,6.01,,,,,
1962-11-01,1962,11,,,,6.15,,,,,
1962-12-01,1962,12,,,,6.3,,,,,
1963-01-01,1963,1,,,,9.79,,,,,
1963-02-01,1963,2,,,,16.34,,,,,
1963-03-01,1963,3,,,,21.29,,,,,
1963-04-01,1963,4,,,,25.08,,,,,
1963-05-01,1963,5,,,,26.52,,,,,
1963-06-01,1963,6,,,,29.24,,,,,
1963-07-01,1963,7,,,,28.99,,,,,
1963-08-01,1963,8,,,,29.28,,,,,
1963-09-01,1963,9,,,,29.83,,,,,
1963-10-01,1963,10,,,,31.55,,,,,
1963-11-01,1963,11,,,,33.44,,,,,
1963-12-01,1963,12,,,,33.6,,,,,
1964-01-01,1964,1,,,,30.67,,,,,
1964-02-01,1964,2,,,,23.88,,,,,
1964-03-01,1964,3,,,,20.51,,,,,
1964-04-01,1964,4,,,,18.18,,,,,
1964-05-01,1964,5,,,,20.43,,,,,
1964-06-01,1964,6,,,,19.58,,,,,
1964-07-01,1964,7,,,,17.67,,,,,
1964-08-01,1964,8,,,,15.63,,,,,
1964-09-01,1964,9,,,,13.7,,,,,
1964-10-01,1964,10,,,,11.01,,,,,
1964-11-01,1964,11,,,,9.62,,,,,
1964-12-01,1964,12,,,,8.8,,,,,
1965-01-01,1965,1,,,,8.75,,,,,
1965-02-01,1965,2,,,,7.1,,,,,
1965-03-01,1965,3,,,,6.16,,,,,
1965-04-01,1965,4,,,,5.57,,,,,
1965-05-01,1965,5,,,,3.6,,,,,
1965-06-01,1965,6,,,,3.61,,,,,
1965-07-01,1965,7,,,,4.57,,,,,
1965-08-01,1965,8,,,,6.37,,,,,
1965-09-01,1965,9,,,,8.05,,,,,
1965-10-01,1965,10,,,,11.23,,,,,
1965-11-01,1965,11,,,,11.86,,,,,
1965-12-01,1965,12,,,,14.44,,,,,
1966-01-01,1966,1,,,,14.3,,,,,
1966-02-01,1966,2,,,,16.9,,,,,
1966-03-01,1966,3,,,,18.09,,,,,
1966-04-01,1966,4,,,,19.51,,,,,
1966-05-01,1966,5,,,,19.42,,,,,
1966-06-01,1966,6,,,,17.56,,,,,
1966-07-01,1966,7,,,,17.58,,,,,
1966-08-01,1966,8,,,,17.04,,,,,
1966-09-01,1966,9,,,,17.24,,,,,
1966-10-01,1966,10,,,,16.0,,,,,
1966-11-01,1966,11,,,,14.7,,,,,
1966-12-01,1966,12,,,,12.86,,,,,
1967-01-01,1967,1,,,,12.01,,,,,
1967-02-01,1967,2,,,,11.09,,,,,
1967-03-01,1967,3,,,,9.62,,,,,
1967-04-01,1967,4,,,,6.87,,,,,
1967-05-01,1967,5,,,,6.3,,,,,
1967-06-01,1967,6,,,,8.24,,,,,
1967-07-01,1967,7,,,,8.3,,,,,
1967-08-01,1967,8,,,,8.4,,,,,
1967-09-01,1967,9,,,,7.6,,,,,
1967-10-01,1967,10,,,,7.28,,,,,
1967-11-01,1967,11,,,,7.6,,,,,
1967-12-01,1967,12,,,,7.17,,,,,
1968-01-01,1968,1,,,,7.68,,,,,
1968-02-01,1968,2,,,,7.18,,,,,
1968-03-01,1968,3,,,,7.14,,,,,
1968-04-01,1968,4,,,,8.48,,,,,
1968-05-01,1968,5,,,,8.52,,,,,
1968-06-01,1968,6,,,,7.04,,,,,
1968-07-01,1968,7,,,,7.73,,,,,
1968-08-01,1968,8,,,,7.65,,,,,
1968-09-01,1968,9,,,,7.43,,,,,
1968-10-01,1968,10,,,,6.97,,,,,
1968-11-01,1968,11,,,,7.12,,,,,
1968-12-01,1968,12,,,,6.51,,,,,
1969-01-01,1969,1,,,,6.71,,,,,
1969-02-01,1969,2,,,,6.41,,,,,
1969-03-01,1969,3,,,,6.17,,,,,
1969-04-01,1969,4,,,,6.18,,,,,
1969-05-01,1969,5,,,,6.42,,,,,
1969-06-01,1969,6,,,,6.58,,,,,
1969-07-01,1969,7,,,,6.16,,,,,
1969-08-01,1969,8,,,,6.81,,,,,
1969-09-01,1969,9,,,,7.35,,,,,
1969-10-01,1969,10,,,,8.37,,,,,
1969-11-01,1969,11,,,,7.89,,,,,
1969-12-01,1969,12,,,,8.63,,,,,
1970-01-01,1970,1,,,,7.36,,,,,
1970-02-01,1970,2,,,,7.69,,,,,
1970-03-01,1970,3,,,,7.72,,,,,
1970-04-01,1970,4,,,,7.43,,,,,
1970-05-01,1970,5,,,,7.01,,,,,
1970-06-01,1970,6,,,,7.56,,,,,
1970-07-01,1970,7,,,,7.44,,,,,
1970-08-01,1970,8,,,,6.43,,,,,
1970-09-01,1970,9,,,,6.51,,,,,
1970-10-01,1970,10,,,,5.22,,,,,
1970-11-01,1970,11,,,,6.12,,,,,
1970-12-01,1970,12,,,,6.58,,,,,
1971-01-01,1971,1,,,,8.26,,,,,
1971-02-01,1971,2,,,,9.15,,,,,
1971-03-01,1971,3,,,,9.3,,,,,
1971-04-01,1971,4,,,,9.78,,,,,
1971-05-01,1971,5,,,,10.54,,,,,
1971-06-01,1971,6,,,,10.0,,,,,
1971-07-01,1971,7,,,,11.19,,,,,
1971-08-01,1971,8,,,,13.03,,,,,
1971-09-01,1971,9,,,,13.14,,,,,
1971-10-01,1971,10,,,,14.65,,,,,
1971-11-01,1971,11,,,,14.6,,,,,
1971-12-01,1971,12,,,,14.03,,,,,
1972-01-01,1972,1,,,,13.5,,,,,
1972-02-01,1972,2,,,,13.84,,,,,
1972-03-01,1972,3,,,,13.83,,,,,
1972-04-01,1972,4,,,,13.46,,,,,
1972-05-01,1972,5,,,,13.02,,,,,
1972-06-01,1972,6,,,,13.57,,,,,
1972-07-01,1972,7,,,,13.34,,,,,
1972-08-01,1972,8,,,,12.9,,,,,
1972-09-01,1972,9,,,,13.6,,,,,
1972-10-01,1972,10,,,,14.24,,,,,
1972-11-01,1972,11,,,,14.31,,,,,
1972-12-01,1972,12,,,,13.99,,,,,
1973-01-01,1973,1,,,,13.95,,,,,
1973-02-01,1973,2,,,,14.94,,,,,
1973-03-01,1973,3,,,,17.75,,,,,
1973-04-01,1973,4,,,,20.09,,,,,
1973-05-01,1973,5,,,,22.7,,,,,
1973-06-01,1973,6,,,,23.77,,,,,
1973-07-01,1973,7,,,,24.78,,,,,
1973-08-01,1973,8,,,,23.44,,,,,
1973-09-01,1973,9,,,,23.36,,,,,
1973-10-01,1973,10,,,,21.64,,,,,
1973-11-01,1973,11,,,,22.89,,,,,
1973-12-01,1973,12,,,,24.08,,,,,
1974-01-01,1974,1,,,,26.28,,,,,
1974-02-01,1974,2,,,,26.91,,,,,
1974-03-01,1974,3,,,,26.7,,,,,
1974-04-01,1974,4,,,,25.73,,,,,
1974-05-01,1974,5,,,,23.53,,,,,
1974-06-01,1974,6,,,,22.45,,,,,
1974-07-01,1974,7,,,,21.2,,,,,
1974-08-01,1974,8,,,,22.06,,,,,
1974-09-01,1974,9,,,,22.26,,,,,
1974-10-01,1974,10,,,,26.7,,,,,
1974-11-01,1974,11,,,,25.42,,,,,
1974-12-01,1974,12,,,,26.35,,,,,
1975-01-01,1975,1,,,,26.36,,,,,
1975-02-01,1975,2,,,,25.29,,,,,
1975-03-01,1975,3,,,,24.63,,,,,
1975-04-01,1975,4,,,,24.39,,,,,
1975-05-01,1975,5,,,,25.18,,,,,
1975-06-01,1975,6,,,,24.8,,,,,
1975-07-01,1975,7,,,,24.36,,,,,
1975-08-01,1975,8,,,,23.99,,,,,
1975-09-01,1975,9,,,,23.75,,,,,
1975-10-01,1975,10,,,,19.91,,,,,
1975-11-01,1975,11,,,,19.25,,,,,
1975-12-01,1975,12,,,,17.77,,,,,
1976-01-01,1976,1,,,,17.11,,,,,
1976-02-01,1976,2,,,,17.86,,,,,
1976-03-01,1976,3,,,,17.12,,,,,
1976-04-01,1976,4,,,,16.35,,,,,
1976-05-01,1976,5,,,,15.69,,,,,
1976-06-01,1976,6,,,,17.73,,,,,
1976-07-01,1976,7,,,,20.08,,,,,
1976-08-01,1976,8,,,,21.82,,,,,
1976-09-01,1976,9,,,,22.27,,,,,
1976-10-01,1976,10,,,,23.04,,,,,
1976-11-01,1976,11,,,,25.31,,,,,
1976-12-01,1976,12,,,,25.76,,,,,
1977-01-01,1977,1,,,,25.72,,,,,
1977-02-01,1977,2,,,,27.53,,,,,
1977-03-01,1977,3,,,,29.91,,,,,
1977-04-01,1977,4,,,,36.63,,,,,
1977-05-01,1977,5,,,,40.85,,,,,
1977-06-01,1977,6,,,,41.65,,,,,
1977-07-01,1977,7,,,,39.45,,,,,
1977-08-01,1977,8,,,,37.01,,,,,
1977-09-01,1977,9,,,,34.87,,,,,
1977-10-01,1977,10,,,,32.4,,,,,
1977-11-01,1977,11,,,,29.44,,,,,
1977-12-01,1977,12,,,,28.71,,,,,
1978-01-01,1978,1,,,,27.22,,,,,
1978-02-01,1978,2,,,,24.36,,,,,
1978-03-01,1978,3,,,,23.4,,,,,
1978-04-01,1978,4,,,,17.08,,,,,
1978-05-01,1978,5,,,,14.75,,,,,
1978-06-01,1978,6,,,,14.13,,,,,
1978-07-01,1978,7,,,,12.69,,,,,
1978-08-01,1978,8,,,,13.21,,,,,
1978-09-01,1978,9,,,,13.53,,,,,
1978-10-01,1978,10,,,,16.16,,,,,
1978-11-01,1978,11,,,,17.62,,,,,
1978-12-01,1978,12,,,,18.42,,,,,
1979-01-01,1979,1,,,,21.04,,,,,
1979-02-01,1979,2,,,,21.49,,,,,
1979-03-01,1979,3,,,,22.53,,,,,
1979-04-01,1979,4,,,,22.79,,,,,
1979-05-01,1979,5,,,,22.61,,,,,
1979-06-01,1979,6,,,,21.57,,,,,
1979-07-01,1979,7,,,,23.47,,,,,
1979-08-01,1979,8,,,,25.51,,,,,
1979-09-01,1979,9,,,,27.71,,,,,
1979-10-01,1979,10,,,,26.87,,,,,
1979-11-01,1979,11,,,,28.15,,,,,
1979-12-01,1979,12,,,,28.8,,,,,
1980-01-01,1980,1,,,,27.59,,,,,
1980-02-01,1980,2,,,,26.62,,,,,
1980-03-01,1980,3,,,,24.2,,,,,
1980-04-01,1980,4,,,,26.64,,,,,
1980-05-01,1980,5,,,,28.27,,,,,
1980-06-01,1980,6,,,,27.72,,,,,
1980-07-01,1980,7,,,,27.37,,,,,
1980-08-01,1980,8,,,,26.13,,,,,
1980-09-01,1980,9,,,,25.49,,,,,
1980-10-01,1980,10,,,,26.52,,,,,
1980-11-01,1980,11,,,,26.2,,,,,
1980-12-01,1980,12,,,,25.85,,,,,
1981-01-01,1981,1,,,,25.67,,,,,
1981-02-01,1981,2,,,,28.0,,,,,
1981-03-01,1981,3,,,,28.82,,,,,
1981-04-01,1981,4,,,,27.05,,,,,
1981-05-01,1981,5,,,,26.02,,,,,
1981-06-01,1981,6,,,,27.87,,,,,
1981-07-01,1981,7,,,,28.93,,,,,
1981-08-01,1981,8,,,,29.52,,,,,
1981-09-01,1981,9,,,,28.33,,,,,
1981-10-01,1981,10,,,,27.1,,,,,
1981-11-01,1981,11,,,,26.35,,,,,
1981-12-01,1981,12,,,,26.36,,,,,
1982-01-01,1982,1,,,,26.03,,,,,
1982-02-01,1982,2,,,,25.1,,,,,
1982-03-01,1982,3,,,,24.55,,,,,
1982-04-01,1982,4,,,,24.77,,,,,
1982-05-01,1982,5,,,,24.78,,,,,
1982-06-01,1982,6,,,,24.19,,,,,
1982-07-01,1982,7,,,,23.54,,,,,
1982-08-01,1982,8,,,,23.46,,,,,
1982-09-01,1982,9,,,,24.52,,,,,
1982-10-01,1982,10,,,,25.26,,,,,
1982-11-01,1982,11,,,,24.79,,,,,
1982-12-01,1982,12,,,,24.03,,,,,
1983-01-01,1983,1,,,,23.08,,,,,
1983-02-01,1983,2,,,,21.88,,,,,
1983-03-01,1983,3,,,,21.85,18.3,,,,
1983-04-01,1983,4,,,,22.42,16.87,,,,
1983-05-01,1983,5,,,,22.28,15.96,,,,
1983-06-01,1983,6,,,,20.46,15.92,,,,
1983-07-01,1983,7,,,,19.82,14.63,,,,
1983-08-01,1983,8,,,,18.32,14.52,,,,
1983-09-01,1983,9,,,,17.42,14.99,,,,
1983-10-01,1983,10,,,,17.2,14.7,,,,
1983-11-01,1983,11,,,,17.04,15.0,,,,
1983-12-01,1983,12,,,,16.64,15.25,,,,
1984-01-01,1984,1,,,,17.02,14.97,,,,
1984-02-01,1984,2,,,,17.2,14.84,,,,
1984-03-01,1984,3,,,,16.64,14.38,,,,
1984-04-01,1984,4,,,,15.42,14.75,,,,
1984-05-01,1984,5,,,,14.16,15.08,,,,
1984-06-01,1984,6,,,,15.17,15.02,,,,
1984-07-01,1984,7,,,,15.67,16.24,,,,
1984-08-01,1984,8,,,,16.19,15.85,,,,
1984-09-01,1984,9,,,,16.51,16.07,,,,
1984-10-01,1984,10,,,,15.27,15.91,,,,
1984-11-01,1984,11,,,,16.39,15.35,,,,
1984-12-01,1984,12,,,,18.28,14.71,,,,
1985-01-01,1985,1,,,,19.27,14.76,,,,
1985-02-01,1985,2,,,,21.24,15.13,,,,
1985-03-01,1985,3,,,,22.82,15.47,,,,
1985-04-01,1985,4,,,,23.81,16.19,,,,
1985-05-01,1985,5,,,,27.61,16.59,,,,
1985-06-01,1985,6,,,,27.91,16.39,,,,
1985-07-01,1985,7,,,,25.64,15.9,,,,
1985-08-01,1985,8,,,,24.67,16.19,,,,
1985-09-01,1985,9,,,,24.4,16.64,,,,
1985-10-01,1985,10,,,,24.77,16.51,,,,
1985-11-01,1985,11,,,,23.49,16.87,,,,
1985-12-01,1985,12,,,,22.45,16.97,,,,
1986-01-01,1986,1,,,,23.55,17.97,,,,
1986-02-01,1986,2,,,,23.72,18.09,,,,
1986-03-01,1986,3,,,,22.65,18.0,,,,
1986-04-01,1986,4,,,,22.54,18.5,,,,
1986-05-01,1986,5,,,,16.4,16.91,,,,
1986-06-01,1986,6,,,,13.46,17.03,,,,
1986-07-01,1986,7,,,,14.11,16.46,,,,
1986-08-01,1986,8,,,,16.17,16.73,,,,
1986-09-01,1986,9,,,,16.79,16.09,,,,
1986-10-01,1986,10,,,,18.17,17.15,,,,
1986-11-01,1986,11,,,,19.54,16.77,,,,
1986-12-01,1986,12,,,,20.95,16.55,,,,
1987-01-01,1987,1,,,,21.09,15.52,,,,
1987-02-01,1987,2,,,,19.77,16.1,,,,
1987-03-01,1987,3,,,,20.36,16.76,,,,
1987-04-01,1987,4,,,,19.8,15.69,,,,
1987-05-01,1987,5,,,,22.73,16.79,,,,
1987-06-01,1987,6,,,,24.81,17.1,,,,
1987-07-01,1987,7,,,,26.65,17.36,,,,
1987-08-01,1987,8,,,,25.27,17.12,,,,
1987-09-01,1987,9,,,,25.01,17.34,,,,
1987-10-01,1987,10,,,,24.8,16.94,,,,
1987-11-01,1987,11,,,,24.73,17.32,,,,
1987-12-01,1987,12,,,,24.02,17.5,,,,
1988-01-01,1988,1,,,,23.7,18.16,,,,
1988-02-01,1988,2,,,,26.13,19.76,,,,
1988-03-01,1988,3,,,,26.36,19.82,,,,
1988-04-01,1988,4,,,,28.41,20.6,,,,
1988-05-01,1988,5,,,,28.44,20.78,,,,
1988-06-01,1988,6,,,,30.27,20.95,,,,
1988-07-01,1988,7,,,,30.26,21.67,,,,
1988-08-01,1988,8,,,,29.65,22.5,,,,
1988-09-01,1988,9,,,,29.0,22.97,,,,
1988-10-01,1988,10,,,,28.59,23.08,,,,
1988-11-01,1988,11,,,,27.68,23.42,,,,
1988-12-01,1988,12,,,,28.12,23.37,,,,
1989-01-01,1989,1,,,,27.91,24.07,,,,
1989-02-01,1989,2,,,,27.03,22.64,,,,
1989-03-01,1989,3,,,,26.53,23.44,,,,
1989-04-01,1989,4,,,,24.85,24.33,,,,
1989-05-01,1989,5,,,,24.88,24.84,,,,
1989-06-01,1989,6,,,,23.63,25.41,,,,
1989-07-01,1989,7,,,,23.76,25.43,,,,
1989-08-01,1989,8,,,,25.69,25.44,,,,
1989-09-01,1989,9,,,,26.55,25.96,,,,
1989-10-01,1989,10,,,,26.61,26.32,,,,
1989-11-01,1989,11,,,,27.09,26.34,,,,
1989-12-01,1989,12,,,,26.12,26.85,,,,
1990-01-01,1990,1,,,,26.69,27.15,,,,
1990-02-01,1990,2,,,,27.12,27.77,,,,
1990-03-01,1990,3,,,,27.63,28.25,,,,
1990-04-01,1990,4,,,,27.98,28.48,,,,
1990-05-01,1990,5,,,,28.24,28.82,,,,
1990-06-01,1990,6,,,,28.97,29.21,,,,
1990-07-01,1990,7,,,,28.72,29.11,,,,
1990-08-01,1990,8,,,,28.98,29.22,,,,
1990-09-01,1990,9,,,,30.24,29.65,,,,
1990-10-01,1990,10,,,,30.65,29.79,,,,
1990-11-01,1990,11,,,,30.97,30.22,,,,
1990-12-01,1990,12,,,,32.36,30.49,,,,
1991-01-01,1991,1,,,22.0,31.98,30.31,,,,
1991-02-01,1991,2,,,22.0,31.65,30.31,,,,
1991-03-01,1991,3,,,22.0,31.18,30.08,,,,
1991-04-01,1991,4,,,22.0,31.16,30.25,,,,
1991-05-01,1991,5,,,22.0,31.49,30.26,,,,
1991-06-01,1991,6,,,22.0,31.0,29.58,,,,
1991-07-01,1991,7,,,22.0,31.6,29.36,,,,
1991-08-01,1991,8,,,22.0,31.2,28.8,,,,
1991-09-01,1991,9,,,22.0,30.01,28.22,,,,
1991-10-01,1991,10,,,22.0,29.25,27.63,,,,
1991-11-01,1991,11,,,22.0,28.22,26.97,,,,
1991-12-01,1991,12,,,22.0,26.82,26.4,,,,
1992-01-01,1992,1,,,22.0,27.43,26.25,,,,
1992-02-01,1992,2,,,22.0,27.35,25.51,,,,
1992-03-01,1992,3,,,22.0,27.08,24.86,,,,
1992-04-01,1992,4,,,22.0,27.15,24.13,,,,
1992-05-01,1992,5,,,22.0,27.3,23.63,,,,
1992-06-01,1992,6,,,22.0,28.13,23.76,,,,
1992-07-01,1992,7,,,22.0,28.36,23.75,,,,
1992-08-01,1992,8,,,22.0,27.7,23.52,,,,
1992-09-01,1992,9,,,22.0,26.92,23.19,,,,
1992-10-01,1992,10,,,22.0,26.32,22.85,,,,
1992-11-01,1992,11,,,22.0,25.7,22.65,,,,
1992-12-01,1992,12,,,22.0,25.13,22.57,,,,
1993-01-01,1993,1,,,22.0,24.82,23.12,,,,
1993-02-01,1993,2,,,22.0,24.71,23.77,,,,
1993-03-01,1993,3,,,22.0,24.18,24.09,,,,
1993-04-01,1993,4,,,22.0,23.08,24.01,,,,
1993-05-01,1993,5,,,22.0,22.21,24.32,,,,
1993-06-01,1993,6,,,22.0,21.38,24.59,,,,
1993-07-01,1993,7,,,22.0,20.46,24.8,,,,
1993-08-01,1993,8,,,22.0,21.07,25.28,,,,
1993-09-01,1993,9,,,22.0,21.43,25.25,,,,
1993-10-01,1993,10,,,22.0,21.69,25.5,,,,
1993-11-01,1993,11,,,22.0,22.37,25.62,,,,
1993-12-01,1993,12,,,22.0,22.6,25.32,,,,
1994-01-01,1994,1,,,19.0,22.5,24.96,,,,
1994-02-01,1994,2,,,19.0,23.01,24.18,,,,
1994-03-01,1994,3,,,19.0,23.41,24.08,,,,
1994-04-01,1994,4,,,19.0,23.94,23.89,,,,
1994-05-01,1994,5,,,19.0,23.86,23.39,,,,
1994-06-01,1994,6,,,19.0,23.08,22.63,,,,
1994-07-01,1994,7,,,19.0,22.69,22.24,,,,
1994-08-01,1994,8,,,19.0,22.35,21.48,,,,
1994-09-01,1994,9,,,19.0,22.31,21.45,,,,
1994-10-01,1994,10,,,19.0,22.37,21.41,,,,
1994-11-01,1994,11,,,19.0,22.16,21.17,,,,
1994-12-01,1994,12,,,19.0,22.59,21.48,,,,
1995-01-01,1995,1,,,18.0,21.04,21.39,,,,
1995-02-01,1995,2,,,18.0,20.86,21.64,,,,
1995-03-01,1995,3,,,18.0,21.33,21.66,,,,
1995-04-01,1995,4,,,18.0,21.17,21.57,,,,
1995-05-01,1995,5,,,18.0,21.3,21.54,,,,
1995-06-01,1995,6,,,18.0,21.66,21.98,,,,
1995-07-01,1995,7,,,18.0,21.5,22.03,,,,
1995-08-01,1995,8,,,18.0,21.09,22.14,,,,
1995-09-01,1995,9,,,18.0,20.79,21.7,,,,
1995-10-01,1995,10,,,18.0,20.52,21.7,,,,
1995-11-01,1995,11,,,18.0,20.13,21.47,,,,
1995-12-01,1995,12,,,18.0,19.46,20.89,,,,
1996-01-01,1996,1,,,17.0,20.24,20.83,,,,
1996-02-01,1996,2,,,17.0,20.81,21.17,,,,
1996-03-01,1996,3,,,17.0,20.2,20.87,,,,
1996-04-01,1996,4,,,17.0,19.9,20.87,,,,
1996-05-01,1996,5,,,17.0,19.78,20.98,,,,
1996-06-01,1996,6,,,17.0,19.7,20.39,,,,
1996-07-01,1996,7,,,17.0,20.57,20.32,,,,
1996-08-01,1996,8,,,17.0,21.13,20.42,,,,
1996-09-01,1996,9,,,17.0,21.55,20.54,,,,
1996-10-01,1996,10,,,17.0,21.87,20.18,,,,
1996-11-01,1996,11,,,17.0,21.88,19.87,,,,
1996-12-01,1996,12,,,17.0,21.63,19.79,,,,
1997-01-01,1997,1,,,18.0,20.62,19.31,,,,
1997-02-01,1997,2,,,18.0,19.58,18.44,,,,
1997-03-01,1997,3,,,18.0,18.93,18.31,,,,
1997-04-01,1997,4,,,18.0,18.52,18.23,,,,
1997-05-01,1997,5,,,18.0,18.6,17.83,,,,
1997-06-01,1997,6,,,18.0,18.67,17.65,,,,
1997-07-01,1997,7,,,18.0,17.88,17.08,,,,
1997-08-01,1997,8,,,18.0,17.93,16.58,,,,
1997-09-01,1997,9,,,18.0,18.01,16.4,,,,
1997-10-01,1997,10,,,18.0,17.8,16.09,,,,
1997-11-01,1997,11,,,18.0,17.81,16.18,,,,
1997-12-01,1997,12,,,18.0,17.68,16.38,,,,
1998-01-01,1998,1,,,16.0,17.84,16.14,,,,
1998-02-01,1998,2,,,16.0,18.03,16.18,,,,
1998-03-01,1998,3,,,16.0,19.24,15.79,,,,
1998-04-01,1998,4,,,16.0,20.74,15.34,,,,
1998-05-01,1998,5,,,16.0,20.67,15.14,,,,
1998-06-01,1998,6,,,16.0,20.69,15.08,,,,
1998-07-01,1998,7,,,16.0,20.27,15.4,,,,
1998-08-01,1998,8,,,16.0,18.94,15.31,,,,
1998-09-01,1998,9,,,16.0,17.8,15.13,,,,
1998-10-01,1998,10,,,16.0,17.09,15.2,,,,
1998-11-01,1998,11,,,16.0,16.35,14.96,,,,
1998-12-01,1998,12,,,16.0,16.7,14.66,,,,
1999-01-01,1999,1,,,15.0,17.18,14.87,,,,
1999-02-01,1999,2,,,15.0,15.38,13.86,,,,
1999-03-01,1999,3,,,15.0,13.51,13.39,,,,
1999-04-01,1999,4,,,15.0,11.17,12.68,,,,
1999-05-01,1999,5,,,15.0,9.98,11.64,,,,
1999-06-01,1999,6,,,15.0,8.96,10.99,,,,
1999-07-01,1999,7,,,15.0,8.78,10.21,,,,
1999-08-01,1999,8,,,15.0,9.28,9.83,,,,
1999-09-01,1999,9,,,15.0,9.33,9.24,,,,
1999-10-01,1999,10,,,15.0,9.32,8.85,,,,
1999-11-01,1999,11,,,15.0,9.65,8.65,,,,
1999-12-01,1999,12,,,15.0,9.23,8.16,,,,
2000-01-01,2000,1,,,10.0,8.25,7.6,,,,
2000-02-01,2000,2,,,10.0,8.89,7.92,,,,
2000-03-01,2000,3,,,10.0,9.73,7.99,,,,
2000-04-01,2000,4,,,10.0,9.96,7.47,,,,
2000-05-01,2000,5,,,10.0,10.0,7.68,,,,
2000-06-01,2000,6,,,10.0,9.68,7.47,,,,
2000-07-01,2000,7,,,10.0,9.29,7.43,,,,
2000-08-01,2000,8,,,10.0,9.1,7.3,,,,
2000-09-01,2000,9,,,10.0,9.2,7.52,,,,
2000-10-01,2000,10,,,10.0,8.99,7.25,,,,
2000-11-01,2000,11,,,10.0,8.82,7.04,,,,
2000-12-01,2000,12,,,10.0,8.75,7.32,,,,
2001-01-01,2001,1,14.312729743324317,,8.0,8.49,6.99,25.79,,,
2001-02-01,2001,2,16.06385823480801,,8.0,8.06,6.45,27.9,,,
2001-03-01,2001,3,16.53312027828533,,8.0,7.81,6.03,25.03,,,
2001-04-01,2001,4,13.661021250303204,,8.0,7.98,6.32,26.02,,,
2001-05-01,2001,5,14.74676321239546,,8.0,7.87,6.01,28.44,,,
2001-06-01,2001,6,15.04256813948501,,8.0,7.93,6.07,28.0,,,
2001-07-01,2001,7,15.153536994158154,,8.0,8.09,5.95,24.99,,,
2001-08-01,2001,8,14.822664768444326,,8.0,8.03,5.83,25.74,,,
2001-09-01,2001,9,14.780719085344424,,8.0,7.97,5.58,25.84,,,
2001-10-01,2001,10,15.132975129135165,,8.0,8.01,5.62,21.03,,,
2001-11-01,2001,11,14.75188999830288,,8.0,7.78,5.63,19.11,,,
2001-12-01,2001,12,14.654097414060177,,8.0,7.65,5.27,18.68,,,
2002-01-01,2002,1,15.643511458646437,,6.0,7.37,5.31,20.03,,,
2002-02-01,2002,2,14.807452353176224,,6.0,6.7,5.01,20.54,,,
2002-03-01,2002,3,15.797365757495188,,6.0,5.89,4.85,24.0,,,
2002-04-01,2002,4,15.345202265974118,,6.0,5.65,4.69,25.95,,,
2002-05-01,2002,5,15.604163781846886,,6.0,5.84,4.67,25.55,,,
2002-06-01,2002,6,15.672273456883849,,6.0,6.25,4.61,24.37,,,
2002-07-01,2002,7,15.402312115755665,,6.0,6.16,4.62,25.86,,,
2002-08-01,2002,8,15.858628762715888,,6.0,5.98,4.58,26.62,,,
2002-09-01,2002,9,15.133965313980925,,6.0,5.97,4.54,28.37,,,
2002-10-01,2002,10,15.645101141704298,,6.0,6.37,4.67,27.52,,,
2002-11-01,2002,11,16.277849855086917,,6.0,7.07,4.9,24.25,,,
2002-12-01,2002,12,16.481892839048392,,6.0,6.99,5.01,28.32,,,
2003-01-01,2003,1,14.020412950379594,50.42,5.5,7.39,5.36,30.81,,3.16,10.32
2003-02-01,2003,2,14.463106686810947,50.98,5.5,7.24,5.65,32.66,,2.88,10.85
2003-03-01,2003,3,13.710280740826596,51.51,5.5,7.6,5.83,30.17,,2.85,10.11
2003-04-01,2003,4,14.384985963842478,52.1,5.5,7.85,5.76,25.04,,4.1,10.27
2003-05-01,2003,5,13.244049490442023,52.36,5.5,7.73,5.83,25.71,,3.37,10.12
2003-06-01,2003,6,13.964757387254046,52.33,5.5,7.21,6.0,27.57,,3.82,10.21
2003-07-01,2003,7,14.502442645448603,52.26,5.5,7.04,5.91,28.5,,4.28,9.96
2003-08-01,2003,8,14.27414182980968,52.42,5.5,7.26,6.08,29.72,,4.51,9.68
2003-09-01,2003,9,14.777837311383744,52.53,5.5,7.11,6.15,27.04,,3.17,9.93
2003-10-01,2003,10,14.299624484327522,52.56,5.5,6.58,5.93,29.44,,3.8,9.94
2003-11-01,2003,11,13.70068939919468,52.75,5.5,6.13,5.68,28.95,,2.85,9.82
2003-12-01,2003,12,13.519653877708665,53.07,5.5,6.49,5.71,29.74,,3.52,10.26
2004-01-01,2004,1,15.119853626152183,53.54,5.5,6.19,5.4,30.98,,2.24,10.15
2004-02-01,2004,2,14.395468603654733,54.18,5.5,6.28,5.23,30.8,,2.0,8.97
2004-03-01,2004,3,13.998908323532822,54.71,5.5,6.21,5.05,33.42,,2.91,8.95
2004-04-01,2004,4,14.201472096696218,54.96,5.5,5.49,4.95,33.36,,3.1,10.71
2004-05-01,2004,5,14.07565474272901,55.17,5.5,5.37,4.79,37.59,,4.7,9.29
2004-06-01,2004,6,14.037053652132329,55.51,5.5,6.07,4.78,35.44,,4.6,9.95
2004-07-01,2004,7,12.857520666509789,55.49,5.5,6.19,4.86,38.23,,3.65,9.73
2004-08-01,2004,8,12.97523919800361,55.51,5.5,5.89,4.75,42.22,,3.25,9.1
2004-09-01,2004,9,12.674917004657908,55.67,5.5,5.97,4.72,43.32,,2.77,8.96
2004-10-01,2004,10,13.223659583932744,55.66,5.5,5.9,4.61,49.74,,2.74,9.08
2004-11-01,2004,11,12.968518244195735,55.82,5.5,5.82,4.6,43.75,,2.69,8.68
2004-12-01,2004,12,12.900009548151932,55.99,5.5,5.5,4.6,39.97,,3.7,8.45
2005-01-01,2005,1,11.109533395136731,56.45,5.0,5.43,4.36,44.17,,1.69,7.65
2005-02-01,2005,2,12.748016682123524,57.02,5.0,5.25,4.15,45.72,,1.67,7.74
2005-03-01,2005,3,13.278711812874176,57.46,5.0,5.03,3.92,53.23,,2.74,7.72
2005-04-01,2005,4,11.697434504736764,57.72,5.0,5.01,3.78,52.6,,2.25,7.42
2005-05-01,2005,5,12.594932356028249,57.95,5.0,5.04,3.79,49.29,,2.28,7.32
2005-06-01,2005,6,11.610870866912023,58.18,5.0,4.83,3.66,54.84,,2.57,7.07
2005-07-01,2005,7,11.941415312113142,58.21,5.0,4.91,3.6,57.63,,2.58,7.11
2005-08-01,2005,8,11.663081157675164,58.21,5.0,4.88,3.55,63.95,,2.95,7.13
2005-09-01,2005,9,11.61187666645945,58.46,5.0,5.02,3.64,63.26,,1.68,5.85
2005-10-01,2005,10,10.95176235557173,58.6,5.0,5.27,3.77,58.91,,1.27,6.27
2005-11-01,2005,11,11.460981814345397,58.66,5.0,5.1,3.8,55.45,,0.74,5.6
2005-12-01,2005,12,11.155160265501914,58.7,5.0,4.85,3.71,57.16,,0.69,6.11
2006-01-01,2006,1,11.25482831925794,59.02,4.5,4.56,3.63,63.31,,0.79,6.09
2006-02-01,2006,2,11.798809099979692,59.41,4.5,4.19,3.65,60.81,,0.66,6.04
2006-03-01,2006,3,11.50306734616504,59.83,4.5,4.11,3.63,62.75,,1.65,6.24
2006-04-01,2006,4,11.87987064360485,60.09,4.5,4.12,3.55,70.34,,1.68,6.45
2006-05-01,2006,5,11.889338572834165,60.29,4.5,4.04,3.61,70.51,,3.57,8.17
2006-06-01,2006,6,10.6272761373557,60.48,4.5,3.94,3.69,69.23,,4.37,8.34
2006-07-01,2006,7,,60.73,4.5,4.32,3.73,74.04,,5.24,7.91
2006-08-01,2006,8,,60.96,4.5,4.72,3.79,73.5,,3.39,8.23
2006-09-01,2006,9,13.1282125429368,61.14,4.5,4.58,3.7,62.53,,1.99,8.22
2006-10-01,2006,10,12.572064843800538,61.05,4.5,4.19,3.43,58.76,,2.71,8.06
2006-11-01,2006,11,12.253599699554323,61.19,4.5,4.31,3.63,59.22,,3.27,7.93
2006-12-01,2006,12,12.7736302347327,61.33,4.5,4.48,3.75,62.26,,2.72,7.93
2007-01-01,2007,1,12.019300701946356,61.8,4.0,4.71,4.05,54.5,,2.01,8.38
2007-02-01,2007,2,11.629301702372134,62.53,4.0,5.25,3.95,57.97,,2.23,8.82
2007-03-01,2007,3,12.03034406315008,63.29,4.0,5.78,3.99,62.36,,2.48,8.78
2007-04-01,2007,4,10.679172128309505,63.85,4.0,6.26,4.14,67.69,,2.66,9.15
2007-05-01,2007,5,11.701866593219954,64.05,4.0,6.23,4.12,67.72,,4.85,9.16
2007-06-01,2007,6,11.389991963506,64.12,4.0,6.03,4.07,70.62,,3.04,9.48
2007-07-01,2007,7,10.942785061075003,64.23,4.0,5.77,4.13,76.13,,6.01,9.56
2007-08-01,2007,8,10.974677308523288,64.14,4.0,5.22,4.06,71.31,,3.38,9.83
2007-09-01,2007,9,11.129647832655651,64.2,4.0,5.0,4.0,76.77,,5.56,9.58
2007-10-01,2007,10,11.423078447857376,64.2,4.0,5.16,4.23,82.51,,5.62,9.55
2007-11-01,2007,11,10.682782979887351,64.51,4.0,5.41,4.22,92.73,,5.01,9.47
2007-12-01,2007,12,10.8168877607325,64.82,4.0,5.69,4.2,91.52,,5.17,9.82
2008-01-01,2008,1,11.02780482613976,65.51,4.0,6.0,4.19,92.09,,5.13,10.2
2008-02-01,2008,2,11.039205568380943,66.5,4.0,6.35,4.25,94.72,,4.62,10.51
2008-03-01,2008,3,11.283582922916205,67.04,4.0,5.93,4.23,103.16,,5.05,10.63
2008-04-01,2008,4,10.959008203882178,67.51,4.0,5.73,4.23,110.03,,5.54,10.4
2008-05-01,2008,5,10.814643968040896,68.14,4.0,6.39,4.25,123.86,,5.54,10.68
2008-06-01,2008,6,11.631800135354329,68.73,4.0,7.18,4.28,132.76,,5.96,10.87
2008-07-01,2008,7,11.65228401482447,69.06,4.0,7.52,4.16,133.59,,5.01,10.85
2008-08-01,2008,8,11.65483644497793,69.19,4.0,7.87,4.15,113.8,,5.76,10.22
2008-09-01,2008,9,11.394331126132208,69.06,4.0,7.57,4.14,98.76,,5.9,10.31
2008-10-01,2008,10,11.4395082863694,69.3,4.0,7.94,4.5,71.96,,5.24,10.4
2008-11-01,2008,11,12.123135609897735,69.49,4.0,7.73,4.24,52.71,,4.47,9.9
2008-12-01,2008,12,11.637666819767809,69.8,4.0,7.67,4.38,40.51,,4.34,9.44
2009-01-01,2009,1,12.175082967497708,70.21,5.0,7.18,4.24,43.17,,3.31,9.03
2009-02-01,2009,2,11.602365782896198,70.8,5.0,6.47,4.38,42.91,,3.71,8.53
2009-03-01,2009,3,12.167798203315757,71.15,5.0,6.14,4.34,46.58,,2.86,7.07
2009-04-01,2009,4,11.976015120655743,71.38,5.0,5.73,4.17,50.52,,2.81,6.31
2009-05-01,2009,5,11.758783771870991,71.39,5.0,4.77,4.09,57.5,,3.07,5.92
2009-06-01,2009,6,11.798504216672256,71.35,5.0,3.81,4.05,68.58,,3.47,5.56
2009-07-01,2009,7,12.208055809567618,71.32,5.0,3.28,4.08,64.9,,2.91,3.89
2009-08-01,2009,8,12.2418157952756,71.35,5.0,3.13,4.08,72.59,,2.38,4.84
2009-09-01,2009,9,12.895066730024563,71.28,5.0,3.21,3.98,67.51,,1.59,4.67
2009-10-01,2009,10,12.963988614685912,71.19,5.0,2.72,3.57,72.97,,1.46,4.63
2009-11-01,2009,11,12.477345187748163,71.14,5.0,2.37,3.46,76.94,,1.4,3.76
2009-12-01,2009,12,12.091125331693858,71.2,5.0,2.0,3.06,74.79,,1.38,4.07
2010-01-01,2010,1,12.672424473011294,71.69,3.0,2.1,2.98,76.6,,1.19,4.7
2010-02-01,2010,2,11.485993120510363,72.28,3.0,2.09,2.63,73.9,,1.05,4.13
2010-03-01,2010,3,11.987121469598543,72.46,3.0,1.84,2.26,79.52,,1.36,4.44
2010-04-01,2010,4,12.27713669961688,72.79,3.0,1.98,2.1,85.16,,2.3,4.41
2010-05-01,2010,5,12.23491668942913,72.87,3.0,2.07,2.09,76.13,,2.06,4.0
2010-06-01,2010,6,12.208155755644135,72.95,3.0,2.25,2.02,75.25,,2.54,3.99
2010-07-01,2010,7,12.196042918601584,72.92,3.0,2.24,1.89,75.19,,2.05,3.96
2010-08-01,2010,8,11.736291173715294,73.0,3.0,2.31,1.87,76.89,,1.08,3.85
2010-09-01,2010,9,11.392645028890524,72.9,3.0,2.28,1.89,77.94,,1.0,4.0
2010-10-01,2010,10,11.684599244595104,72.84,3.0,2.33,1.92,83.34,,1.91,3.9
2010-11-01,2010,11,11.982510876519289,72.98,3.0,2.59,1.95,85.8,,1.21,3.89
2010-12-01,2010,12,11.97204091108838,73.45,3.0,3.17,2.06,91.96,,1.4,4.38
2011-01-01,2011,1,11.738857327467832,74.12,3.0,3.4,2.04,96.95,,1.17,4.38
2011-02-01,2011,2,11.805371199066451,74.57,3.0,3.17,2.07,104.24,,1.13,4.97
2011-03-01,2011,3,11.005392826487531,74.77,3.0,3.19,2.12,114.92,,2.07,4.87
2011-04-01,2011,4,11.08675186351002,74.86,3.0,2.84,2.17,123.33,,1.89,4.97
2011-05-01,2011,5,11.516064008091506,75.07,3.0,3.02,2.17,114.93,,2.01,5.17
2011-06-01,2011,6,11.29323664149808,75.31,3.0,3.23,2.32,114.37,,2.03,5.2
2011-07-01,2011,7,11.07105129650666,75.42,3.0,3.42,2.39,117.48,,2.08,5.28
2011-08-01,2011,8,10.783160312472186,75.39,3.0,3.27,2.24,110.35,,2.14,5.29
2011-09-01,2011,9,10.50714582395108,75.62,3.0,3.73,2.31,111.96,,2.16,5.16
2011-10-01,2011,10,10.607264869049876,75.77,3.0,4.02,2.41,110.43,,1.81,5.56
2011-11-01,2011,11,10.522340718429902,75.87,3.0,3.96,2.57,111.16,,1.76,5.66
2011-12-01,2011,12,10.727083988949012,76.19,3.0,3.73,2.7,108.35,,1.53,5.58
2012-01-01,2012,1,10.703370915777812,76.75,3.0,3.54,2.72,111.42,,1.83,5.63
2012-02-01,2012,2,10.673281658432009,77.22,3.0,3.55,2.73,119.17,,1.94,5.72
2012-03-01,2012,3,10.535220426682876,77.31,3.0,3.4,2.74,124.7,,2.38,5.55
2012-04-01,2012,4,10.926742337882656,77.42,3.0,3.43,2.87,120.47,,2.84,5.48
2012-05-01,2012,5,10.945437527525986,77.66,3.0,3.44,2.86,110.82,,2.99,5.49
2012-06-01,2012,6,10.525156504083888,77.72,3.0,3.2,2.79,95.89,,2.83,5.47
2012-07-01,2012,7,10.627027543729591,77.7,3.0,3.03,2.82,102.98,,3.14,5.27
2012-08-01,2012,8,10.298217380690966,77.73,3.0,3.11,2.93,113.78,,2.48,4.83
2012-09-01,2012,9,10.723949271361471,77.96,3.0,3.08,2.99,113.64,,2.09,4.77
2012-10-01,2012,10,10.45164531045984,78.08,3.0,3.06,3.01,111.79,,1.4,4.86
2012-11-01,2012,11,10.578408451675054,77.98,3.0,2.77,2.9,109.91,,1.24,4.92
2012-12-01,2012,12,10.526781937743618,78.05,3.0,2.44,2.77,109.57,,2.21,4.39
2013-01-01,2013,1,10.248560977685813,78.28,3.0,2.0,2.61,112.53,,1.99,4.25
2013-02-01,2013,2,10.53678697975751,78.63,3.0,1.83,2.51,116.49,,1.55,4.04
2013-03-01,2013,3,10.34369543252083,78.79,3.0,1.91,2.65,109.59,,1.23,3.58
2013-04-01,2013,4,10.341845697703215,78.99,3.0,2.02,2.57,102.96,,1.44,3.69
2013-05-01,2013,5,9.79100352389655,79.21,3.0,2.0,2.57,102.98,,2.05,3.98
2013-06-01,2013,6,9.833849937783665,79.39,3.0,2.16,2.64,103.36,,2.52,4.33
2013-07-01,2013,7,9.715255074025512,79.43,3.0,2.22,2.76,107.78,,2.18,4.29
2013-08-01,2013,8,9.912282884665368,79.5,3.0,2.27,2.76,111.06,,2.01,4.55
2013-09-01,2013,9,9.729656788676095,79.73,3.0,2.27,2.73,111.96,,1.91,4.26
2013-10-01,2013,10,9.359044015462477,79.52,3.0,1.84,2.66,109.62,,1.64,4.17
2013-11-01,2013,11,9.84918819683049,79.35,3.0,1.76,2.67,108.15,,1.89,4.19
2013-12-01,2013,12,9.17109195051404,79.56,3.0,1.94,2.73,111.07,,1.64,4.2
2014-01-01,2014,1,9.411556128771757,79.95,3.0,2.13,2.72,107.93,,1.55,4.35
2014-02-01,2014,2,9.61675517945439,80.45,3.0,2.32,2.81,108.84,,1.3,4.26
2014-03-01,2014,3,9.707025335448687,80.77,3.0,2.51,2.81,107.87,,1.73,4.15
2014-04-01,2014,4,9.279225004355506,81.14,3.0,2.72,2.86,108.0,,1.96,4.36
2014-05-01,2014,5,9.044059975005275,81.53,3.0,2.93,2.97,109.83,,2.03,4.53
2014-06-01,2014,6,9.773981547883588,81.61,3.0,2.79,2.84,112.24,,1.92,4.7
2014-07-01,2014,7,9.307345729064243,81.73,3.0,2.89,2.53,107.46,,1.26,4.77
2014-08-01,2014,8,9.35222075245575,81.9,3.0,3.02,2.58,102.4,,2.08,4.81
2014-09-01,2014,9,9.104594811108951,82.01,3.0,2.86,2.54,97.85,,2.14,4.87
2014-10-01,2014,10,9.239123830950174,82.14,3.0,3.29,2.6,87.58,,2.13,4.81
2014-11-01,2014,11,9.371108656504196,82.25,3.0,3.65,2.61,79.23,,1.01,4.65
2014-12-01,2014,12,9.562914689516628,82.47,3.0,3.66,2.82,62.9,,1.2,4.94
2015-01-01,2015,1,8.960463194546211,83.0,3.0,3.82,2.98,48.93,,0.5,4.52
2015-02-01,2015,2,8.791143707052324,83.96,3.0,4.36,3.32,58.25,,0.57,4.54
2015-03-01,2015,3,8.919667669426666,84.45,3.0,4.56,3.46,56.52,,0.57,4.84
2015-04-01,2015,4,9.79587300973963,84.9,3.0,4.64,3.69,59.83,,1.97,4.7
2015-05-01,2015,5,9.202152733005686,85.12,3.0,4.41,3.8,65.19,,0.99,4.68
2015-06-01,2015,6,8.910729618482662,85.21,3.0,4.42,4.05,62.62,,1.29,4.61
2015-07-01,2015,7,8.873991700694301,85.37,3.0,4.46,4.24,56.83,,1.27,4.64
2015-08-01,2015,8,9.482230766263251,85.78,3.0,4.74,4.47,47.53,,1.27,5.06
2015-09-01,2015,9,9.521571668277568,86.39,3.0,5.35,4.89,48.03,,1.02,5.64
2015-10-01,2015,10,9.493770964135855,86.98,3.0,5.89,5.2,48.91,,0.84,5.47
2015-11-01,2015,11,8.961366311149392,87.51,3.0,6.39,5.46,45.1,,1.15,6.2
2015-12-01,2015,12,9.352650096977998,88.05,3.0,6.77,5.5,38.53,,1.22,6.51
2016-01-01,2016,1,9.950264067762507,89.19,3.0,7.45,5.83,32.05,,1.36,6.63
2016-02-01,2016,2,8.974991517770974,90.33,3.0,7.59,5.87,33.76,,1.36,6.85
2016-03-01,2016,3,10.212457300693094,91.18,3.0,7.98,6.09,39.79,,1.97,6.88
2016-04-01,2016,4,9.456431970609778,91.63,3.0,7.93,6.26,43.33,,2.03,7.17
2016-05-01,2016,5,9.168547300037597,92.1,3.0,8.2,6.31,47.74,,2.18,7.27
2016-06-01,2016,6,9.641321808202507,92.54,3.0,8.6,6.41,49.88,,2.16,6.84
2016-07-01,2016,7,9.86471522823001,93.02,3.0,8.97,6.51,46.6,,2.28,7.1
2016-08-01,2016,8,9.388880366898222,92.73,3.0,8.1,6.47,47.05,,2.5,7.3
2016-09-01,2016,9,9.253848014822918,92.68,3.0,7.27,6.27,47.38,,3.5,6.84
2016-10-01,2016,10,9.60908211294918,92.62,3.0,6.48,5.92,51.41,,2.47,6.92
2016-11-01,2016,11,9.242611187681131,92.73,3.0,5.96,5.61,46.94,,2.17,6.84
2016-12-01,2016,12,9.700286140381705,93.11,3.0,5.75,5.48,55.02,,1.33,6.62
2017-01-01,2017,1,9.662801233389464,94.07,3.0,5.47,5.62,55.71,53.0,0.93,6.54
2017-02-01,2017,2,9.503948848214732,95.01,3.0,5.18,5.79,56.1,,1.59,6.52
2017-03-01,2017,3,9.641819451769855,95.46,3.0,4.69,5.81,52.66,45.7,2.43,6.11
2017-04-01,2017,4,9.319365115775463,95.91,3.0,4.66,5.55,53.98,61.3,2.44,5.77
2017-05-01,2017,5,9.734382824943564,96.12,3.0,4.37,5.34,51.37,74.0,2.29,5.46
2017-06-01,2017,6,9.44728034884305,96.23,3.0,3.99,5.13,47.65,36.9,2.34,5.01
2017-07-01,2017,7,9.605008369665033,96.18,3.0,3.4,4.92,49.25,76.1,2.51,5.45
2017-08-01,2017,8,9.675729207395229,96.32,3.0,3.87,4.69,51.93,,2.3,5.39
2017-09-01,2017,9,9.91258041899712,96.36,3.0,3.97,4.5,55.56,,2.09,5.12
2017-10-01,2017,10,9.643445664189596,96.37,3.0,4.05,4.47,57.54,52.5,1.9,4.96
2017-11-01,2017,11,10.278636768062992,96.55,3.0,4.12,4.59,62.84,,1.36,4.7
2017-12-01,2017,12,9.6028811469817,96.92,3.0,4.09,4.67,64.06,77.4,1.37,4.66
2018-01-01,2018,1,9.799250879472634,97.53,3.0,3.68,4.19,68.89,,1.32,4.78
2018-02-01,2018,2,9.84405883879145,98.22,3.0,3.37,3.67,65.7,,1.06,4.72
2018-03-01,2018,3,9.508211279571617,98.45,3.0,3.14,3.28,66.89,88.4,1.14,4.57
2018-04-01,2018,4,9.900439997092205,98.91,3.0,3.13,3.07,71.93,76.1,1.71,4.47
2018-05-01,2018,5,9.839884929453117,99.16,3.0,3.16,3.06,76.93,81.1,1.52,4.61
2018-06-01,2018,6,9.795481623105582,99.31,3.0,3.2,2.99,75.8,44.4,1.7,4.65
2018-07-01,2018,7,9.737145532995331,99.18,3.0,3.12,2.94,75.23,72.4,1.78,4.73
2018-08-01,2018,8,9.556137277609947,99.3,3.0,3.1,2.94,73.85,79.3,1.71,4.74
2018-09-01,2018,9,10.039446410922096,99.47,3.0,3.23,2.87,79.16,86.5,0.96,4.6
2018-10-01,2018,10,10.231350390798736,99.59,3.0,3.33,2.88,80.78,,0.97,4.85
2018-11-01,2018,11,10.476864522171612,99.7,3.0,3.27,2.75,66.23,,1.42,4.87
2018-12-01,2018,12,10.789811659971924,100.0,3.0,3.18,2.57,57.95,79.8,0.78,4.86
2019-01-01,2019,1,10.735312468294936,100.6,3.0,3.15,2.58,59.94,46.4,1.4,4.78
2019-02-01,2019,2,10.804514907683574,101.18,3.0,3.01,2.51,64.38,75.9,1.22,4.74
2019-03-01,2019,3,10.894755903735511,101.62,3.0,3.21,2.41,66.94,79.7,1.79,4.58
2019-04-01,2019,4,10.780719327394667,102.12,3.0,3.25,2.66,71.48,43.9,1.75,4.59
2019-05-01,2019,5,10.836616153161904,102.44,3.0,3.31,2.65,70.39,,1.56,4.56
2019-06-01,2019,6,10.178422286322723,102.71,3.0,3.43,2.65,63.21,78.4,1.48,4.37
2019-07-01,2019,7,11.015144214288227,102.94,3.0,3.79,2.77,64.32,81.2,1.47,4.37
2019-08-01,2019,8,11.31193351167546,103.03,3.0,3.75,2.86,59.62,82.5,1.45,4.49
2019-09-01,2019,9,11.223711872123006,103.26,3.0,3.82,2.92,62.43,81.3,1.27,4.44
2019-10-01,2019,10,10.97681844743193,103.43,3.0,3.86,2.93,59.63,,1.28,4.51
2019-11-01,2019,11,11.030807998452266,103.54,3.0,3.84,2.99,62.69,,1.38,4.62
2019-12-01,2019,12,10.800592790570882,103.8,3.0,3.8,3.1,65.35,80.5,1.06,4.5
2020-01-01,2020,1,11.104351735967278,104.24,3.0,3.62,3.04,63.9,80.1,0.83,4.44
2020-02-01,2020,2,11.598435028593238,104.94,3.0,3.72,3.0,55.69,78.6,0.89,4.33
2020-03-01,2020,3,12.843818337990424,105.53,3.0,3.86,2.99,33.95,,1.82,4.32
2020-04-01,2020,4,20.563096363996895,105.7,3.0,3.51,2.51,26.85,56.4,1.83,3.86
2020-05-01,2020,5,21.83796192889993,105.36,3.0,2.85,2.03,32.42,67.7,1.8,3.01
2020-06-01,2020,6,20.79745849405479,104.97,3.0,2.19,1.65,40.86,78.4,1.9,2.67
2020-07-01,2020,7,20.725560503050783,104.97,3.0,1.97,1.66,43.3,77.7,1.45,2.3
2020-08-01,2020,8,17.55081327562182,104.96,3.0,1.88,1.57,45.08,78.6,0.81,2.4
2020-09-01,2020,9,16.790176300720955,105.29,3.0,1.97,1.67,41.93,56.2,1.06,2.03
2020-10-01,2020,10,16.193739126461107,105.23,3.0,1.75,1.55,41.61,,0.15,2.16
2020-11-01,2020,11,15.301230367869154,105.08,3.0,1.49,1.13,44.05,,0.36,2.17
2020-12-01,2020,12,14.770505799528852,105.48,3.0,1.61,1.11,50.38,80.3,0.48,2.09
2021-01-01,2021,1,15.1152363595732,105.91,3.0,1.6,0.87,55.22,79.5,-0.23,1.9
2021-02-01,2021,2,14.4155526343694,106.58,3.0,1.56,0.96,62.36,80.9,0.05,2.1
2021-03-01,2021,3,14.328118433920883,107.12,3.0,1.51,0.94,65.8,80.9,0.42,2.49
2021-04-01,2021,4,15.475632704704893,107.76,3.0,1.95,1.24,65.53,78.7,0.48,2.25
2021-05-01,2021,5,15.14320160134094,108.84,3.0,3.3,1.56,68.38,63.2,0.28,2.74
2021-06-01,2021,6,15.032844014654598,108.78,3.0,3.63,1.87,73.51,41.7,0.75,3.11
2021-07-01,2021,7,12.96342192786166,109.14,3.0,3.97,2.05,74.4,,0.83,2.95
2021-08-01,2021,8,13.011965188680549,109.62,3.0,4.44,2.32,70.59,80.7,0.61,2.92
2021-09-01,2021,9,12.54492257539358,110.04,3.0,4.51,2.28,74.75,54.0,0.72,3.47
2021-10-01,2021,10,12.852224460121151,110.06,3.0,4.58,2.02,83.87,79.6,0.87,4.39
2021-11-01,2021,11,12.887383688912552,110.6,3.0,5.26,2.54,80.89,,1.25,4.6
2021-12-01,2021,12,11.838470799765336,111.41,3.0,5.62,2.49,74.68,81.0,1.05,5.44
2022-01-01,2022,1,12.25435756940978,113.26,3.0,6.94,3.47,85.62,69.0,0.93,6.09
2022-02-01,2022,2,11.81051739383934,115.11,3.0,8.01,4.11,94.27,79.3,1.18,7.48
2022-03-01,2022,3,11.673338587397035,116.26,3.0,8.53,4.51,112.44,30.4,1.2,7.72
2022-04-01,2022,4,11.110651695204655,117.71,3.0,9.23,5.26,106.16,79.3,1.49,8.37
2022-05-01,2022,5,10.61739416649434,118.7,3.0,9.07,5.87,112.11,68.0,1.55,8.88
2022-06-01,2022,6,11.627345057050164,119.31,3.0,9.67,6.06,117.69,76.7,2.02,9.7
2022-07-01,2022,7,10.997666583738376,120.27,3.0,10.21,6.43,105.25,81.1,2.82,10.39
2022-08-01,2022,8,10.842780395416284,121.5,3.0,10.84,6.89,97.64,81.3,2.07,10.84
2022-09-01,2022,9,11.377400614195256,122.63,3.0,11.44,7.49,90.61,42.3,1.87,11.4
2022-10-01,2022,10,10.509588876999832,123.51,3.0,12.22,8.38,93.72,,2.83,12.43
2022-11-01,2022,11,10.81428894411352,124.46,3.0,12.53,8.82,90.94,,4.16,11.93
2022-12-01,2022,12,10.88886996137738,126.03,3.0,13.12,9.51,81.5,84.2,3.41,11.9
2023-01-01,2023,1,11.336941164420884,128.27,3.0,13.25,9.78,84.08,77.1,1.96,12.02
2023-02-01,2023,2,10.260046268303016,130.4,3.0,13.28,10.04,83.63,77.3,2.1,11.87
2023-03-01,2023,3,9.532783801371211,131.77,3.0,13.34,10.51,79.26,79.6,2.47,10.81
2023-04-01,2023,4,10.66409020654596,132.8,3.0,12.82,10.48,83.54,76.7,3.3,11.25
2023-05-01,2023,5,10.476760171898658,133.38,3.0,12.36,10.46,75.75,76.7,3.44,10.82
2023-06-01,2023,6,9.681976810791896,133.78,3.0,12.13,10.51,74.97,78.1,4.03,10.42
2023-07-01,2023,7,9.657267044904646,134.45,3.0,11.78,10.22,80.11,77.8,4.06,9.97
2023-08-01,2023,8,9.562142276052104,135.39,3.0,11.43,9.92,85.17,79.0,4.1,9.44
2023-09-01,2023,9,9.918807054647552,136.11,3.0,10.99,9.51,92.67,80.9,3.79,10.6
2023-10-01,2023,10,9.982388235847992,136.45,3.0,10.48,9.2,88.95,,3.93,10.98
2023-11-01,2023,11,10.32752233945942,137.09,3.0,10.15,8.86,82.19,,3.68,10.38
2023-12-01,2023,12,10.507254318372542,137.72,3.0,9.28,8.42,77.54,87.9,2.96,10.06
2024-01-01,2024,1,10.289195089755744,138.98,3.0,8.35,7.81,79.11,78.2,2.17,9.37
2024-02-01,2024,2,10.579013536106467,140.49,3.0,7.74,7.26,81.8,77.5,2.45,9.33
2024-03-01,2024,3,10.760988093303707,141.48,3.0,7.36,6.77,84.96,,2.78,9.04
2024-04-01,2024,4,10.601189796197916,142.32,3.0,7.16,6.37,88.97,87.2,3.76,9.86
2024-05-01,2024,5,10.296139795023716,142.92,3.0,7.16,6.13,83.05,76.8,4.38,9.67
2024-06-01,2024,6,10.608173457741596,143.38,3.0,7.18,6.01,82.92,,3.56,9.35
2024-07-01,2024,7,10.058440575843736,143.67,3.0,6.86,5.81,84.05,78.6,3.65,8.9
2024-08-01,2024,8,9.999676806053914,143.67,3.0,6.12,5.51,79.02,76.8,2.83,8.25
2024-09-01,2024,9,9.815280004048036,144.02,3.0,5.81,5.49,73.06,78.9,2.86,8.03
2024-10-01,2024,10,9.85482326279976,143.83,3.0,5.41,5.35,75.27,75.8,3.09,8.58
2024-11-01,2024,11,9.513597279997509,144.22,3.0,5.2,5.37,73.51,,3.48,8.47
2024-12-01,2024,12,9.537576357436455,144.88,3.0,5.2,5.15,73.23,76.7,3.17,9.39
2025-01-01,2025,1,9.30961839542789,146.24,3.0,5.22,5.02,78.19,45.6,2.81,9.23
2025-02-01,2025,2,9.236777358408036,147.9,3.0,5.28,4.9,75.19,76.9,3.14,8.92
2025-03-01,2025,3,9.076131744685052,148.68,3.0,5.09,4.84,71.74,,4.35,9.34
2025-04-01,2025,4,8.762183735914926,149.66,3.0,5.16,4.9,66.93,79.2,4.66,9.26
2025-05-01,2025,5,9.032661143586347,150.14,3.0,5.05,4.77,64.09,77.7,4.0,9.02
2025-06-01,2025,6,8.899958777802293,150.3,3.0,4.82,4.77,69.85,,5.0,9.08
2025-07-01,2025,7,9.004793152971894,150.71,3.0,4.9,4.8,69.56,79.1,5.09,8.98
2025-08-01,2025,8,8.967081146305327,150.99,3.0,5.1,4.82,67.24,80.4,5.42,9.25
2025-09-01,2025,9,8.841941846781667,151.48,3.0,5.18,4.83,67.61,76.9,4.83,9.27
2025-10-01,2025,10,8.8871677955001,151.76,3.0,5.51,4.99,63.98,,4.65,9.45
2025-11-01,2025,11,8.362037703828133,151.87,3.0,5.3,4.85,63.69,,5.16,10.09
2025-12-01,2025,12,8.350502059887724,152.27,3.0,5.1,5.02,61.81,77.5,5.75,11.3
2026-01-01,2026,1,8.543349915804752,154.07,3.0,5.35,5.39,64.59,,4.44,11.65
2026-02-01,2026,2,,155.73,3.0,5.29,5.51,69.41,,4.98,13.33
2026-03-01,2026,3,,,3.0,,,,,6.68,13.46
2026-04-01,2026,4,,,3.0,,,,,,
2026-05-01,2026,5,,,3.0,,,,,,
2026-06-01,2026,6,,,3.0,,,,,,
2026-07-01,2026,7,,,3.0,,,,,,
2026-08-01,2026,8,,,3.0,,,,,,
2026-09-01,2026,9,,,3.0,,,,,,
2026-10-01,2026,10,,,3.0,,,,,,
2026-11-01,2026,11,,,3.0,,,,,,
2026-12-01,2026,12,,,3.0,,,,,,
