iso3,Country,year,avh,ccon,cda,cgdpe,cgdpo,ck,cn,cor_exp,csh_c,csh_g,csh_i,csh_m,csh_r,csh_x,ctfp,cwtfp,delta,emp,hc,irr,labsh,pl_c,pl_con,pl_da,pl_g,pl_gdpo,pl_i,pl_k,pl_m,pl_n,pl_x,pop,rconna,rdana,rgdpe,rgdpna,rgdpo,rkna,rnna,rtfpna,rwtfpna,xr
COL,Colombia,1950,2786.89,37977.30078125,50261.81640625,45024.46875,44851.94140625,,198681.09375,,0.784818649291992,0.0619072876870632,0.273890376091003,-0.0869028270244598,-0.11372371762991,0.0800102055072784,,,0.0327303260564804,3.42831301689148,1.44564461708069,0.230329722166061,0.47197362780571,0.138081444692243,0.135791212320328,0.127382054924965,0.106757277173279,0.127872049808502,0.101385300518359,,0.0905482918024063,0.0551099292933941,0.0941957831382752,11.257437789049,42017.82421875,50032.90625,44898.11328125,49730.36328125,45118.94140625,,143208.3125,,,1.949936866485
COL,Colombia,1951,2774.03,38317.734375,50467.55078125,45443.828125,45539.35546875,,206160.171875,,0.771763265132904,0.0696569532155991,0.266798198223114,-0.0925230383872986,-0.108951672911644,0.0932562649250031,,,0.0326136164367199,3.49751305580139,1.459104180336,0.235521093010902,0.47197362780571,0.129389172130107,0.1262296885252,0.116370417177677,0.0912242952653323,0.116126298904419,0.0852765143316986,,0.0971951857209206,0.0475064516067505,0.0944431275129318,11.620015796168,42467.2890625,50045.81640625,45042.55078125,50900.3203125,45796.01953125,,151784.46875,,,2.40069159007874
COL,Colombia,1952,2761.23,41168.546875,54087.09375,48637.52734375,48830.77734375,,218266.953125,,0.772534608840942,0.0705514326691628,0.264557480812073,-0.082212932407856,-0.109112001955509,0.0836813524365425,,,0.0326217040419579,3.56704139709473,1.47268915176392,0.2321587651968,0.47197362780571,0.12399853387974,0.121137715876102,0.112396501004696,0.0898118708894062,0.111951686441898,0.0845401974513259,,0.102633386850357,0.0468648448586464,0.0969091951847076,11.9946637448643,45405.36328125,53455.58203125,48010.58984375,54268.15625,48860.4921875,,160910.5,,,2.5106315630252
COL,Colombia,1953,2748.49,44315.4453125,59018.421875,53301.26171875,53155.89453125,,232363.703125,,0.754856288433075,0.0788319706916809,0.276601076126099,-0.0968772172927856,-0.103905811905861,0.0904937461018562,,,0.0329506285488606,3.63104104995728,1.48640060424805,0.258862912654877,0.47197362780571,0.128584150841505,0.125106811523438,0.114162884652615,0.0918095810499081,0.114475093781948,0.0811773873384133,,0.104477092623711,0.0445562563836575,0.107602328062058,12.3820114356497,48476.94140625,57912.0078125,52638.09375,58528.79296875,53073.609375,,172045,,,2.5106315630252
COL,Colombia,1954,2735.81,47751.9765625,65578.328125,58792.234375,57991.328125,0.019324004650116,252225.328125,,0.748597741127014,0.0748352780938149,0.307396858930588,-0.0967139005661011,-0.107977949082851,0.0738619491457939,0.552515149116516,0.624545514583588,0.0335081219673157,3.69552993774414,1.50023972988129,0.265631377696991,0.47197362780571,0.139779761511833,0.136628836393356,0.123279929161072,0.105109204026147,0.1249825283885,0.0875218300217286,1.39858281612396,0.114141337573528,0.0478364378213882,0.136854037642479,12.7825052859462,52331.9921875,64039.71484375,58327.62890625,63028.14453125,58131.00390625,0.0520174391567707,186641.921875,0.986784994602203,0.950251758098602,2.5106315630252
COL,Colombia,1955,2723.18,49568.37890625,68349.9140625,60156.3203125,59858.87109375,0.0200560167431831,271759.09375,,0.750946521759033,0.0771409273147583,0.313763618469238,-0.0971705466508865,-0.116521291434765,0.071840763092041,0.529403686523438,0.604190468788147,0.0339003764092922,3.77015423774719,1.51420760154724,0.239455312490463,0.47197362780571,0.141100511895477,0.138026863336563,0.125550791621208,0.108105780985943,0.126174673438072,0.0926238141959346,1.25330674648285,0.112402282655239,0.050423126667738,0.117462478578091,13.1966130152516,54582.3984375,66988.7109375,60003.8046875,65726.6015625,60331.28125,0.0563147999346256,201757.390625,0.975387692451477,0.942191064357758,2.5106315630252
COL,Colombia,1956,2710.61,49745.9375,68782.4765625,61298.83984375,61011.53515625,0.0208565164357424,291166.78125,,0.741810083389282,0.0735429599881172,0.312015384435654,-0.085934653878212,-0.112694263458252,0.0712605342268944,0.511772274971008,0.579047441482544,0.0339950919151306,3.84954786300659,1.52740108966827,0.217142060399055,0.47197362780571,0.154962264082838,0.151279255747795,0.138104572892189,0.114129575563701,0.138754919171333,0.103676772593083,1.32748222351074,0.123398631811142,0.0573612041771412,0.130525067448616,13.624816235722,55281.53125,67669.734375,61291.25,67412.375,61679.18359375,0.0603026710450649,216162.8125,0.95363986492157,0.907278299331665,2.5106315630252
COL,Colombia,1957,2698.11,50169.37109375,67590.453125,60869.68359375,60752.3125,0.0209901910275221,297786.65625,,0.759395718574524,0.0664061307907105,0.28675588965416,-0.0730044171214104,-0.10990334302187,0.0703500062227249,0.49159562587738,0.550608277320862,0.0333601646125317,3.92877316474915,1.54070961475372,0.166540667414665,0.47197362780571,0.116222297252025,0.114020891487598,0.109810151159763,0.0888463962801483,0.11002229899168,0.0976840436289453,0.982299327850342,0.124852195382118,0.0535416454076767,0.128766790032387,14.06832175628,56104.9296875,67022.21875,60893.859375,67763.21875,61516.578125,0.0634298846125603,227867.140625,0.922652661800385,0.864896774291992,3.79793054323015
COL,Colombia,1958,2685.65,51244.3203125,66184.9140625,60358.47265625,60797.6875,0.0204152632504702,301441.90625,,0.772546350955963,0.0703199058771133,0.245742827653885,-0.0582739785313606,-0.102525629103184,0.072190523147583,0.48643296957016,0.528222441673279,0.0322980806231499,4.00957632064819,1.55413401126862,0.143590793013573,0.47197362780571,0.0784228019024861,0.0767544209957123,0.076115608215332,0.0584253272167902,0.0755657255649567,0.0739245454091067,0.678627610206604,0.124768175184727,0.0398332104086876,0.106991186738014,14.5269878718101,57091.11328125,65786.796875,60388.01171875,68437.703125,61468.91796875,0.0654859468340874,235389.625,0.905778110027313,0.825213670730591,6.40151138862358
COL,Colombia,1959,2673.26,53769.75390625,69400.9921875,63313.6171875,64281.0234375,0.0200859922915697,318060.875,,0.769067704677582,0.0674116909503937,0.24317030608654,-0.0555763691663742,-0.102789811789989,0.078716441988945,0.494292676448822,0.532508254051209,0.0313172899186611,4.08767509460449,1.56767535209656,0.149998098611832,0.47197362780571,0.0851527257547898,0.0835948958992958,0.0828853920102119,0.0658223604471988,0.0816380009055138,0.0804447836926681,0.714071750640869,0.127847045660019,0.0426372922956944,0.0971542671322823,15.0013573221654,60034.23828125,69206.3984375,63529.328125,73020.859375,65111.43359375,0.0676131993532181,243766.84375,0.939848840236664,0.844225764274597,6.40151138862358
COL,Colombia,1960,2660.92,57198.2578125,75301.96875,66986.3125,67748.8671875,0.0203100331127644,339103.4375,,0.773837327957153,0.0704315528273583,0.267217874526978,-0.071532130241394,-0.11417318880558,0.0742185413837433,0.500032246112824,0.556297361850739,0.03074936196208,4.18358373641968,1.58133471012115,0.152207747101784,0.47197362780571,0.0884696047664819,0.0869248807430267,0.0861744210124016,0.0699529099321965,0.0852044746279717,0.0838033594701387,0.762261211872101,0.1119264960289,0.0441900417208672,0.0964334756135941,15.4927656549023,63324.18359375,74705.15625,66927.9453125,77214.6328125,68963.7265625,0.0709104686975479,255918.640625,0.9567711353302,0.877324640750885,6.63538397649338
COL,Colombia,1961,2655.11,61024.94140625,80913.96875,71104.890625,71978.7421875,0.0200489554554224,360395.65625,,0.776580572128296,0.0712383687496185,0.276318043470383,-0.0678950399160385,-0.119470536708832,0.0632285624742508,0.515636503696442,0.580669760704041,0.0305878613144159,4.29408884048462,1.59134590625763,0.157231733202934,0.47197362780571,0.094603083947278,0.0932061150670052,0.0916684940457344,0.0779775214388862,0.0905556008219719,0.0869506561184736,0.833992063999176,0.117157004773617,0.0462572984397411,0.0993342027068138,16.0010711649055,67688.140625,80398.9296875,71179.2578125,81723.546875,73380.140625,0.0747393220663071,270040.34375,0.970971941947937,0.90533858537674,6.70038731624862
COL,Colombia,1962,2649.31,65526.72265625,83875.90625,74528.0625,75515.5859375,0.0197383221238852,380407.65625,,0.793802320957184,0.0739221200346947,0.242985412478447,-0.0596049018204212,-0.112992957234383,0.061887938529253,0.517693400382996,0.575926005840302,0.0303252059966326,4.40686798095703,1.60142040252686,0.155624076724052,0.47197362780571,0.097397127235143,0.0960208103060722,0.0952128022909164,0.0812414653971987,0.0939676910638809,0.092327293408294,0.84787791967392,0.122743718326092,0.0485464036464691,0.0993361622095108,16.5194432951515,72611.59375,83615.984375,74780.8515625,85689.84375,76846.0078125,0.0776560828089714,282011.125,0.983672261238098,0.909728229045868,6.90160706811918
COL,Colombia,1963,2643.52,68607.53125,86301.640625,76596.9140625,77726.21875,0.0196372102946043,394908.40625,,0.806274175643921,0.0764078199863434,0.227646574378014,-0.053337998688221,-0.118107408285141,0.0611168965697289,0.508953034877777,0.567495584487915,0.0299048591405153,4.52068519592285,1.61155879497528,0.148971036076546,0.47197362780571,0.0913290119930153,0.0902102068066597,0.090209923684597,0.0784042837003628,0.0888992473483086,0.0902088517852321,0.780618190765381,0.12205720692873,0.0472366400063038,0.0940253064036369,17.0401160496207,76202.4609375,86239.9921875,77047.6796875,88255.4375,79102.75,0.0802086740732193,292915.65625,0.982141494750977,0.909583568572998,9.00052053178368
COL,Colombia,1964,2637.74,74666.96875,94642.8359375,83403.6328125,83982.984375,0.0194495990872383,417534.3125,,0.816725373268127,0.0723472163081169,0.237856134772301,-0.0554823316633701,-0.130295768380165,0.0588493905961514,0.517638683319092,0.588038444519043,0.0296028163284063,4.63522863388062,1.62176120281219,0.165328860282898,0.47197362780571,0.105513675100701,0.103834830224514,0.102538675069809,0.0848824469204679,0.101831309497356,0.0976938209465855,0.903482258319855,0.125824108719826,0.0513361878693104,0.110905878245831,17.5684149473486,83257.453125,94896.65625,84153.25,95229.9375,85725.09375,0.0838456749916077,306541.4375,1.02108728885651,0.964365303516388,9.00052053178368
COL,Colombia,1965,2631.97,73719.640625,92884.828125,83237.9609375,84057.421875,0.0193938724696636,432385.8125,,0.798604667186737,0.0784105956554413,0.228001162409782,-0.0427208878099918,-0.126244515180588,0.0639490038156509,0.494038254022598,0.54768031835556,0.02934311889112,4.76037216186523,1.63202834129334,0.15219683945179,0.47197362780571,0.102096437658087,0.099618211388588,0.0994184985756874,0.0743777198428192,0.0984492897987366,0.0986503146594682,0.797841846942902,0.126286953687668,0.0512596145272255,0.100298471748829,18.1085540947023,81945.4296875,93096.7578125,84054.6015625,96211.046875,85923.71875,0.0869828015565872,318967.84375,0.997207462787628,0.9145268201828,10.4756062226511
COL,Colombia,1966,2626.22,80353.8828125,101317.0390625,87282.84375,88825.0625,0.0191357862204313,447465.6875,,0.825188517570496,0.0794422924518585,0.236004963517189,-0.0579081401228905,-0.139484062790871,0.0567564703524113,0.49451807141304,0.564053297042847,0.029123343527317,4.92188787460327,1.64236044883728,0.138084411621094,0.47197362780571,0.0893342618262526,0.0873676687479019,0.0895615667104721,0.0669401207552905,0.0880065709352493,0.0979710305190685,0.703541219234467,0.131061762571335,0.0501048117876053,0.100684441626072,18.6480930792152,89221.6875,101636.84375,88142.8203125,101569.0703125,90688.9765625,0.0910187587141991,333577.34375,1.00980317592621,0.95769602060318,13.5007807976755
COL,Colombia,1967,2620.48,80434.1015625,101918.9453125,90978.5703125,92237.75,0.0189670938998461,468449,,0.789587378501892,0.0824428498744965,0.232928976416588,-0.0392405167222023,-0.12184951454401,0.0561308637261391,0.496124655008316,0.54717755317688,0.028910169377923,5.086021900177,1.6527578830719,0.153411403298378,0.47197362780571,0.0920414274276266,0.0897028744220734,0.0899040624499321,0.0673056285588243,0.0886767283082008,0.0906572711183186,0.716073036193848,0.13727405667305,0.0463656075298786,0.0984901934862137,19.1941745796351,89149.5234375,102123.4609375,91836.2890625,105590.2734375,94132.5234375,0.0947478339076042,348338.34375,1.0100017786026,0.925816774368286,14.5072286220158
COL,Colombia,1968,2614.76,85515.0546875,110371.3984375,96558.578125,98243.765625,0.0191822908818722,494003.84375,,0.78939813375473,0.0810393020510674,0.253006845712662,-0.0456601120531559,-0.133039727807045,0.0552555806934834,0.497574687004089,0.555580317974091,0.0287142395973206,5.2592945098877,1.66322124004364,0.146508678793907,0.47197362780571,0.0885853897796005,0.0864659696817398,0.0879061296582222,0.0658208687538625,0.0863982662558556,0.0928608077071047,0.679391443729401,0.143397331237793,0.0473356805741787,0.102841429412365,19.7357344828497,94697.03125,110681.53125,97423.203125,112503.65625,100181.28125,0.0999191403388977,367322.15625,1.02793538570404,0.958463609218597,16.2916125961995
COL,Colombia,1969,2609.04,91821.6953125,117424.0234375,103008.8671875,104605.7109375,0.0193457156419754,518075.78125,,0.794655323028565,0.0831332504749298,0.244750738143921,-0.0435739085078239,-0.13096721470356,0.0520018190145493,0.508152365684509,0.566906571388245,0.0286840442568064,5.43368864059448,1.67375075817108,0.148014828562737,0.47197362780571,0.0897311460189788,0.087625652551651,0.0890865176916122,0.0674996243639397,0.0877265706658363,0.0943258548593658,0.691269338130951,0.150341644883156,0.0483722239732742,0.110837288200855,20.2674250415703,102210.34375,117967.578125,104225.46875,119906.234375,106987.8125,0.105121918022633,386308.6875,1.04826128482819,0.977443695068359,17.321142581268
COL,Colombia,1970,2603.34,98238.1171875,128003.7421875,111618.5078125,112992.3203125,0.019490959122777,545712.6875,,0.780817627906799,0.0886053666472435,0.263430505990982,-0.0473292544484139,-0.135416299104691,0.0498920679092407,0.52910327911377,0.597770035266876,0.0288545582443476,5.6399245262146,1.68434691429138,0.15036141872406,0.47197362780571,0.0912201768126765,0.0890628397464752,0.0907231420278549,0.0700516919874437,0.0896200910210609,0.0962027768141582,0.728164196014404,0.157624378800392,0.0499136075377464,0.129085212945938,20.811782,109426.0625,128740.4375,113093.203125,128314.8984375,115640.4765625,0.112005464732647,409863.4375,1.06384611129761,1.01162135601044,18.4441666666667
COL,Colombia,1971,2591.69,111264.5859375,142760.828125,122729.71875,124897.2734375,0.0199273545295,575941.375,,0.786445379257202,0.104403391480446,0.252177208662033,-0.04697360470891,-0.141343027353287,0.0452906154096127,0.556717395782471,0.632577955722809,0.029216967523098,5.83294105529785,1.69703042507172,0.149953901767731,0.476662755012512,0.0908183525398446,0.0884374678134918,0.0895481482148171,0.0705028717910549,0.0879940614104271,0.093471753590902,0.683815062046051,0.158421039581299,0.0507925823330879,0.121816821396351,21.319096,119423.0546875,138982.484375,124563.421875,135963.40625,128029.1171875,0.119265720248222,433945.40625,1.07184445858002,1.03841519355774,19.9333333333333
COL,Colombia,1972,2580.09,120341.53125,151473.9375,135739.40625,136913.171875,0.0198393017053604,591459.875,,0.78539764881134,0.0935647487640381,0.227387994527817,-0.0370780639350414,-0.116283811628819,0.047011461108923,0.581064164638519,0.637373685836792,0.0295821223407984,6.03272581100464,1.70964860916138,0.156084775924683,0.468175530433655,0.0900907919424941,0.0878743156790733,0.08989317715168,0.0692688228830008,0.0891225263476372,0.0976970427302588,0.709243416786194,0.169201165437698,0.0534852035343647,0.134144470095634,21.819563,125192.53125,143340.609375,138245.84375,146390.640625,140731.421875,0.125770404934883,455843.5,1.10292601585388,1.02353715896606,21.8666666666667
COL,Colombia,1973,2568.55,130982.7734375,165602.34375,150587.96875,151141.765625,0.019569668918848,601705.8125,,0.77173924446106,0.0948826968669891,0.22905358672142,-0.0383820049464703,-0.107579231262207,0.050285704433918,0.613961517810822,0.67242705821991,0.029785281047225,6.23954296112061,1.7193431854248,0.168003991246223,0.458529472351074,0.0961674251112529,0.0936687141656876,0.0961362943053246,0.0733451495908618,0.0957840457558632,0.105472357412106,0.782063722610474,0.182984083890915,0.0592774711549282,0.154666811227798,22.325374,131818.890625,152140.578125,154153.375,156232.421875,155996.203125,0.132599517703056,480267.3125,1.1258020401001,1.03905189037323,23.5716666666667
COL,Colombia,1974,2556.91,144000.296875,187009.546875,162374.34375,164267.015625,0.0189637709408999,615392.8125,,0.789165914058685,0.087457463145256,0.261825263500214,-0.0475379750132561,-0.141317754983902,0.0504070706665516,0.683380782604218,0.777966380119324,0.0299219097942114,6.45365953445435,1.72909271717072,0.166036397218704,0.450060665607452,0.105265054687678,0.102805778384209,0.106855764985085,0.0806146493543016,0.105624578893185,0.12041562783383,0.906935155391693,0.204535409808159,0.0704910457134247,0.171099185943604,22.833469,138839.046875,165367.75,164772.9375,165209.140625,168423.625,0.140399545431137,507448.3125,1.13580071926117,1.07750713825226,26.0616666666667
COL,Colombia,1975,2545.32,154370.640625,190594.234375,172932.9375,174438.25,0.0190297923982143,628079.6875,,0.798319518566132,0.0866391211748123,0.2076585739851,-0.0388154983520508,-0.100504234433174,0.0467025265097618,0.706388533115387,0.778883635997772,0.0301188081502914,6.82159805297852,1.73889756202698,0.16117325425148,0.452930808067322,0.105191727038917,0.103021532297134,0.106339387595654,0.0830246943716411,0.105421744287014,0.120478775911454,0.837960660457611,0.220766499638557,0.0739717930555344,0.179818585515022,23.344644,142875.875,161258.953125,175313.984375,169047.390625,178882.5625,0.147279366850853,531400.4375,1.10354673862457,0.997716963291168,30.9275
COL,Colombia,1976,2533.79,164311.390625,202564.625,185953.03125,185748.28125,0.0185642186552286,632075.9375,,0.799951612949371,0.0846401080489159,0.205941259860992,-0.0401248782873154,-0.0910280421376228,0.0406199879944325,0.728417336940765,0.792861223220825,0.0304098557680845,7.04112052917481,1.74875795841217,0.16327266395092,0.444610804319382,0.113374044476534,0.110846117138863,0.11579854786396,0.086954113050735,0.115926206111908,0.137071053647253,0.908722162246704,0.229180723428726,0.0857499986886978,0.231227234005928,23.85881,152486.015625,173010.359375,189046.703125,177040.5625,190858.734375,0.155490681529045,558505.75,1.10529041290283,1.0237101316452,34.695
COL,Colombia,1977,2522.3,171313.484375,214474.8125,197584.109375,194705.046875,0.0176501087844372,627163.625,,0.794706881046295,0.0851547196507454,0.221675470471382,-0.0413531810045242,-0.100655153393745,0.0404712818562985,0.750098347663879,0.817322790622711,0.030623123049736,7.35281133651733,1.75867426395416,0.172778591513634,0.441564679145813,0.135325478460451,0.131639376282692,0.138382077217102,0.0972387329615108,0.140428304672241,0.165144827005325,1.09813940525055,0.25190681219101,0.105833098292351,0.310029804706574,24.393494,158722.140625,184755.515625,200641.078125,184402.8125,199909.984375,0.163021415472031,584342.5625,1.09946990013123,1.04403364658356,36.7741666666667
COL,Colombia,1978,2510.87,185464.625,230383.21875,210769.859375,209196.609375,0.01680101826787,625262.25,,0.800015211105347,0.0865414068102837,0.214719489216805,-0.0513606704771519,-0.0992418676614761,0.0493264272809029,0.796156883239746,0.868195116519928,0.0307548400014639,7.53997898101807,1.76864683628082,0.153800159692764,0.468865245580673,0.150773089237839,0.147651597857475,0.15491583943367,0.118795552039843,0.156080886721611,0.184909242645873,1.16213738918304,0.263978242874146,0.132426366209984,0.29443895816803,24.950337,172142.671875,199700.546875,214331.390625,200021.546875,215069.953125,0.172154873609543,613581.9375,1.1439460515976,1.08245360851288,39.095
COL,Colombia,1979,2499.5,194662.9375,238553.65625,217086.234375,216864.046875,0.0166194308549166,629189.1875,,0.804160416126251,0.093466192483902,0.202388152480125,-0.0511154681444168,-0.100602596998215,0.051703292876482,0.808767855167389,0.88597184419632,0.0310240089893341,7.75586700439453,1.77867591381073,0.142354369163513,0.485348850488663,0.174209052742478,0.170515865087509,0.180770963430405,0.138740641213228,0.180956184864044,0.22625408165584,1.2256418466568,0.291669517755508,0.162424579262733,0.294351398944855,25.515626,180660.25,207099.1875,220641.21875,210780.921875,222936.28125,0.182043641805649,643011.5,1.154505610466,1.07508897781372,42.5483333333333
COL,Colombia,1980,2488.17,206461.578125,254212.265625,228326.546875,228474.46875,0.016466561704874,646320.0625,,0.8025963306427,0.101056434214115,0.208997905254364,-0.0653477236628532,-0.0980721637606621,0.0507691986858845,0.84183669090271,0.94304895401001,0.0313520804047585,7.88934707641602,1.78876197338104,0.136208280920982,0.494571834802628,0.197079984229175,0.19259937107563,0.205411717295647,0.1570141117796,0.205278739333153,0.260809006081324,1.34120941162109,0.312291294336319,0.189514294266701,0.34010574221611,26.104498,189898.53125,220429.25,230105.828125,219396.3125,233589.578125,0.194253653287888,677996.1875,1.15224993228912,1.09720540046692,47.2783333333333
COL,Colombia,1981,2475.24,209816.359375,263938.6875,227250.1875,229848.6875,0.0171991232782602,679079.5,,0.813709080219269,0.0991364642977715,0.235469445586205,-0.0710194632411003,-0.117561340332031,0.0402657985687256,0.800284147262573,0.921785891056061,0.0316368266940117,8.23940277099609,1.80154001712799,0.122690066695213,0.509342670440674,0.216966117596067,0.212920844554901,0.224889904260635,0.179717389598013,0.222347468137741,0.271290389469103,1.17841362953186,0.318502485752106,0.204808801412582,0.319436460733414,26.713267,195572.6875,232307.96875,228693.796875,224391.671875,234844.578125,0.206505671143532,714784,1.11741518974304,1.09641063213348,54.4891666666667
COL,Colombia,1982,2462.38,211228.671875,268220,229703.890625,231722.453125,0.0181134287267923,710758.4375,,0.814387142658234,0.0971717685461044,0.245946556329727,-0.0730935037136078,-0.124011851847172,0.0395998433232307,0.787133574485779,0.908340036869049,0.0318420380353928,8.37739658355713,1.81440949440002,0.118697345256805,0.512100636959076,0.231416724888959,0.228487491607666,0.238204434514046,0.20393781843083,0.236129403114319,0.274218608037548,1.1500563621521,0.322545200586319,0.212917357683182,0.3349829018116,27.338331,199032.46875,238428.359375,230557.328125,226519.84375,235883.421875,0.218343868851662,751304.5625,1.08733069896698,1.08471238613129,64.0858333333333
COL,Colombia,1983,2449.58,209986.421875,264725,228689.40625,231035.359375,0.0189959071576595,736721.9375,,0.818111658096314,0.0907813832163811,0.236927285790443,-0.0660893470048904,-0.122895553708076,0.0431646108627319,0.749775290489197,0.846269428730011,0.031869612634182,8.38828182220459,1.8273708820343,0.114504963159561,0.516733825206757,0.229056319496793,0.227985888719559,0.237816318869591,0.218339311031724,0.235401511192322,0.275527474223935,0.961097419261932,0.325296014547348,0.207045763731003,0.308937102556229,27.988173,199730.0625,237806.703125,229684.5,230085.171875,234781.953125,0.22929610311985,787105.4375,1.07672953605652,1.05473506450653,78.8575
COL,Colombia,1984,2436.85,213348.40625,264314.9375,234058.890625,235447.421875,0.0191439259797335,764693.3125,,0.818647503852844,0.087492860853672,0.216466695070267,-0.0596209056675434,-0.110481284558773,0.0474951267242432,0.727619290351868,0.793217122554779,0.0317449979484081,8.44988918304443,1.84042477607727,0.117251761257648,0.502374231815338,0.217544924652799,0.217889353632927,0.229535698890686,0.2211120855585,0.228182047605515,0.278287877676707,0.868934273719788,0.320025533437729,0.19974260032177,0.311478227376938,28.64269,205691.375,239734.171875,235779.109375,237794.59375,239723.953125,0.239596396684647,822389.8125,1.0839741230011,1.03573393821716,100.8175
COL,Colombia,1985,2424.19,215205.875,261230.3125,235028.40625,236214.734375,0.0190566647797823,790747.1875,,0.824235558509827,0.0868247672915459,0.194841489195824,-0.0540757142007351,-0.0996726527810097,0.0478465594351292,0.700291097164154,0.750316739082336,0.031453862786293,8.67510986328125,1.85357201099396,0.107822820544243,0.483181983232498,0.192306375741287,0.192669257521629,0.20850071310997,0.196114076825258,0.207453563809395,0.282527066237922,0.770153284072876,0.323379427194595,0.194787010550499,0.314268678426743,29.26847,210070.890625,237846.65625,236750.796875,245183.125,239662.625,0.247673451900482,853695.25,1.08384168148041,0.996491551399231,142.311666666667
COL,Colombia,1986,2411.6,220008.984375,267370.96875,254007.546875,250921.796875,0.019126595929265,816937.5625,,0.796855688095093,0.0799473375082016,0.188752040266991,-0.0454845912754536,-0.0782040953636169,0.0581336580216885,0.704510271549225,0.726577281951904,0.0311001371592283,8.96856594085693,1.86681318283081,0.121727421879768,0.454005360603333,0.178301500362687,0.17884173989296,0.193184211850166,0.184226448365057,0.195559948682785,0.259808757607873,0.779760420322418,0.337511420249939,0.182246997952461,0.350170224905014,29.879112,216496.265625,245851.78125,255636.578125,259462.765625,254742.734375,0.257852703332901,889512.25,1.10432171821594,0.991734147071838,194.260833333333
COL,Colombia,1987,2399.06,226088.328125,277515.8125,253969.671875,252648.796875,0.0189868435263634,841383.6875,,0.814513146877289,0.0803588405251503,0.203553199768066,-0.0445206388831139,-0.108305476605892,0.0544009245932102,0.677426218986511,0.72231125831604,0.0309445727616549,9.42428493499756,1.88014888763428,0.119797885417938,0.456234276294708,0.183319017523317,0.183915734291077,0.201114118099213,0.189964072086776,0.202165573835373,0.276722616440225,0.784535765647888,0.375883638858795,0.184573441743851,0.365563184022903,30.499467,225032.265625,258681.15625,255802.109375,273393.15625,256890.4375,0.268900185823441,924429.25,1.11098372936249,0.996290922164917,242.606666666667
COL,Colombia,1988,2386.6,233402.421875,288660.59375,260587.03125,260820.953125,0.0191464554518461,880290.0625,,0.813255846500397,0.0816201940178871,0.211862474679947,-0.0470533221960068,-0.108112834393978,0.048427626490593,0.66457611322403,0.720281720161438,0.0309615023434162,9.77682495117188,1.8935798406601,0.110139816999435,0.458047240972519,0.18795952044108,0.189063161611557,0.211310476064682,0.20005981626793,0.211120963096619,0.305279867563507,0.784674465656281,0.407843410968781,0.201549828052521,0.397929549217224,31.130524,234713.921875,272325.84375,262410.1875,284504.34375,265144.6875,0.281827419996262,966031,1.10730791091919,1.00454556941986,299.173333333333
COL,Colombia,1989,2374.2,239255.515625,289832.125,267629.40625,266819.71875,0.0194005556404591,910728.25,,0.815795600414276,0.0808979868888855,0.189553439617157,-0.0435966849327087,-0.0960884690284729,0.0534381158649921,0.650795817375183,0.697078227996826,0.0309768561273813,10.2558507919312,1.907106757164,0.107960395514965,0.459124714136124,0.184624056894584,0.1867755651474,0.207478687167168,0.20847190576906,0.208108320832253,0.305416058899153,0.706967949867249,0.430733233690262,0.199217349290848,0.402532070875168,31.776279,242844.109375,273604.09375,269649.71875,294217.59375,271348.3125,0.292627841234207,1001388.5625,1.0967276096344,0.966616034507752,382.566666666667
COL,Colombia,1990,2362.2,248487,296995.21875,280321.875,278673.71875,0.0193623322993517,932486.75,,0.819344818592072,0.0723323747515678,0.174068152904511,-0.0462295562028885,-0.0802812650799751,0.0607654452323914,0.658922016620636,0.693616032600403,0.0309660099446774,10.5054531097412,1.92073035240173,0.11555140465498,0.448406875133514,0.178919156923902,0.182336166501045,0.201757192611694,0.221042312874423,0.202950462698936,0.301242859779509,0.702157437801361,0.43379271030426,0.192461967468262,0.39950042963028,32.440069,250186.640625,278957.78125,279217.84375,306815.96875,280673.28125,0.302490890026093,1032796.1875,1.10994446277618,0.956451654434204,502.26
COL,Colombia,1991,2350.17,249798.015625,294103.6875,284770,278393.46875,0.0192199535667896,957555.625,,0.825353682041168,0.0719304010272026,0.159147679805756,-0.0384274050593376,-0.0721489861607552,0.0541447028517723,0.636743783950806,0.670207440853119,0.0308006200939417,11.1938276290894,1.94368135929108,0.121089838445187,0.44645556807518,0.186146287359983,0.189699083566666,0.205282181501389,0.230465005005259,0.209984108805656,0.293140661604649,0.710309505462647,0.464293003082275,0.190547794103622,0.482211798429489,33.098372,254525.796875,276815.8125,283889.75,312957.21875,282256.625,0.309167563915253,1057712.875,1.08397698402405,0.908714056015015,627.1525
COL,Colombia,1992,2338.21,256553.078125,319551.15625,293571.5625,294309.9375,0.0194067750126123,989813.3125,,0.798702776432037,0.0730077624320984,0.21405354142189,-0.0550056993961334,-0.0918504893779755,0.0610921308398247,0.641631841659546,0.692467272281647,0.030539384111762,11.3390913009644,1.96690678596497,0.115409083664417,0.472850859165192,0.223105059107346,0.228906035423279,0.235630914568901,0.292368590719659,0.235039725899696,0.263017236782921,0.75845330953598,0.412875533103943,0.217067435383797,0.3846515417099,33.760571,264145.1875,308166.4375,292602.8125,325616.09375,295638.09375,0.319046348333359,1090842.375,1.098837018013,0.985630214214325,680.385833333333
COL,Colombia,1993,2353.75,271977.34375,352038.65625,307433.6875,311687.09375,0.0201005227863789,1046966.875,,0.795312881469727,0.0772844702005386,0.25686439871788,-0.0760062709450722,-0.110727876424789,0.0572723522782326,0.638313472270966,0.711443185806274,0.0307814925909042,12.0534286499023,1.99040949344635,0.116614334285259,0.466528832912445,0.240554017374437,0.247381776571274,0.256139010190964,0.317644367722858,0.252643644809723,0.285888315189643,0.789826154708862,0.414904564619064,0.237175911664963,0.399048626422882,34.441473,282375.90625,344405.96875,306313.84375,344209.34375,314376.28125,0.339579522609711,1144227.5,1.08255255222321,1.02659296989441,786.346666666667
COL,Colombia,1994,2369.4,282538.46875,370784.28125,323908.84375,328452.75,0.0207109767943621,1104367.125,,0.778718590736389,0.0814917683601379,0.268671244382858,-0.0814787596464157,-0.109616577625275,0.0622137747704983,0.633299231529236,0.705048620700836,0.0314389280974865,12.5207500457764,2.0141932964325,0.108905322849751,0.502174377441406,0.282685760509823,0.290191918611527,0.298815548419952,0.361919269999312,0.294681638479233,0.326426009053907,0.81433516740799,0.445967465639114,0.270359337329865,0.417803525924683,35.12741,297330.28125,369033.0625,324819.4375,361926.96875,332418.59375,0.362216740846634,1204123.75,1.07127559185028,1.03525388240814,826.54
COL,Colombia,1995,2363.68,297143.90625,388386.4375,338183.84375,343069.75,0.0210461691021919,1154213.5,,0.786646783351898,0.0794858261942864,0.265959143638611,-0.0847777351737022,-0.114840008318424,0.0675259828567505,0.629550993442535,0.70427131652832,0.0319398269057274,13.0954647064209,2.03826117515564,0.110392153263092,0.495093882083893,0.30224532097283,0.312625527381897,0.323999762535095,0.415355144335975,0.319385409355164,0.361041482709794,0.876356184482575,0.477347165346146,0.294997453689575,0.440343409776688,35.804662,314142.9375,390295.625,339660.40625,380756,347616.46875,0.382401347160339,1261209.625,1.06746053695679,1.03705096244812,912.895
COL,Colombia,1996,2357.97,304549.4375,382946.34375,340422.875,343682.90625,0.0211153645068407,1199985.875,,0.793997287750244,0.0921376794576645,0.228108271956444,-0.0842781215906143,-0.0985609069466591,0.0685957670211792,0.604341268539429,0.665001809597015,0.0322057940065861,13.3001823425293,2.06261658668518,0.104405641555786,0.5050448179245,0.313083217834452,0.327553331851959,0.338075667619705,0.452249624971481,0.334868788719177,0.378952002315342,0.850539028644562,0.472311168909073,0.303589940071106,0.451642334461212,36.462745,326108.125,389044.03125,342555.6875,388583.8125,348982.5625,0.400461047887802,1314146,1.05135047435761,0.997614800930023,1036.6225
COL,Colombia,1997,2352.28,311348.9375,388927.0625,347551.875,350251.5625,0.0211384147405624,1244056.375,,0.783366620540619,0.105562910437584,0.221492618322372,-0.0964614972472191,-0.0887357443571091,0.0747751444578171,0.587802171707153,0.644662618637085,0.0324245169758797,13.5767011642456,2.0872631072998,0.107090674340725,0.503299832344055,0.339587182437349,0.355162918567657,0.363531738519669,0.470748218414429,0.360729724168777,0.397118931697638,0.886587619781494,0.45518559217453,0.314228773117065,0.440968722105026,37.121149,340172.875,401427.71875,351610.1875,401913.40625,357446.6875,0.417684495449066,1362791.625,1.0489387512207,0.992947459220886,1141.11666666667
COL,Colombia,1998,2346.6,304589.96875,376877.6875,337479.65625,341742.78125,0.0210135728120804,1283292.625,,0.781887471675873,0.109396785497665,0.211526691913605,-0.0967796221375465,-0.0836916267871857,0.0776602625846863,0.547700822353363,0.59299647808075,0.0325624123215675,13.5996885299683,2.11220407485962,0.105483919382095,0.500981271266937,0.3259021304012,0.339688092470169,0.345703035593033,0.438219871775196,0.341390520334244,0.371047453143418,0.810939133167267,0.443769782781601,0.283233910799027,0.407735139131546,37.792165,338950.8125,394803.46875,343946.15625,404203.40625,349630.1875,0.432230472564697,1403873.25,1.03129720687866,0.954698204994202,1426.42416666667
COL,Colombia,1999,2346.6,288709.5,333199.15625,322429.375,324188.15625,0.0202031806111336,1281810.375,,0.771761476993561,0.118800088763237,0.137234047055244,-0.0767567679286003,-0.0427736528217793,0.0917347967624664,0.511536121368408,0.51082193851471,0.0324068702757359,13.3980197906494,2.13744306564331,0.101070038974285,0.495707422494888,0.298234233762643,0.312700092792511,0.316989570856094,0.406674718666871,0.31526979804039,0.344825454089558,0.708156287670136,0.428361296653748,0.254743993282318,0.390628457069397,38.454863,325551,350721.6875,328252.03125,387210.65625,330969.90625,0.434130489826202,1408990.125,0.987275063991547,0.847529470920563,1756.68583333333
COL,Colombia,2000,2346.6,289635.59375,340696.84375,333960,334099.28125,0.0190092325210571,1280866.625,,0.752857506275177,0.114057183265686,0.152832552790642,-0.0862070620059967,-0.034295380115509,0.10075518488884,0.503958761692047,0.493441820144653,0.0320723913609982,14.2371225357056,2.16298365592957,0.115255422890186,0.476693034172058,0.281726706528571,0.294858247041702,0.297130525112152,0.381535663174479,0.297006636857986,0.310019628790618,0.734415173530579,0.408204853534699,0.231731414794922,0.390895068645477,39.089934,330733.875,361711.375,339841.0625,398536,341218.125,0.435669600963593,1412782.5,0.979115307331085,0.84222811460495,2087.91833333333
COL,Colombia,2001,2346.6,291502.40625,347498.28125,332827.15625,335353.34375,0.0185103956609964,1301964,,0.754238247871399,0.115001410245895,0.166975721716881,-0.0969178453087807,-0.038762204349041,0.0994646996259689,0.498717546463013,0.495020121335983,0.0318518243730068,14.3336715698242,2.18431115150452,0.112716175615788,0.482329457998276,0.279668533480008,0.291985809803009,0.293143421411514,0.372768916555596,0.290935218334198,0.299169666625892,0.716923296451569,0.394451469182968,0.223525404930115,0.368795782327652,39.709262,336227.59375,371537.8125,337960.9375,405223.03125,343041.9375,0.440153002738953,1423465.625,0.982415735721588,0.853700459003449,2299.89333333333
COL,Colombia,2002,2438.13,293275.1875,355829.78125,339658.71875,342020.59375,0.0187536310404539,1334128.375,,0.746502459049225,0.11097564548254,0.182897120714188,-0.0937937721610069,-0.0394660606980324,0.0928845554590225,0.480880856513977,0.475527763366699,0.0317601077258587,14.6815271377563,2.20584893226624,0.111620113253593,0.488565623760223,0.274488456559304,0.286305904388428,0.286502033472061,0.36579849469417,0.284523576498032,0.287421585275964,0.656479716300964,0.395579874515533,0.214910134673119,0.374506622552872,40.32468,341481.96875,382550.46875,344104.6875,415369.71875,347626,0.447636365890503,1442765.875,0.9640012383461,0.841458678245544,2504.68083333333
COL,Colombia,2003,2418.88,298953.15625,367945.53125,350762.625,353501.125,0.0188663620501757,1375948.625,,0.735075354576111,0.110616847872734,0.195168733596802,-0.0941097289323807,-0.0406030081212521,0.0938517972826958,0.477440595626831,0.470839858055115,0.0317620821297169,15.246301651001,2.22759914398193,0.116411626338959,0.476767063140869,0.256954423309944,0.267017841339111,0.268082708120346,0.333891576237087,0.26600593328476,0.272696998813116,0.601561427116394,0.417237490415573,0.198825895786285,0.394620656967163,40.937429,350907.53125,398945.875,355564.625,431645.03125,360209.75,0.459551811218262,1471821.375,0.969526171684265,0.849274396896362,2877.54333333333
COL,Colombia,2004,2404.5,308506.625,384842.625,370578.75,370891.65625,0.0191529896110296,1435891,,0.719932317733765,0.11186483502388,0.205817490816116,-0.108371205627918,-0.0353115312755108,0.106068082153797,0.478063493967056,0.467356741428375,0.0318107418715954,15.8290681838989,2.24956393241882,0.12090178579092,0.467858701944351,0.300973373468846,0.31309387087822,0.313930004835129,0.391098246305824,0.313665151596069,0.317309186760254,0.690713346004486,0.425425350666046,0.233872652053833,0.42526125907898,41.543171,365922.6875,421265.84375,375975.0625,454664.78125,377985.59375,0.4730464220047,1508649.5,0.986296474933624,0.866111278533936,2628.36833333333
COL,Colombia,2005,2416.1,325189.3125,410899.90625,397079.125,398696.34375,0.0198949705809355,1497947.375,0.722477262773352,0.702436566352844,0.113194935023785,0.214977145195007,-0.117726199328899,-0.0347118526697159,0.121829427778721,0.484558194875717,0.462317913770676,0.0319438874721527,16.4764575958252,2.27174520492554,0.125682160258293,0.46635890007019,0.352841686333781,0.366361111402512,0.366678863763809,0.450256539223476,0.365191519260407,0.367884496329744,0.759342074394226,0.451757878065109,0.271968096494675,0.436260133981705,42.128977,381465.0625,446271.6875,396235.59375,476063.84375,404037.28125,0.491771310567856,1556119.125,0.986049354076386,0.876060485839844,2321.13166666667
COL,Colombia,2006,2444.57,353113.53125,450542.09375,432447.6875,435110.53125,0.0208078548312187,1581870.125,,0.696338415145874,0.115210592746735,0.223916783928871,-0.128118053078651,-0.0308928415179253,0.123545125126839,0.499276548624039,0.482373237609863,0.0324202068150044,17.0571823120117,2.29414510726929,0.129578426480293,0.468655347824097,0.35972563564572,0.372257173061371,0.37413302063942,0.447998407173228,0.371843338012695,0.380931727886849,0.758085191249847,0.469319194555283,0.27581849694252,0.453736752271652,42.691084,405003.6875,483735.90625,434492.96875,508040.375,442369.9375,0.519913554191589,1620708.875,0.995081961154938,0.897987425327301,2358.59460526316
COL,Colombia,2007,2473.38,385112.40625,495429.03125,475310.96875,478453.6875,0.0220206025987864,1691187,,0.689753890037537,0.115156628191471,0.230569064617157,-0.135229453444481,-0.028236411511898,0.127986267209053,0.510812699794769,0.498631507158279,0.0331652835011482,17.972843170166,2.31676602363586,0.131150439381599,0.473968327045441,0.418990894080519,0.432571828365326,0.433883398771286,0.513917620089772,0.431033432483673,0.438462084041202,0.857401847839356,0.508447051048279,0.321065783500671,0.489770323038101,43.235374,430162.40625,523765.375,479058.875,542273.125,487828.5,0.554438710212708,1702756.625,0.991531789302826,0.90766716003418,2077.81095833333
COL,Colombia,2008,2502.52,414169,534370.1875,519065.71875,525248.5625,0.023430148139596,1791755,,0.672715902328491,0.115804046392441,0.228846296668053,-0.13092140853405,-0.0210601575672627,0.134615227580071,0.534460961818695,0.516332983970642,0.0339446291327477,18.2545528411865,2.3396098613739,0.132309660315514,0.462066918611527,0.453540663316287,0.463892936706543,0.467193514108658,0.524030209736382,0.461694121360779,0.47856613173714,0.945929944515228,0.576864719390869,0.363226860761642,0.532142102718353,43.758808,448286.25,551539.4375,520168.78125,560078.4375,536051.8125,0.584380567073822,1771569,0.978699862957001,0.913436830043793,1965.1375
COL,Colombia,2009,2460.84,434323.03125,543729.125,531467.5,536269.375,0.0250085666775703,1889937.5,,0.683634579181671,0.126262560486794,0.204013362526894,-0.113111019134521,-0.0228791460394859,0.122079692780972,0.526802182197571,0.518108427524567,0.0345268361270428,18.4297657012939,2.36267900466919,0.121652491390705,0.472745656967163,0.421773856628724,0.429905325174332,0.43740901350975,0.473932325844547,0.433492302894592,0.46719727190047,0.825277030467987,0.542346954345703,0.343505203723907,0.501820504665375,44.271541,458221.0625,552956.1875,535489.125,566461.3125,545841.5,0.610531508922577,1841114.875,0.965880930423737,0.893604516983032,2157.59833333333
COL,Colombia,2010,2453.9,472504.40625,589013.625,579835.3125,588043.4375,0.0265545379370451,1993335.625,,0.673858284950256,0.129661276936531,0.198130279779434,-0.124323643743992,-0.0128169693052769,0.135490760207176,0.545758366584778,0.526525616645813,0.0349426418542862,18.8913440704346,2.38597559928894,0.130647718906403,0.468743205070496,0.476708834738934,0.483217865228653,0.494103282690048,0.51704570708855,0.487206399440765,0.538249143607568,0.918922364711762,0.556473672389984,0.383561372756958,0.499777883291245,44.777319,481510.25,586304.4375,583368.4375,591921.8125,601198.625,0.639556288719177,1916421.25,0.970189154148102,0.910786390304565,1898.9975
COL,Colombia,2011,2435.02,516872.6875,652753.125,646819.125,659983.75,0.0276480969041586,2100901,0.658012776605076,0.652674913406372,0.130484834313393,0.205884486436844,-0.140821814537048,-0.0159769058227539,0.167754516005516,0.590604722499847,0.560483992099762,0.0356861613690853,19.4976921081543,2.41068816184998,0.146789968013763,0.445209413766861,0.502132986537878,0.504982590675354,0.517866790294647,0.519236092057205,0.507536947727203,0.566876726356422,1.05139100551605,0.588280081748962,0.410702019929886,0.514414370059967,45.259614,508801.0625,635496.3125,648695.0625,633047.9375,671794,0.676911354064941,2002981.125,0.990511417388916,0.94240415096283,1848.01666666667
COL,Colombia,2012,2419.69,544182.25,676341.625,668237.625,680812.5,0.0266869533807039,2095909,0.655710355576127,0.665282547473908,0.134030446410179,0.194120064377785,-0.148084074258804,-0.0180238541215658,0.172674849629402,0.601872444152832,0.575127363204956,0.0365020483732224,19.9761848449707,2.43565678596497,0.143027812242508,0.455729424953461,0.537153359969346,0.538875877857208,0.554729521274567,0.547425947008852,0.544483423233032,0.620008693944199,1.13670361042023,0.576168417930603,0.459913104772568,0.512708604335785,45.71581,536748.625,666672,672777.625,657816.75,700778.5625,0.709914863109589,2086343.625,0.990017950534821,0.950936794281006,1798.01166666667
COL,Colombia,2013,2413.49,563468.25,690798.8125,678492.5625,685627,0.0257826540619135,2126578,0.691277341336717,0.671017646789551,0.150811493396759,0.185714051127434,-0.148224383592606,-0.0166738610714674,0.157355055212975,0.602393925189972,0.587980031967163,0.037031713873148,20.3189544677734,2.46088433265686,0.141736626625061,0.457877516746521,0.544269546499249,0.539987623691559,0.563150942325592,0.520935766343088,0.5572909116745,0.66565402866824,1.1530122756958,0.584307372570038,0.476202428340912,0.545218050479889,46.151584,565498.375,705912.375,686434.625,691589.0625,709629.625,0.74463278055191,2175999.5,1.00279486179352,0.970099031925201,1868.895
COL,Colombia,2014,2405.14,586602.5625,726203.125,696811.875,709567.0625,0.0258442740887404,2167499.25,0.702398457313148,0.664875268936157,0.161829650402069,0.196740478277206,-0.1489337682724,-0.0179619286209345,0.143450319766998,0.606947779655457,0.600080251693726,0.0374717377126217,20.3993816375732,2.48637270927429,0.134803235530853,0.469602674245834,0.533111739145342,0.521325767040253,0.547121644020081,0.47290322500097,0.537286579608917,0.655516270830135,1.07926189899445,0.605871677398682,0.476071387529373,0.538324892520905,46.565429,589960.9375,748185.1875,704448.3125,722703.875,730171.75,0.783405601978302,2276362.5,1.01468193531036,0.995588600635529,2001.105
COL,Colombia,2015,2395.83,613397.5625,743259,694243.0625,710097.875,0.0249477997422218,2150410.25,0.707025081519933,0.681935608386993,0.181885495781899,0.182878270745277,-0.140950590372086,-0.008098323829472,0.10234958678484,0.591379940509796,0.597174346446991,0.0377776548266411,21.1043548583984,2.51212525367737,0.123227454721928,0.493319749832153,0.415018431992067,0.398501694202423,0.422751605510712,0.33657618673614,0.413312554359436,0.537295428331204,0.796380341053009,0.539876341819763,0.379674822092056,0.491079241037369,46.96994,610038,765805.25,704555.625,744066.3125,722604.5,0.822777390480042,2382179.25,0.99882847070694,0.974313914775848,2741.78166666667
COL,Colombia,2016,2392.21,613540.75,729398.5625,683159.75,695000.625,0.0226697772741318,2047769.125,0.69637210184048,0.678734242916107,0.204057440161705,0.166701763868332,-0.122841358184814,-0.0189212020486593,0.092269167304039,0.596156001091003,0.604897022247315,0.0378063917160034,21.1867866516113,2.53814482688904,0.122013263404369,0.494807720184326,0.413900775171658,0.385233908891678,0.413841843605042,0.289882382996959,0.406791120767593,0.565339033598183,0.815510272979736,0.525109648704529,0.390260010957718,0.484116345643997,47.437512,619956.375,775228.875,694029.5,759597.75,708380,0.856304824352264,2478521.5,0.993033587932587,0.960531294345856,3055.255
COL,Colombia,2017,2376.43,623451.9375,738824.9375,703694.1875,710407.25,0.0235607288777828,2154886.5,0.704777400485695,0.66426283121109,0.21333509683609,0.162404075264931,-0.124159134924412,-0.0233611632138491,0.107518248260021,0.586375296115875,0.587278544902802,0.0376808866858482,21.2779293060303,2.5629780292511,0.122110694646835,0.497105717658997,0.452783451972864,0.417153269052506,0.443185210227966,0.306211321527201,0.438997328281403,0.583856567635246,0.830521106719971,0.522089958190918,0.411161780357361,0.494441717863083,48.131078,634410,783992.875,710547.5,769923.4375,718355.4375,0.889513731002808,2574892.75,0.983790576457977,0.949442207813263,2951.48691120161
COL,Colombia,2018,2385.94,650551,776652.4375,741538.25,750755.25,0.0251767504960299,2390923.25,0.708894945684997,0.652794659137726,0.213734090328217,0.167966097593308,-0.125426054000855,-0.0192289743572474,0.110160157084465,0.584969580173492,0.582515716552734,0.0376470200717449,21.398229598999,2.58082032203674,0.122186154127121,0.495853841304779,0.464508142551813,0.429157197475433,0.450682371854782,0.321187059306461,0.445149391889572,0.561729563874035,0.791273474693298,0.544055283069611,0.402938216924667,0.50580221414566,49.024465,659604.875,811143.5625,747681.6875,789666.8125,758082.3125,0.923408329486847,2669737,0.982084095478058,0.956101059913635,2955.70396997842
COL,Colombia,2019,2382.61,691517.6875,831426.5,785680.625,797424.1875,0.0267323013395071,2624349,0.709149516229595,0.646815061569214,0.220374226570129,0.175450906157494,-0.128893464803696,-0.0173415075987577,0.103594735264778,0.588321685791016,0.590268969535828,0.0378361605107784,21.4365634918213,2.59878706932068,0.118822365999222,0.502067089080811,0.430064796926751,0.394456893205643,0.411148905754089,0.289945034143265,0.405093908309937,0.493651194381899,0.684377908706665,0.512691855430603,0.359679043292999,0.478027641773224,49.907985,687922.25,843756.25,793320.125,814832.3125,807644,0.959838330745697,2765520,0.990295648574829,0.971885085105896,3281.62219381788
COL,Colombia,2020,2069.44,677254.5,795178.25,743080.75,760045.25,0.0272713601589203,2826335.75,0.705115341217669,0.657686829566956,0.233384490013123,0.155153572559357,-0.106554187834263,-0.0198585968464613,0.0801879018545151,0.601228296756744,0.603431761264801,0.0378474742174149,19.8541221618652,2.61687898635864,0.0893456786870956,0.538307785987854,0.382500628360786,0.350813299417496,0.363820970058441,0.261517106197858,0.355700314044952,0.438526025411243,0.543493568897247,0.5155069231987,0.32064288854599,0.462100952863693,50.629997,658960.1875,779731.0625,747571.125,756279.1875,769266.3125,0.974399924278259,2811806.5,1.0182021856308,0.994942545890808,3693.27583333333
COL,Colombia,2021,2405.39,749821.25,884148.625,821202.375,837966.375,0.0269278902560473,2882305,0.695318181128023,0.67018985748291,0.224620819091797,0.160301610827446,-0.129422083497047,-0.0219701863825321,0.0962799489498138,0.587187111377716,0.585804462432861,0.037736713886261,20.8645763397217,2.63825917243958,0.115545645356178,0.500458061695099,0.412348142078809,0.377002954483032,0.387875914573669,0.271545230900757,0.380116254091263,0.448569460952314,0.614400327205658,0.5270836353302,0.336229622364044,0.492637038230896,51.188173,749821.25,884148.625,821202.375,837966.375,837966.375,1,2882305,1,1,3744.24416666667
COL,Colombia,2022,2503.57,812484.4375,970769.3125,902125.0625,904721.625,0.027653930708766,2985489.25,,0.688378989696503,0.209670096635818,0.174954265356064,-0.158549055457115,-0.0225705578923225,0.108116216957569,0.606426417827606,0.609794676303864,0.0379018001258373,22.1632251739502,2.6601254940033,0.136901035904884,0.474141001701355,0.409582897374766,0.373452812433243,0.382795989513397,0.254832195120785,0.381697416305542,0.430755160150202,0.595771551132202,0.504093885421753,0.325826793909073,0.550284743309021,51.737944,816932.3125,974193.375,898693.5,899044.75,903032.4375,1.03274667263031,2970245.75,1.00089430809021,1.02790582180023,4256.19416666667
COL,Colombia,2023,2470.61,826269.6875,947659.6875,902844.625,911782.625,0.0277778934687376,3050380,,0.68973171710968,0.216481730341911,0.133134782314301,-0.125697001814842,-0.0155592011287808,0.101907975971699,0.589360773563385,0.581303060054779,0.0380164459347725,22.9331722259522,2.68249130249023,0.12986421585083,0.477649509906769,0.437636625575344,0.405445605516434,0.402660727500916,0.302881930808216,0.398713558912277,0.383704823302978,0.571256935596466,0.542107701301575,0.347683936357498,0.535323977470398,52.321152,831205.3125,952944.875,904662.5625,906207.25,915366.375,1.05642139911652,3038053,0.983163952827454,0.97986775636673,4325.955
USA,United States,1950,2021.98,2099141.5,2726872.25,2733053.75,2729368.5,,10670372,,0.666463732719421,0.102630466222763,0.229991167783737,-0.0395496338605881,-0.0029530604369938,0.0434173345565796,,,0.031029986217618,62.4649085998535,2.58321285247803,0.0823155343532562,0.628362953662872,0.105501773791315,0.109942436218262,0.109575375914574,0.138779269314525,0.109723322093487,0.108347927768976,,0.069847472012043,0.0840021893382072,0.0768042057752609,154.308932479468,2351130.5,2784190,2700581.25,2709030.5,2725352,,10666936,,,1
USA,United States,1951,2063.8,2212705.5,2923648.25,2944962.25,2949529.75,,11005063,,0.622727513313294,0.127461731433868,0.241035953164101,-0.0427656583487988,-0.0015990835381671,0.0531395189464092,,,0.0310796070843935,64.9348526000977,2.59599995613098,0.0828734412789345,0.633731722831726,0.113344460700864,0.118243500590324,0.117645531892776,0.142178247989349,0.117463357746601,0.115784460964523,,0.0752319395542145,0.0920337960124016,0.0800782144069672,156.950833583773,2505866.5,2985773.25,2890876,2927341,2929048.5,,11002892,,,1
USA,United States,1952,2060.12,2354055.25,3061067.5,3070013.25,3067400.75,,11362810,,0.620100498199463,0.147342547774315,0.230492323637009,-0.041953232139349,-0.0029915203340351,0.0470094196498394,,,0.0313129648566246,65.8290939331055,2.6088502407074,0.0785230249166489,0.644851565361023,0.115225077223183,0.120569631457329,0.11948236823082,0.143062518318821,0.119584120810032,0.115862249240248,,0.0772774592041969,0.0944524705410004,0.0839879959821701,159.661622383463,2662803.75,3124445.25,2999928,3046543.25,3029993.75,,11361193,,,1
USA,United States,1953,2053.91,2485624,3227474.75,3222314.5,3213299.75,,11765013,,0.623018860816956,0.150523662567139,0.230868816375732,-0.0407429225742817,-0.0037374112289398,0.0400689914822578,,,0.0316295474767685,66.7851028442383,2.62176442146301,0.0803598761558533,0.644496023654938,0.116211352597625,0.121645458042622,0.120645999908447,0.144137280239657,0.120984464883804,0.117297229479702,,0.079435370862484,0.0948280021548271,0.0872208774089813,162.327846797497,2795537.75,3292979.75,3147087,3189561,3169125.25,,11763683,,,1
USA,United States,1954,2030.68,2492735,3194806,3196945,3193499.75,1,12144666,,0.639230012893677,0.141335234045982,0.219843730330467,-0.0385523252189159,-0.003399463603273,0.0415427982807159,1,1,0.0318604595959187,65.5197067260742,2.63474249839783,0.0792563110589981,0.637051999568939,0.117341395072388,0.122908599674702,0.122040249407291,0.148087899425648,0.12217190861702,0.118957146758222,1,0.0813018828630447,0.0946017876267433,0.0874144285917282,165.207878206838,2793808.75,3261871.25,3132158.75,3171575.5,3160244.5,0.102432027459145,12143445,0.636467099189758,0.618935286998749,1
USA,United States,1955,2038.46,2625117.25,3424089.5,3427429,3422335.5,1,12569526,,0.636060178279877,0.13099417090416,0.233458176255226,-0.0399867743253708,-0.0032874813769012,0.0427617430686951,1,1,0.0319540724158287,67.2933807373047,2.64778447151184,0.0867874845862389,0.626844048500061,0.118664480019117,0.124427884817123,0.124049618840218,0.152412874619456,0.124234244227409,0.122806781412368,1,0.0816933810710907,0.0964623987674713,0.0887736231088638,168.15175637134,2940089.25,3496569,3368955.5,3397452,3397287.25,0.106222711503506,12568343,0.657824873924255,0.640142381191254,1
USA,United States,1956,2023.37,2666356.5,3480982.5,3497303.5,3493601.25,1,12989804,,0.635256588459015,0.12795490026474,0.233176589012146,-0.0418141894042492,-0.0027926869224757,0.048218846321106,1,1,0.0320638194680214,68.8955917358398,2.66231727600098,0.0769364759325981,0.640427887439728,0.122194696050794,0.128264009952545,0.128388494253159,0.158396278055518,0.12852455675602,0.128795961188579,1,0.084093451499939,0.102206014096737,0.0928064286708832,171.163532598792,3002805.25,3558545.75,3445108.75,3469891,3475673.5,0.109992899000645,12988646,0.654314577579498,0.634484171867371,1
USA,United States,1957,1995.38,2731487.5,3544854.5,3575092,3568702.5,1,13400090,,0.634268164634705,0.131132528185844,0.227916747331619,-0.0426190346479416,-0.0014231709064915,0.0507247373461723,1,1,0.0322140417993069,69.2199401855469,2.67692995071411,0.0760435909032822,0.638684749603272,0.126470583445281,0.132867470383644,0.132515087723732,0.163808224440272,0.132752358913422,0.131331747647942,1,0.0850425884127617,0.105025120079517,0.0973127484321594,174.285761083962,3084886,3625145,3521625,3542951,3552227,0.113754764199257,13398979,0.661630988121033,0.640108525753021,1
USA,United States,1958,1960.95,2770922.5,3551486.75,3555499.75,3542683.75,1,13768717,,0.645918071269989,0.136235445737839,0.220331370830536,-0.0420873872935772,-0.0032816077582538,0.0428841188549995,1,1,0.0322970896959305,67.9430923461914,2.69162273406982,0.0756945759057999,0.635847270488739,0.129159682370391,0.135974049568176,0.135237395763397,0.168282286903669,0.135726630687714,0.132622332583487,1,0.0871852487325668,0.104535825550556,0.0995237976312637,177.222557191341,3117104,3629856.25,3498960.5,3516902.75,3518065.25,0.116867370903492,13767582,0.663152813911438,0.647172689437866,1
USA,United States,1959,1986.87,2897083.25,3795855,3798646,3787640.25,1,14237302,,0.63736766576767,0.127510473132133,0.237290680408478,-0.0426256619393826,-0.0034227932337671,0.0438795797526836,1,1,0.032326303422451,69.4828796386719,2.70639610290527,0.0825155302882195,0.629354357719421,0.131319745578397,0.137839332222939,0.137216985225678,0.170427822157279,0.137615710496902,0.135210964610042,1,0.0897764340043068,0.10520563274622,0.100249759852886,180.210010109064,3255465.75,3880921,3747502.5,3759648.5,3768539.25,0.12101885676384,14236033,0.68196576833725,0.665621936321259,1
USA,United States,1960,1968.41,2986483.25,3881343.75,3911440.75,3884961.5,1,14693295,,0.643924236297607,0.12480490654707,0.230339586734772,-0.0471039563417435,-0.0015273237368091,0.0495625138282776,1,1,0.0323872901499271,70.6460189819336,2.72125053405762,0.0803422704339027,0.636741757392883,0.132354312811133,0.139091417193413,0.138564929366112,0.173851140453718,0.139509379863739,0.136807896327537,1,0.0809819251298904,0.105418048799038,0.102922983467579,183.089036422961,3330536.75,3953527.75,3846675.5,3856027.5,3875059,0.12514728307724,14692825,0.685341119766235,0.664399027824402,1
USA,United States,1961,1953.61,3054369.75,3976224.25,4010320.75,3983244.5,1,15164270,,0.638721406459808,0.128083094954491,0.231433048844337,-0.0441727340221405,-0.0012917312560603,0.0472269207239151,1,1,0.0324528887867928,70.6938095092773,2.75555515289307,0.0816702097654343,0.633704721927643,0.134221704989146,0.140990719199181,0.140123531222343,0.174746266996969,0.141076028347015,0.137250270324214,1,0.0838555842638016,0.105536833405495,0.107688948512077,186.149443806863,3407679,4052991.5,3945269.5,3954515.25,3973918.5,0.129381880164146,15163884,0.691875040531158,0.670482754707336,1
USA,United States,1962,1973.51,3219734.75,4220393,4248374.5,4227136.5,1,15694402,,0.631951332092285,0.129730924963951,0.236722454428673,-0.0418459475040436,-0.0018783091800287,0.0453195534646511,1,1,0.0325563326478004,71.7677536010742,2.79029202461243,0.0868629291653633,0.629106163978577,0.135719246941773,0.142880156636238,0.142087146639824,0.177762735469716,0.142801016569138,0.139535510558168,1,0.0918623805046082,0.106318712234497,0.111493550240994,189.034547082441,3590876.25,4311590.5,4187084.75,4196393,4212671.5,0.134366244077683,15694052,0.706985890865326,0.686830520629883,1
USA,United States,1963,1961.96,3335232.75,4391906,4425009.5,4410490.5,1,16269987,,0.628615319728851,0.127589210867882,0.239581778645515,-0.0412299856543541,-0.0017928279703483,0.0472365468740463,1,1,0.0326885730028153,72.7672500610352,2.8254668712616,0.0895814746618271,0.626385748386383,0.137754141455314,0.145286336541176,0.143967717885971,0.182396506668612,0.144441649317741,0.139805690678043,1,0.093562051653862,0.106494903564453,0.110022529959679,191.774746521104,3722841.25,4490662.5,4368180,4379103,4399857,0.139888271689415,16269798,0.717501699924469,0.695705890655518,1
USA,United States,1964,1971.53,3505803.5,4629163.5,4675909.5,4666435,1,16905738,,0.627040565013886,0.124240323901176,0.240731969475746,-0.0409988015890121,-0.0014601470902562,0.0504460856318474,1,1,0.0328357592225075,74.4171905517578,2.8610851764679,0.0932398661971092,0.624378800392151,0.140319274953603,0.147975787520409,0.14631262421608,0.1866181784568,0.146609678864479,0.141122188293064,1,0.097219429910183,0.107465207576752,0.112310782074928,194.457176166286,3913807.5,4735866,4624444,4631648.5,4663895,0.145988464355469,16905626,0.728476285934448,0.704298496246338,1
USA,United States,1965,1991.91,3724816,4953008.5,4989395,4968977,1,17609040,,0.626079201698303,0.123535051941872,0.247172102332115,-0.0423949435353279,-0.0007672246429137,0.0463758036494255,1,1,0.0330672487616539,76.191047668457,2.89715242385864,0.0974207520484924,0.619359791278839,0.142377169516676,0.150063678622246,0.14869636297226,0.189019088681545,0.149307370185852,0.144549615498837,1,0.101426303386688,0.109935320913792,0.118669174611568,196.903470234311,4140645.75,5060984,4934000.5,4932693.5,4965598,0.152983844280243,17608950,0.740550637245178,0.7184277176857,1
USA,United States,1966,2000.82,3968455,5297508.5,5321868.5,5297396.5,1,18365340,,0.620535910129547,0.128597155213356,0.250888109207153,-0.0454978533089161,-0.0013088965788483,0.046785544604063,1,1,0.0334479436278343,78.5942001342773,2.92837071418762,0.0982721522450447,0.622894942760468,0.145982041916691,0.154108479619026,0.152772054076195,0.193321989668156,0.153477802872658,0.148781575932469,1,0.106008984148502,0.113340072333813,0.122400596737862,199.190680888167,4399679.5,5411833.5,5258107,5257925.5,5284562.5,0.161097094416618,18365290,0.752160251140595,0.732011437416077,1
USA,United States,1967,1977.72,4137325.75,5451778.5,5473394.5,5441638.5,1,19077536,,0.621238529682159,0.139070332050324,0.241554588079453,-0.0450611226260662,-0.001539290882647,0.044736985117197,1,1,0.0338659957051277,80.5108032226563,2.95992541313171,0.0931622013449669,0.630078673362732,0.14986750347895,0.158504784107208,0.157054290175438,0.197088210599438,0.157970800995827,0.152488735193352,1,0.109359443187714,0.11678571999073,0.129532411694527,201.371490592091,4587710,5572244.5,5398569,5402184.5,5416555.5,0.168617770075798,19077508,0.748776137828827,0.730281412601471,1
USA,United States,1968,1974.18,4382764.5,5744655.5,5752088.5,5709543.5,1,19811192,,0.626178920269013,0.141441941261292,0.238528922200203,-0.0512051619589329,-0.0000907508219825104,0.0451461672782898,1,1,0.0341968387365341,82.1303176879883,2.99181985855103,0.0922707468271256,0.634225606918335,0.155672624078124,0.16491137444973,0.16345801949501,0.205812340272007,0.164676040410995,0.158780909470612,1,0.113178074359894,0.122182406485081,0.133411794900894,203.392165397382,4843748,5862900.5,5665766.5,5667382,5672951,0.176181957125664,19811168,0.758990347385407,0.742410004138947,1
USA,United States,1969,1975.34,4516692.5,5925184,5932801,5888677,1,20540252,,0.625396192073822,0.141616940498352,0.239186391234398,-0.0515554621815681,-0.0006452542729675,0.0460011921823025,1,1,0.0344464778900147,84.0793533325195,3.02405834197998,0.0862715318799019,0.643875360488892,0.16389602546262,0.173353895545006,0.171493723988533,0.215120906997556,0.172778725624084,0.165528626045886,1,0.118720680475235,0.129795178771019,0.140301063656807,205.389552914401,5004485.5,6049152,5848988.5,5845379,5853984,0.183685138821602,20540238,0.754191875457764,0.737974107265472,1
USA,United States,1970,1930.72,4593037,5917394.5,5939246.5,5901338,1,21169220,1,0.636611223220825,0.141693130135536,0.224416449666023,-0.0533190816640854,0.0006303446134552,0.0499679073691368,1,1,0.0345594696700573,84.4425811767578,3.05664396286011,0.0805146470665932,0.64898556470871,0.172144910885696,0.182778626680374,0.180713653564453,0.230554698560076,0.18187452852726,0.173552108762672,1,0.12696984410286,0.13657009601593,0.146582931280136,207.796339,5088128,6041539.5,5857693,5857162.5,5867502,0.189834445714951,21169224,0.750749707221985,0.732205510139465,1
USA,United States,1971,1914.99,4721684,6131104.5,6134370,6094832.5,1,21907762,,0.635340631008148,0.13936223089695,0.231248468160629,-0.0546343475580215,0.0017623782623559,0.0469206422567368,1,1,0.034513458609581,84.6576461791992,3.08988523483276,0.0897592455148697,0.637648820877075,0.180755091417256,0.192494243383408,0.18988910317421,0.246012008718612,0.191120907664299,0.181161667632725,1,0.136830404400826,0.136746495962143,0.154314562678337,210.426432,5237236.5,6251324,6051745.5,6050023,6061088.5,0.196704998612404,21907770,0.763150990009308,0.745595037937164,1
USA,United States,1972,1911.75,4939778.5,6470845,6453831.5,6415617,1,22737082,,0.635249555110931,0.134712025523186,0.238646820187569,-0.0580557323992252,0.0018866267055273,0.0475607104599476,1,1,0.0344310104846954,87.0524063110352,3.12348771095276,0.0866199806332588,0.639445066452026,0.188479858619025,0.201152950525284,0.198193892836571,0.260914312037303,0.199374437332153,0.188646918136796,1,0.149178057909012,0.146331027150154,0.163136824965477,212.842573,5487803,6592075,6377442.5,6367982,6387834.5,0.204770669341087,22737082,0.7731813788414,0.756796717643738,1
USA,United States,1973,1910.32,5090884.5,6782475.5,6802089,6779697.5,1,23648198,,0.624655663967133,0.126245751976967,0.24950835108757,-0.0609952807426453,0.0015763493720442,0.05900913849473,1,1,0.0344719104468823,89.9233474731445,3.1574559211731,0.0850041657686234,0.640666723251343,0.200609148765818,0.213852822780609,0.209549739956856,0.279381670476069,0.210241839289665,0.196599511277764,1,0.168006673455238,0.156997203826904,0.178318485617638,215.006551,5688688,6912449.5,6744057.5,6727497.5,6777166.5,0.214054018259048,23648198,0.782319307327271,0.760046184062958,1
USA,United States,1974,1882.34,5083646.5,6743404,6739849,6743164,1,24424422,,0.623217761516571,0.130678609013557,0.246139243245125,-0.0745123699307442,0.0010839315364137,0.0733928754925728,1,1,0.0346197597682476,91.6357727050781,3.19179344177246,0.0756784975528717,0.64096862077713,0.221337296523088,0.235139474272728,0.229269668459892,0.300963249254917,0.229156956076622,0.211291135520501,1,0.201009407639503,0.175307258963585,0.199044302105904,217.076476,5678630,6824775,6622978.5,6691132,6718082.5,0.222247868776321,24424420,0.760355234146118,0.733301818370819,1
USA,United States,1975,1850.8,5184025.5,6669016.5,6732856,6730127.5,1,25017502,1,0.634759664535523,0.135511800646782,0.220648244023323,-0.0653100535273552,0.0031381701119244,0.0712521523237228,1,1,0.0346923656761646,90.5058212280273,3.2265043258667,0.0744871199131012,0.625560820102692,0.241232141795802,0.256031155586243,0.250250995159149,0.325352170238273,0.250352472066879,0.230072796706576,1,0.220463246107101,0.194308340549469,0.22436685860157,219.129301,5810469.5,6752869,6599970.5,6677374,6693776,0.228026628494263,25017550,0.760535001754761,0.727242588996887,1
USA,United States,1976,1846.91,5418380.5,7105882.5,7099697.5,7092451,1,25717002,,0.635746121406555,0.128218367695808,0.237929314374924,-0.0746966600418091,0.0027602044865489,0.0700427144765854,1,1,0.0346963815391064,93.3249664306641,3.24999570846558,0.0777690559625626,0.621589839458466,0.254527945589473,0.269854426383972,0.263872087001801,0.345847881878277,0.26414167881012,0.244663405562435,1,0.229896262288094,0.204849943518639,0.231477245688438,221.168758,6061521.5,7191605,6981721.5,7037154,7070002,0.235120341181755,25717052,0.774819791316986,0.748698472976685,1
USA,United States,1977,1847.02,5643349.5,7502803,7420486.5,7421639.5,1,26565646,,0.635475814342499,0.124915406107903,0.250544846057892,-0.0793743282556534,0.0022264108993113,0.0662118792533875,1,1,0.0347518920898438,96.5252380371094,3.27365803718567,0.0763758048415184,0.621596217155457,0.270123298703835,0.28620308637619,0.280551165342331,0.368004976416161,0.280507564544678,0.263397819003093,1,0.251001685857773,0.221981108188629,0.244470536708832,223.259419,6287045.5,7574924.5,7293794,7362564.5,7400170,0.244139909744263,26565692,0.779058218002319,0.757873296737671,1
USA,United States,1978,1853.67,5862215,7909702,7825286.5,7832175.5,1,27571704,,0.628599584102631,0.119878925383091,0.261419922113419,-0.0853488966822624,0.0059797610156238,0.0694706961512566,1,1,0.0348791554570198,100.492530822754,3.29749250411987,0.0749540254473686,0.622295022010803,0.288881908301416,0.305860996246338,0.300512850284576,0.394892911906439,0.300248503684998,0.285200374893436,1,0.273899614810944,0.243611305952072,0.264034628868103,225.396096,6527539.5,7985855.5,7705705.5,7770098,7820969,0.255575120449066,27571754,0.782783806324005,0.760701477527618,1
USA,United States,1979,1856.07,5983900,8113178,8044151.5,8079575.5,1,28627504,,0.62458211183548,0.116038478910923,0.263538330793381,-0.0884828642010689,0.0055177621543407,0.0788061395287514,1,1,0.0350763574242592,103.14087677002,3.32150077819824,0.0716283023357391,0.622619867324829,0.314171101420887,0.332579910755157,0.326614052057266,0.431666152917474,0.32518208026886,0.309848248474077,1,0.306136220693588,0.268933713436127,0.285550862550736,227.575084,6660384.5,8184046.5,7920382.5,8016097.5,8078677.5,0.268109977245331,28627578,0.776219844818115,0.749320089817047,1
USA,United States,1980,1840.47,6031713,8000784,7964392,8055271.5,1,29506500,1,0.629981994628906,0.118808813393116,0.244445011019707,-0.0892799869179726,0.0067322133108973,0.0893119871616364,1,1,0.0352391041815281,103.470497131348,3.34568381309509,0.0659013539552689,0.624348938465118,0.344981049364884,0.3654545545578,0.358760207891464,0.474014975781303,0.354712694883347,0.338253935331831,1,0.351788073778152,0.296422362327576,0.306776612997055,229.858655,6660664,8028059.5,7786389,7995514.5,8038671.5,0.278932958841324,29506590,0.761823236942291,0.723262429237366,1
USA,United States,1981,1828.64,6124972,8230350,8198344.5,8255495.5,1,30360576,,0.622518241405487,0.119408428668976,0.25502747297287,-0.0890988707542419,0.008470737375319,0.0836740136146545,1,1,0.0353593938052654,104.698364257813,3.35476899147034,0.0682880952954292,0.614216208457947,0.376313897718634,0.39853110909462,0.391181528568268,0.514357335460804,0.388473451137543,0.369800066262868,1,0.371626704931259,0.326538264751434,0.338268667459488,232.201617,6751643.5,8238490,8000724.5,8198417,8240813.5,0.289913445711136,30360724,0.765924394130707,0.727747976779938,1
USA,United States,1982,1809.88,6231281.5,8122691,8074458.5,8097989,1,31041506,,0.644626975059509,0.124858044087887,0.233565345406532,-0.0839960426092148,0.0067620896734297,0.0741835981607437,1,1,0.0354714542627335,103.979858398438,3.36387896537781,0.0632573291659355,0.616743266582489,0.396778676992341,0.421387821435928,0.414119303226471,0.548441792878119,0.412915945053101,0.390173030506264,1,0.374687403440475,0.347394078969955,0.353360384702683,234.583152,6853122,8130011,7862921,8050598,8061517.5,0.298479527235031,31041684,0.750401258468628,0.716529428958893,1
USA,United States,1983,1819.48,6573372,8591833,8471449,8463431,1,31823792,,0.654666304588318,0.122013069689274,0.238492101430893,-0.0859796553850174,0.0061221155337989,0.0646861270070076,1,1,0.0355302207171917,105.435424804688,3.37301373481751,0.0733506828546524,0.603852272033691,0.411788324952211,0.43767461180687,0.428974777460098,0.576568515089489,0.429381191730499,0.400642771883068,1,0.37084698677063,0.350054144859314,0.357956111431122,236.986365,7196820,8602088,8263719.5,8419620,8424981,0.308374732732773,31824032,0.764596939086914,0.738620638847351,1
USA,United States,1984,1835.54,6867377.5,9339668,9107940,9069667,1,32878624,,0.64220541715622,0.114975355565548,0.272588938474655,-0.10064235329628,0.0065367831848561,0.0643358007073402,1,1,0.0356450006365776,109.861747741699,3.38217329978943,0.0810020267963409,0.601951777935028,0.42789969357156,0.455351114273071,0.44330695271492,0.608683538243619,0.445177644491196,0.409851429913492,1,0.373772740364075,0.356980413198471,0.363419771194458,239.353967,7512662,9340933,8914456,9028902,9048314,0.322181016206741,32878966,0.780625700950623,0.763617157936096,1
USA,United States,1985,1840.8,7218798,9750144,9500493,9446273,1,34021504,1,0.648246049880981,0.115949288010597,0.267972975969315,-0.100707359611988,0.0094162710011005,0.0591227933764458,1,1,0.0358485840260983,112.190933227539,3.39135766029358,0.0835789889097214,0.60230153799057,0.44301884537502,0.47147324681282,0.456710904836655,0.630555269072081,0.459332376718521,0.414612261000908,1,0.37989330291748,0.364719182252884,0.369784563779831,241.690443,7894333,9754825,9297721,9405369,9382492,0.336513698101044,34021900,0.786537230014801,0.771330296993256,1
USA,United States,1986,1821.1,7550044,10092686,9810205,9768446,1,35157644,,0.654200315475464,0.118700936436653,0.260291367769241,-0.0936288237571716,0.0106508573517203,0.049785353243351,1,1,0.0360081195831299,114.729598999023,3.40006065368652,0.0816648676991463,0.607737064361572,0.451649925021663,0.480032563209534,0.466823190450668,0.636458751190374,0.468818813562393,0.427599665655923,1,0.423191070556641,0.374759674072266,0.424423515796661,243.953807,8222081,10106104,9602186,9731045,9689320,0.349991589784622,35158052,0.79440301656723,0.780086278915405,1
USA,United States,1987,1828.61,7790417,10408029,10106672,10103236,1,36259544,,0.653655588626862,0.117425739765167,0.259086519479752,-0.0889191403985024,0.0069708554074168,0.0517804399132729,1,1,0.036078255623579,117.664184570313,3.4087860584259,0.0798624530434609,0.615972578525543,0.465818115125974,0.494604200124741,0.480397015810013,0.654843313773537,0.480560392141342,0.43811418018499,1,0.472006529569626,0.384783804416657,0.469121664762497,246.161291,8473934,10425795,9902263,10067217,10026090,0.362960278987885,36259956,0.794642150402069,0.778124094009399,1
USA,United States,1988,1839.12,8092441,10741647,10521838,10519215,1,37346636,,0.654582142829895,0.114718697965145,0.251844435930252,-0.0881366282701492,0.007880738005042,0.0591105408966541,1,1,0.0361281633377075,120.204109191895,3.41753363609314,0.0804804116487503,0.620666325092316,0.483613511174489,0.512881934642792,0.49767330288887,0.67988692883735,0.497797429561615,0.451215965376579,1,0.496436238288879,0.397672414779663,0.497912108898163,248.393235,8784164,10760573,10312941,10487722,10437759,0.375860691070557,37347072,0.802032470703125,0.778079032897949,1
USA,United States,1989,1852.08,8340468,11052943,10885574,10898994,1,38435572,,0.650988042354584,0.114263132214546,0.248873844742775,-0.0890061855316162,0.0075565711595118,0.0673245936632156,1,1,0.0362108238041401,122.550140380859,3.42630386352539,0.0858039781451225,0.611858665943146,0.504115580122398,0.53452479839325,0.518262088298798,0.707774334650432,0.517623901367188,0.46825655801569,1,0.508212804794312,0.410658746957779,0.495569199323654,250.675053,9036228,11087344,10684975,10872856,10804198,0.38917887210846,38436032,0.805958807468414,0.777095198631287,1
USA,United States,1990,1836.18,8627010,11233565,11088790,11095568,1,39438872,,0.66875147819519,0.10876702517271,0.234918534755707,-0.0885773822665215,0.0078488793224096,0.0682914257049561,1,1,0.0363032892346382,123.909660339355,3.43509650230408,0.085275910794735,0.615197956562042,0.513329211837641,0.551428616046906,0.537763237953186,0.785681879992244,0.537434816360474,0.492534485520967,1,0.526572406291962,0.421787738800049,0.518476068973541,253.373387,9221933,11240120,10845544,11077914,10977047,0.400994539260864,39439352,0.809248805046082,0.776376783847809,1
USA,United States,1991,1827.74,8646293,11119020,11067594,11078222,1,40250704,,0.669612109661102,0.110864512622356,0.223206132650375,-0.0812354311347008,0.0094811264425516,0.0680715590715408,1,1,0.0363686792552471,122.739585876465,3.4523024559021,0.0845785662531853,0.615098834037781,0.531597434498834,0.572303771972656,0.556410789489746,0.818166438257391,0.555877029895783,0.500838521056898,1,0.565590679645538,0.429092347621918,0.559598684310913,256.471422,9261817,11153810,10831007,11065916,10937097,0.41057875752449,40251216,0.805553436279297,0.767728626728058,1
USA,United States,1992,1815.51,8937791,11533319,11472195,11463896,1,41115976,,0.671014249324799,0.108632676303387,0.22640885412693,-0.0930708423256874,0.0109288999810815,0.0760861560702324,1,1,0.0363963432610035,123.287582397461,3.46959495544434,0.0866429656744003,0.620048522949219,0.545673588588449,0.586939513683319,0.568359136581421,0.841835521054871,0.568770587444305,0.504376842511973,1,0.518297672271729,0.432717263698578,0.512471437454224,259.606019,9540836,11544894,11224901,11455713,11335065,0.421337842941284,41116496,0.824325501918793,0.785496175289154,1
USA,United States,1993,1831.55,9239888,11935980,11823625,11778573,1,42057432,,0.679172277450562,0.105293534696102,0.228897988796234,-0.100183360278606,0.0106182647868991,0.0762012749910355,1,1,0.0364278927445412,124.845741271973,3.48697352409363,0.0891846865415573,0.614196300506592,0.55652023278359,0.59795355796814,0.580072462558746,0.865209982830802,0.582291185855866,0.518791343337327,1,0.511009514331818,0.445775777101517,0.518081426620483,262.633231,9804956,11924437,11571857,11770951,11665175,0.433281779289246,42057968,0.824474990367889,0.789734780788422,1
USA,United States,1994,1850.24,9547821,12424141,12268432,12252592,1,43101884,,0.677787065505981,0.10146202147007,0.23475193977356,-0.10427238792181,0.0115972645580769,0.0786740854382515,1,1,0.0364985056221485,127.499229431152,3.50443959236145,0.0926391109824181,0.607954382896423,0.568472604748531,0.610512733459473,0.593982636928558,0.891349174975614,0.594750583171845,0.539111831729955,1,0.539289474487305,0.459286451339722,0.531141519546509,265.47481,10120241,12447764,12075679,12245205,12158955,0.446637660264969,43102436,0.829090893268585,0.796902060508728,1
USA,United States,1995,1860.37,9846490,12732027,12584172,12581279,1,44213224,,0.685302495956421,0.0973277911543846,0.229351669549942,-0.106887131929398,0.0128587996587157,0.0820463597774506,1,1,0.0366143770515919,129.18815612793,3.5219931602478,0.0911739245057106,0.607377350330353,0.57557428706724,0.619950234889984,0.607091903686523,0.932409483138715,0.607231497764587,0.563214689308029,1,0.573329329490662,0.474972307682037,0.564786672592163,268.205795,10367053,12762460,12409187,12573918,12497682,0.462101012468338,44213800,0.828085124492645,0.794723927974701,1
USA,United States,1996,1865.89,10187184,13220510,13064547,13055962,1,45460928,1,0.689083099365234,0.0911875292658806,0.232332661747932,-0.109731666743755,0.0122163398191333,0.0849120020866394,1,1,0.0367640368640423,130.841674804688,3.53323888778687,0.0923522710800171,0.607116162776947,0.582950230753644,0.629956662654877,0.617941200733185,0.985173214610028,0.618347525596619,0.577588342266887,1,0.570968866348267,0.48400804400444,0.561966061592102,270.860696,10668088,13257888,12916877,13048304,12995424,0.480075746774673,45461520,0.836899340152741,0.804027795791626,1
USA,United States,1997,1872.51,10498647,13807725,13645505,13637528,1,46822816,,0.677293598651886,0.0925414338707924,0.242644995450974,-0.120000340044498,0.0125943850725889,0.0949259623885155,1,1,0.0369657576084137,133.488845825195,3.54452061653137,0.0924650207161903,0.609609842300415,0.599439605912296,0.64363706111908,0.628599107265472,0.967109961746747,0.628966808319092,0.580888399995814,1,0.548729360103607,0.494826138019562,0.531456589698792,273.468013,11033063,13882715,13552125,13628579,13591863,0.501066207885742,46823444,0.845709025859833,0.814558506011963,1
USA,United States,1998,1883.08,10934803,14512690,14256731,14248046,1,48363056,,0.675286531448364,0.0921733230352402,0.251114219427109,-0.124402165412903,0.0111764362081885,0.0946516767144203,1,1,0.0372578948736191,135.237609863281,3.5558385848999,0.0874485224485397,0.62302178144455,0.61084445595859,0.653405010700226,0.635686933994293,0.965215036711907,0.636074423789978,0.581536543251148,1,0.532584726810455,0.506330251693726,0.504226088523865,276.119333,11549539,14654490,14253092,14239566,14212885,0.525703489780426,48363724,0.855904459953308,0.832869052886963,1
USA,United States,1999,1886.01,11491736,15366238,14963001,14929805,1,50044932,,0.677172422409058,0.0925453901290894,0.259514540433884,-0.132839009165764,0.01115648355335,0.0924501791596413,1,1,0.0376536659896374,137.152206420898,3.56719255447388,0.0860319808125496,0.625946164131165,0.621535686013296,0.664406538009644,0.643665790557861,0.978100938111419,0.645096898078919,0.582148943723553,1,0.534473419189453,0.519784867763519,0.502078175544739,278.785484,12116111,15472899,14942582,14921416,14881337,0.553684055805206,50045728,0.869325757026672,0.85235732793808,1
USA,United States,2000,1887.58,11977715,16182233,15602228,15537703,1,51803712,,0.678678691387177,0.0922019854187965,0.270601004362106,-0.156957656145096,0.0096504222601652,0.10582559555769,1,1,0.0380950979888439,138.807235717773,3.5785825252533,0.0807480737566948,0.637149453163147,0.64173646306978,0.68500280380249,0.657018482685089,1.00347686286695,0.659746885299683,0.577297550927396,1,0.516655743122101,0.537413597106934,0.474369823932648,281.484131,12649613,16213690,15530929,15529851,15497870,0.582016289234161,51804608,0.879349946975708,0.868068158626556,1
USA,United States,2001,1866.69,12288467,16373313,15810416,15683898,1,53376184,,0.687193274497986,0.0963152050971985,0.260448396205902,-0.151588603854179,0.0068278666585683,0.100803829729557,1,1,0.0384064018726349,138.769241333008,3.58833718299866,0.0760616585612297,0.640334188938141,0.656326487261512,0.700815796852112,0.669301152229309,1.01823989342634,0.674700200557709,0.574495317912608,1,0.496319621801376,0.556500911712647,0.462366461753845,284.279639,12984636,16398891,15688271,15678245,15613010,0.604675710201263,53377052,0.880455791950226,0.87076723575592,1
USA,United States,2002,1847.99,12610102,16777712,16128753,15947086,1,54756840,,0.690690159797669,0.100056298077106,0.261339873075485,-0.151925072073936,0.0061537502333521,0.0936849787831307,1,1,0.0385213606059551,138.339965820313,3.59811854362488,0.0783797726035118,0.630113065242767,0.667206323588469,0.713297963142395,0.677616477012634,1.03146926859989,0.685335755348206,0.569653456685411,1,0.495302438735962,0.568756997585297,0.463854670524597,287.084338,13341771,16770527,15948216,15944844,15818826,0.62253350019455,54757692,0.891868591308594,0.88696151971817,1
USA,United States,2003,1832.54,13000159,17300186,16546337,16391246,1,56216480,,0.690243542194367,0.102872408926487,0.262336790561676,-0.149447530508041,0.0055903876200318,0.0884043797850609,1,1,0.0385398156940937,139.01806640625,3.6079261302948,0.0810705199837685,0.621593117713928,0.684177301906641,0.729770064353943,0.692385852336884,1.035684260795,0.698937118053436,0.579363111891319,1,0.534774363040924,0.58618152141571,0.499634981155396,289.9081,13726585,17297408,16383841,16390599,16252532,0.641169726848602,56217084,0.907184302806854,0.905230581760407,1
USA,United States,2004,1831.55,13452177,18067570,17176036,17022632,1,57822600,,0.687333881855011,0.102918557822704,0.271132707595825,-0.159271478652954,0.0063728210516274,0.0915134474635124,1,1,0.0385821126401424,140.763900756836,3.61776089668274,0.0813944935798645,0.616968631744385,0.703572452990883,0.749609589576721,0.711293160915375,1.0570653024327,0.717703104019165,0.599614667222777,1,0.564321637153626,0.618872046470642,0.525099575519562,292.786253,14187623,18038584,17027680,17021272,16889806,0.662558257579804,57823104,0.921984732151032,0.923871695995331,1
USA,United States,2005,1829.11,14172776,19029212,18007392,17616596,1,59564456,1,0.698176622390747,0.10633610188961,0.27567395567894,-0.184793189167976,0.0066029378212988,0.098003625869751,1,1,0.0387304648756981,143.133728027344,3.62762236595154,0.0816288888454437,0.605560302734375,0.712961524103017,0.757162511348724,0.72410249710083,1.0473751046506,0.74016547203064,0.627621904160661,1,0.531420290470123,0.665314018726349,0.523605644702911,295.716664,14619588,18688078,17580320,17614216,17486326,0.686971962451935,59564856,0.93043327331543,0.933391928672791,1
USA,United States,2006,1831.26,14525168,19404374,18359272,18105326,1,61276456,,0.695417940616608,0.106841444969177,0.269490122795105,-0.183884367346764,0.0067711942829191,0.105363667011261,1,1,0.0390181392431259,145.8642578125,3.64232897758484,0.0780897364020348,0.60552328824997,0.736828349609769,0.781415283679962,0.752512574195862,1.07162624068535,0.763067364692688,0.666470436622282,1,0.576700150966644,0.709305584430695,0.545175194740295,298.730209,14995807,19189518,18070692,18104692,17986252,0.712970852851868,61276848,0.928767085075378,0.930801808834076,1
USA,United States,2007,1828.84,14884860,19590406,18642540,18468024,1,62817856,,0.698018372058868,0.107961773872375,0.254794239997864,-0.17559140920639,0.0085716489702463,0.106245398521423,1,1,0.0394179932773113,147.297500610352,3.65709471702576,0.0775414183735848,0.603033602237701,0.756076189485737,0.802501678466797,0.776408612728119,1.10266187623411,0.783745348453522,0.693869495270118,1,0.622913420200348,0.731238961219788,0.591190457344055,301.844226,15337065,19459364,18420674,18467484,18356110,0.737508594989777,62818256,0.927742302417755,0.924327313899994,1
USA,United States,2008,1808.99,15049749,19468166,18538270,18486786,1,64051984,,0.70176762342453,0.112313792109489,0.239004090428352,-0.174141973257065,0.0080658160150051,0.112990699708462,1,1,0.0398210361599922,147.243347167969,3.67192077636719,0.075835183262825,0.601492047309876,0.774666740000294,0.824168086051941,0.796722769737244,1.13346634635062,0.798941612243652,0.703240032947853,1,0.670947968959808,0.741687655448914,0.622356534004211,304.970333,15423382,19286112,18213936,18488460,18368228,0.756874799728394,64052376,0.923284351825714,0.910661399364471,1
USA,United States,2009,1764.89,14972745,18566710,18044312,18009794,1,64686404,,0.708421349525452,0.122945457696915,0.199556156992912,-0.140120714902878,0.0083469711244106,0.100850842893124,1,1,0.0400029048323631,142.301330566406,3.68680667877197,0.0772427469491959,0.589809656143189,0.775263613873996,0.823138773441315,0.802361786365509,1.09899937399155,0.803899586200714,0.715803241915781,1,0.634028613567352,0.729916214942932,0.583603084087372,308.023454,15383967,18610926,17828036,18012106,17837320,0.765623509883881,64686820,0.925018608570099,0.903714954853058,1
USA,United States,2010,1773.37,15337122,19202978,18546942,18495750,1,65348700,,0.706069767475128,0.123154334723949,0.209013253450394,-0.1596360206604,0.0064916065894067,0.114907026290894,1,1,0.0401498600840569,141.964340209961,3.70175337791443,0.0828879773616791,0.58552098274231,0.785667188460882,0.832705318927765,0.811399042606354,1.10238472291512,0.813644826412201,0.726870178753859,1,0.646890163421631,0.725512564182282,0.602270305156708,311.06279,15619170,19175894,18299994,18497566,18363812,0.777264177799225,65349080,0.940475642681122,0.921862363815308,1
USA,United States,2011,1782.51,15599848,19578222,18876842,18785556,1,66106264,1,0.710774064064026,0.119643121957779,0.211778312921524,-0.176617532968521,0.0096401022747159,0.124782003462315,1,1,0.0405341051518917,143.617950439453,3.70701098442078,0.081999659538269,0.590189278125763,0.801275335081766,0.846813917160034,0.826395213603973,1.11734867265122,0.830410897731781,0.746330398166054,1,0.666092276573181,0.738137185573578,0.631372511386871,314.105078,15738297,19443654,18568118,18786944,18686702,0.790961742401123,66106652,0.938276469707489,0.918184816837311,1
USA,United States,2012,1784.7,15515888,19978786,19323014,19217184,1,67035632,1,0.694010555744171,0.113385982811451,0.23223477602005,-0.177774772047997,0.0109747350215912,0.127168700098991,1,1,0.0410572327673435,146.331634521484,3.71227598190308,0.0821457356214523,0.590813398361206,0.828328850976349,0.874123454093933,0.841171622276306,1.1544221945382,0.845803916454315,0.726609655910744,1,0.664455592632294,0.755071759223938,0.630159854888916,317.115355,15870573,19851710,19069654,19216998,19180580,0.807570934295654,67036032,0.939691066741943,0.917856931686401,1
USA,United States,2013,1791.31,15764032,20256590,19698276,19623872,1,68023008,1,0.692278802394867,0.111030146479607,0.228933349251747,-0.167962998151779,0.0125318393111229,0.123188897967339,1,1,0.0416117757558823,148.027877807617,3.71754860877991,0.0831288695335388,0.587222754955292,0.838282908232244,0.882957994937897,0.856962382793427,1.16150955130864,0.860211610794067,0.765746029927991,1,0.688695967197418,0.776492297649384,0.653583109378815,320.110759,16038574,20219398,19578584,19623982,19658158,0.824991703033447,68023432,0.941933810710907,0.917653977870941,1
USA,United States,2014,1797.12,16210266,20825636,20240652,20118310,1,69139488,1,0.695491790771484,0.110255092382431,0.229411363601685,-0.169435098767281,0.0125566944479942,0.121720142662525,1,1,0.0421688631176949,150.637252807617,3.72282862663269,0.0812937915325165,0.588285446166992,0.848652759305998,0.890591621398926,0.869939267635346,1.15514297654887,0.875229477882385,0.797403406877779,1,0.68940269947052,0.810360670089722,0.661547541618347,323.115377,16384707,20776408,20143926,20119256,20191400,0.844705939292908,69139896,0.943991184234619,0.921730577945709,1
USA,United States,2015,1808.72,16728163,21466716,20868640,20709890,1,70324720,1,0.696345329284668,0.111392587423325,0.228806331753731,-0.171264514327049,0.0157009940594435,0.119019240140915,1,1,0.0427246354520321,153.071655273438,3.72811627388001,0.0809231773018837,0.59088522195816,0.852731253939565,0.890798687934876,0.876675248146057,1.12876854355075,0.883395314216614,0.826816157892441,1,0.652242839336395,0.825371742248535,0.609300553798676,326.126497,16889146,21528486,20899968,20711878,20761160,0.865255653858185,70325160,0.948801636695862,0.932495892047882,1
USA,United States,2016,1802.6,17132936,21810516,21242020,21086678,1,71523784,1,0.699272096157074,0.113228358328342,0.221826300024986,-0.164229393005371,0.0155803970992565,0.114322274923325,1,1,0.0432429574429989,155.681167602539,3.73341131210327,0.0811774283647537,0.589166939258575,0.863110717501439,0.897699177265167,0.885269463062286,1.11130969439959,0.891791105270386,0.839742416222062,1,0.648898601531982,0.838009715080261,0.601868271827698,329.179427,17283154,21943288,21343028,21088720,21130088,0.885826170444489,71524240,0.948409736156464,0.933093130588532,1
USA,United States,2017,1795.58,17598538,22434580,21829812,21604908,1,72799032,1,0.699826419353485,0.114735588431358,0.223839938640594,-0.170018687844276,0.0161197409033775,0.115496948361397,1,1,0.0437685251235962,158.468490600586,3.73871397972107,0.0800054371356964,0.591320931911469,0.879027847276755,0.909526646137238,0.898409068584442,1.09555319258207,0.907761454582214,0.857951924856945,1,0.654811859130859,0.863310754299164,0.619488418102264,332.20466,17657940,22510570,21892416,21607002,21657384,0.907810807228088,72799488,0.953378140926361,0.939149379730225,1
USA,United States,2018,1804.19,17976846,23110132,22465128,22245812,1,74181248,1,0.691260457038879,0.116839818656445,0.230752885341644,-0.174404218792915,0.0170916523784399,0.11845937371254,1,1,0.0444000996649265,161.065612792969,3.74402379989624,0.0803450495004654,0.59057229757309,0.906148921300366,0.934211254119873,0.919492423534393,1.10023688329573,0.928557574748993,0.86794686673085,1,0.673090040683746,0.892200350761414,0.631938457489014,335.056497,18101266,23216506,22571668,22247976,22326464,0.932361483573914,74181696,0.958201229572296,0.945454359054565,1
USA,United States,2019,1796.65,18415436,23715062,23095952,22820462,1,75565128,1,0.690386414527893,0.116583928465843,0.232231289148331,-0.170638605952263,0.0160543192178011,0.115382663905621,1,1,0.0450976341962814,163.923538208008,3.74934148788452,0.0792923346161842,0.591832935810089,0.916385799744227,0.947558343410492,0.932630956172943,1.13215600899738,0.943889677524567,0.8807604037501,1,0.659336388111115,0.917300999164581,0.624468803405762,337.790067,18544776,23825342,23200364,22822856,22896074,0.956479370594025,75565584,0.96426647901535,0.951795697212219,1
USA,United States,2020,1777.88,18178182,23273508,22610364,22326726,1,76784664,1,0.689650595188141,0.124538786709309,0.22821643948555,-0.156366258859634,0.0125851528719068,0.101375289261341,1,1,0.045669186860323,154.939697265625,3.75466680526733,0.0695942044258118,0.605639159679413,0.923888376995582,0.957554459571838,0.944438576698303,1.14398504959872,0.95643675327301,0.89764618873753,1,0.655342698097229,0.937018573284149,0.615386664867401,339.436159,18253700,23379198,22676858,22329176,22335318,0.976277709007263,76785096,0.973077535629273,0.963344991207123,1
USA,United States,2021,1788.7,19576128,25045300,24167636,23681202,1,78158760,1,0.705090582370758,0.121562063694,0.230949953198433,-0.17875562608242,0.0126259215176106,0.108527056872845,1,1,0.0462337732315064,160.861312866211,3.72817277908325,0.076580323278904,0.593877077102661,0.965054845839406,0.995559453964233,0.979872405529022,1.17249387291258,1,0.923722950329925,1,0.664667725563049,1,0.643815994262695,340.161441,19576128,25045300,24167636,23681202,23681202,1,78158760,1,1,1
USA,United States,2022,1789.59,20081044,25902724,24981534,24274456,1,79490376,,0.71001672744751,0.117233231663704,0.239827409386635,-0.202835038304329,0.0139511870220304,0.121806457638741,1,1,0.0470067113637924,165.578491210938,3.81364345550537,0.0777243301272392,0.576183140277863,1.02643588260786,1.05858039855957,1.04104495048523,1.25326232502135,1.07136905193329,0.980558872610411,1,0.665273785591126,1.12868523597717,0.66078120470047,341.534046,20029218,25753122,24861132,24276130,24282706,1.02548205852509,79490152,0.984038174152374,0.987051606178284,1
USA,United States,2023,1788.88,20554382,26322130,25586132,24979372,1,80823096,,0.706088602542877,0.116765603423119,0.230900436639786,-0.182735309004784,0.0143391350284219,0.114641547203064,1,1,0.0478879362344742,167.539749145508,3.82982563972473,0.0806257501244545,0.568302690982819,1.06719432946045,1.09693396091461,1.08342683315277,1.27677163210839,1.10974371433258,1.0352914667422,1,0.694781005382538,1.17138433456421,0.690202832221985,343.477335,20553700,26354120,25641846,24977152,25034982,1.05089008808136,80822920,0.992998480796814,0.990676045417786,1
