date,year,month,TES_UVR_1Y,TES_PESOS_1Y,source,download_date
2003-01-01,2003,1,3.16,10.32,BANREP_SUAMECA,2026-06-09
2003-02-01,2003,2,2.88,10.85,BANREP_SUAMECA,2026-06-09
2003-03-01,2003,3,2.85,10.11,BANREP_SUAMECA,2026-06-09
2003-04-01,2003,4,4.1,10.27,BANREP_SUAMECA,2026-06-09
2003-05-01,2003,5,3.37,10.12,BANREP_SUAMECA,2026-06-09
2003-06-01,2003,6,3.82,10.21,BANREP_SUAMECA,2026-06-09
2003-07-01,2003,7,4.28,9.96,BANREP_SUAMECA,2026-06-09
2003-08-01,2003,8,4.51,9.68,BANREP_SUAMECA,2026-06-09
2003-09-01,2003,9,3.17,9.93,BANREP_SUAMECA,2026-06-09
2003-10-01,2003,10,3.8,9.94,BANREP_SUAMECA,2026-06-09
2003-11-01,2003,11,2.85,9.82,BANREP_SUAMECA,2026-06-09
2003-12-01,2003,12,3.52,10.26,BANREP_SUAMECA,2026-06-09
2004-01-01,2004,1,2.24,10.15,BANREP_SUAMECA,2026-06-09
2004-02-01,2004,2,2.0,8.97,BANREP_SUAMECA,2026-06-09
2004-03-01,2004,3,2.91,8.95,BANREP_SUAMECA,2026-06-09
2004-04-01,2004,4,3.1,10.71,BANREP_SUAMECA,2026-06-09
2004-05-01,2004,5,4.7,9.29,BANREP_SUAMECA,2026-06-09
2004-06-01,2004,6,4.6,9.95,BANREP_SUAMECA,2026-06-09
2004-07-01,2004,7,3.65,9.73,BANREP_SUAMECA,2026-06-09
2004-08-01,2004,8,3.25,9.1,BANREP_SUAMECA,2026-06-09
2004-09-01,2004,9,2.77,8.96,BANREP_SUAMECA,2026-06-09
2004-10-01,2004,10,2.74,9.08,BANREP_SUAMECA,2026-06-09
2004-11-01,2004,11,2.69,8.68,BANREP_SUAMECA,2026-06-09
2004-12-01,2004,12,3.7,8.45,BANREP_SUAMECA,2026-06-09
2005-01-01,2005,1,1.69,7.65,BANREP_SUAMECA,2026-06-09
2005-02-01,2005,2,1.67,7.74,BANREP_SUAMECA,2026-06-09
2005-03-01,2005,3,2.74,7.72,BANREP_SUAMECA,2026-06-09
2005-04-01,2005,4,2.25,7.42,BANREP_SUAMECA,2026-06-09
2005-05-01,2005,5,2.28,7.32,BANREP_SUAMECA,2026-06-09
2005-06-01,2005,6,2.57,7.07,BANREP_SUAMECA,2026-06-09
2005-07-01,2005,7,2.58,7.11,BANREP_SUAMECA,2026-06-09
2005-08-01,2005,8,2.95,7.13,BANREP_SUAMECA,2026-06-09
2005-09-01,2005,9,1.68,5.85,BANREP_SUAMECA,2026-06-09
2005-10-01,2005,10,1.27,6.27,BANREP_SUAMECA,2026-06-09
2005-11-01,2005,11,0.74,5.6,BANREP_SUAMECA,2026-06-09
2005-12-01,2005,12,0.69,6.11,BANREP_SUAMECA,2026-06-09
2006-01-01,2006,1,0.79,6.09,BANREP_SUAMECA,2026-06-09
2006-02-01,2006,2,0.66,6.04,BANREP_SUAMECA,2026-06-09
2006-03-01,2006,3,1.65,6.24,BANREP_SUAMECA,2026-06-09
2006-04-01,2006,4,1.68,6.45,BANREP_SUAMECA,2026-06-09
2006-05-01,2006,5,3.57,8.17,BANREP_SUAMECA,2026-06-09
2006-06-01,2006,6,4.37,8.34,BANREP_SUAMECA,2026-06-09
2006-07-01,2006,7,5.24,7.91,BANREP_SUAMECA,2026-06-09
2006-08-01,2006,8,3.39,8.23,BANREP_SUAMECA,2026-06-09
2006-09-01,2006,9,1.99,8.22,BANREP_SUAMECA,2026-06-09
2006-10-01,2006,10,2.71,8.06,BANREP_SUAMECA,2026-06-09
2006-11-01,2006,11,3.27,7.93,BANREP_SUAMECA,2026-06-09
2006-12-01,2006,12,2.72,7.93,BANREP_SUAMECA,2026-06-09
2007-01-01,2007,1,2.01,8.38,BANREP_SUAMECA,2026-06-09
2007-02-01,2007,2,2.23,8.82,BANREP_SUAMECA,2026-06-09
2007-03-01,2007,3,2.48,8.78,BANREP_SUAMECA,2026-06-09
2007-04-01,2007,4,2.66,9.15,BANREP_SUAMECA,2026-06-09
2007-05-01,2007,5,4.85,9.16,BANREP_SUAMECA,2026-06-09
2007-06-01,2007,6,3.04,9.48,BANREP_SUAMECA,2026-06-09
2007-07-01,2007,7,6.01,9.56,BANREP_SUAMECA,2026-06-09
2007-08-01,2007,8,3.38,9.83,BANREP_SUAMECA,2026-06-09
2007-09-01,2007,9,5.56,9.58,BANREP_SUAMECA,2026-06-09
2007-10-01,2007,10,5.62,9.55,BANREP_SUAMECA,2026-06-09
2007-11-01,2007,11,5.01,9.47,BANREP_SUAMECA,2026-06-09
2007-12-01,2007,12,5.17,9.82,BANREP_SUAMECA,2026-06-09
2008-01-01,2008,1,5.13,10.2,BANREP_SUAMECA,2026-06-09
2008-02-01,2008,2,4.62,10.51,BANREP_SUAMECA,2026-06-09
2008-03-01,2008,3,5.05,10.63,BANREP_SUAMECA,2026-06-09
2008-04-01,2008,4,5.54,10.4,BANREP_SUAMECA,2026-06-09
2008-05-01,2008,5,5.54,10.68,BANREP_SUAMECA,2026-06-09
2008-06-01,2008,6,5.96,10.87,BANREP_SUAMECA,2026-06-09
2008-07-01,2008,7,5.01,10.85,BANREP_SUAMECA,2026-06-09
2008-08-01,2008,8,5.76,10.22,BANREP_SUAMECA,2026-06-09
2008-09-01,2008,9,5.9,10.31,BANREP_SUAMECA,2026-06-09
2008-10-01,2008,10,5.24,10.4,BANREP_SUAMECA,2026-06-09
2008-11-01,2008,11,4.47,9.9,BANREP_SUAMECA,2026-06-09
2008-12-01,2008,12,4.34,9.44,BANREP_SUAMECA,2026-06-09
2009-01-01,2009,1,3.31,9.03,BANREP_SUAMECA,2026-06-09
2009-02-01,2009,2,3.71,8.53,BANREP_SUAMECA,2026-06-09
2009-03-01,2009,3,2.86,7.07,BANREP_SUAMECA,2026-06-09
2009-04-01,2009,4,2.81,6.31,BANREP_SUAMECA,2026-06-09
2009-05-01,2009,5,3.07,5.92,BANREP_SUAMECA,2026-06-09
2009-06-01,2009,6,3.47,5.56,BANREP_SUAMECA,2026-06-09
2009-07-01,2009,7,2.91,3.89,BANREP_SUAMECA,2026-06-09
2009-08-01,2009,8,2.38,4.84,BANREP_SUAMECA,2026-06-09
2009-09-01,2009,9,1.59,4.67,BANREP_SUAMECA,2026-06-09
2009-10-01,2009,10,1.46,4.63,BANREP_SUAMECA,2026-06-09
2009-11-01,2009,11,1.4,3.76,BANREP_SUAMECA,2026-06-09
2009-12-01,2009,12,1.38,4.07,BANREP_SUAMECA,2026-06-09
2010-01-01,2010,1,1.19,4.7,BANREP_SUAMECA,2026-06-09
2010-02-01,2010,2,1.05,4.13,BANREP_SUAMECA,2026-06-09
2010-03-01,2010,3,1.36,4.44,BANREP_SUAMECA,2026-06-09
2010-04-01,2010,4,2.3,4.41,BANREP_SUAMECA,2026-06-09
2010-05-01,2010,5,2.06,4.0,BANREP_SUAMECA,2026-06-09
2010-06-01,2010,6,2.54,3.99,BANREP_SUAMECA,2026-06-09
2010-07-01,2010,7,2.05,3.96,BANREP_SUAMECA,2026-06-09
2010-08-01,2010,8,1.08,3.85,BANREP_SUAMECA,2026-06-09
2010-09-01,2010,9,1.0,4.0,BANREP_SUAMECA,2026-06-09
2010-10-01,2010,10,1.91,3.9,BANREP_SUAMECA,2026-06-09
2010-11-01,2010,11,1.21,3.89,BANREP_SUAMECA,2026-06-09
2010-12-01,2010,12,1.4,4.38,BANREP_SUAMECA,2026-06-09
2011-01-01,2011,1,1.17,4.38,BANREP_SUAMECA,2026-06-09
2011-02-01,2011,2,1.13,4.97,BANREP_SUAMECA,2026-06-09
2011-03-01,2011,3,2.07,4.87,BANREP_SUAMECA,2026-06-09
2011-04-01,2011,4,1.89,4.97,BANREP_SUAMECA,2026-06-09
2011-05-01,2011,5,2.01,5.17,BANREP_SUAMECA,2026-06-09
2011-06-01,2011,6,2.03,5.2,BANREP_SUAMECA,2026-06-09
2011-07-01,2011,7,2.08,5.28,BANREP_SUAMECA,2026-06-09
2011-08-01,2011,8,2.14,5.29,BANREP_SUAMECA,2026-06-09
2011-09-01,2011,9,2.16,5.16,BANREP_SUAMECA,2026-06-09
2011-10-01,2011,10,1.81,5.56,BANREP_SUAMECA,2026-06-09
2011-11-01,2011,11,1.76,5.66,BANREP_SUAMECA,2026-06-09
2011-12-01,2011,12,1.53,5.58,BANREP_SUAMECA,2026-06-09
2012-01-01,2012,1,1.83,5.63,BANREP_SUAMECA,2026-06-09
2012-02-01,2012,2,1.94,5.72,BANREP_SUAMECA,2026-06-09
2012-03-01,2012,3,2.38,5.55,BANREP_SUAMECA,2026-06-09
2012-04-01,2012,4,2.84,5.48,BANREP_SUAMECA,2026-06-09
2012-05-01,2012,5,2.99,5.49,BANREP_SUAMECA,2026-06-09
2012-06-01,2012,6,2.83,5.47,BANREP_SUAMECA,2026-06-09
2012-07-01,2012,7,3.14,5.27,BANREP_SUAMECA,2026-06-09
2012-08-01,2012,8,2.48,4.83,BANREP_SUAMECA,2026-06-09
2012-09-01,2012,9,2.09,4.77,BANREP_SUAMECA,2026-06-09
2012-10-01,2012,10,1.4,4.86,BANREP_SUAMECA,2026-06-09
2012-11-01,2012,11,1.24,4.92,BANREP_SUAMECA,2026-06-09
2012-12-01,2012,12,2.21,4.39,BANREP_SUAMECA,2026-06-09
2013-01-01,2013,1,1.99,4.25,BANREP_SUAMECA,2026-06-09
2013-02-01,2013,2,1.55,4.04,BANREP_SUAMECA,2026-06-09
2013-03-01,2013,3,1.23,3.58,BANREP_SUAMECA,2026-06-09
2013-04-01,2013,4,1.44,3.69,BANREP_SUAMECA,2026-06-09
2013-05-01,2013,5,2.05,3.98,BANREP_SUAMECA,2026-06-09
2013-06-01,2013,6,2.52,4.33,BANREP_SUAMECA,2026-06-09
2013-07-01,2013,7,2.18,4.29,BANREP_SUAMECA,2026-06-09
2013-08-01,2013,8,2.01,4.55,BANREP_SUAMECA,2026-06-09
2013-09-01,2013,9,1.91,4.26,BANREP_SUAMECA,2026-06-09
2013-10-01,2013,10,1.64,4.17,BANREP_SUAMECA,2026-06-09
2013-11-01,2013,11,1.89,4.19,BANREP_SUAMECA,2026-06-09
2013-12-01,2013,12,1.64,4.2,BANREP_SUAMECA,2026-06-09
2014-01-01,2014,1,1.55,4.35,BANREP_SUAMECA,2026-06-09
2014-02-01,2014,2,1.3,4.26,BANREP_SUAMECA,2026-06-09
2014-03-01,2014,3,1.73,4.15,BANREP_SUAMECA,2026-06-09
2014-04-01,2014,4,1.96,4.36,BANREP_SUAMECA,2026-06-09
2014-05-01,2014,5,2.03,4.53,BANREP_SUAMECA,2026-06-09
2014-06-01,2014,6,1.92,4.7,BANREP_SUAMECA,2026-06-09
2014-07-01,2014,7,1.26,4.77,BANREP_SUAMECA,2026-06-09
2014-08-01,2014,8,2.08,4.81,BANREP_SUAMECA,2026-06-09
2014-09-01,2014,9,2.14,4.87,BANREP_SUAMECA,2026-06-09
2014-10-01,2014,10,2.13,4.81,BANREP_SUAMECA,2026-06-09
2014-11-01,2014,11,1.01,4.65,BANREP_SUAMECA,2026-06-09
2014-12-01,2014,12,1.2,4.94,BANREP_SUAMECA,2026-06-09
2015-01-01,2015,1,0.5,4.52,BANREP_SUAMECA,2026-06-09
2015-02-01,2015,2,0.57,4.54,BANREP_SUAMECA,2026-06-09
2015-03-01,2015,3,0.57,4.84,BANREP_SUAMECA,2026-06-09
2015-04-01,2015,4,1.97,4.7,BANREP_SUAMECA,2026-06-09
2015-05-01,2015,5,0.99,4.68,BANREP_SUAMECA,2026-06-09
2015-06-01,2015,6,1.29,4.61,BANREP_SUAMECA,2026-06-09
2015-07-01,2015,7,1.27,4.64,BANREP_SUAMECA,2026-06-09
2015-08-01,2015,8,1.27,5.06,BANREP_SUAMECA,2026-06-09
2015-09-01,2015,9,1.02,5.64,BANREP_SUAMECA,2026-06-09
2015-10-01,2015,10,0.84,5.47,BANREP_SUAMECA,2026-06-09
2015-11-01,2015,11,1.15,6.2,BANREP_SUAMECA,2026-06-09
2015-12-01,2015,12,1.22,6.51,BANREP_SUAMECA,2026-06-09
2016-01-01,2016,1,1.36,6.63,BANREP_SUAMECA,2026-06-09
2016-02-01,2016,2,1.36,6.85,BANREP_SUAMECA,2026-06-09
2016-03-01,2016,3,1.97,6.88,BANREP_SUAMECA,2026-06-09
2016-04-01,2016,4,2.03,7.17,BANREP_SUAMECA,2026-06-09
2016-05-01,2016,5,2.18,7.27,BANREP_SUAMECA,2026-06-09
2016-06-01,2016,6,2.16,6.84,BANREP_SUAMECA,2026-06-09
2016-07-01,2016,7,2.28,7.1,BANREP_SUAMECA,2026-06-09
2016-08-01,2016,8,2.5,7.3,BANREP_SUAMECA,2026-06-09
2016-09-01,2016,9,3.5,6.84,BANREP_SUAMECA,2026-06-09
2016-10-01,2016,10,2.47,6.92,BANREP_SUAMECA,2026-06-09
2016-11-01,2016,11,2.17,6.84,BANREP_SUAMECA,2026-06-09
2016-12-01,2016,12,1.33,6.62,BANREP_SUAMECA,2026-06-09
2017-01-01,2017,1,0.93,6.54,BANREP_SUAMECA,2026-06-09
2017-02-01,2017,2,1.59,6.52,BANREP_SUAMECA,2026-06-09
2017-03-01,2017,3,2.43,6.11,BANREP_SUAMECA,2026-06-09
2017-04-01,2017,4,2.44,5.77,BANREP_SUAMECA,2026-06-09
2017-05-01,2017,5,2.29,5.46,BANREP_SUAMECA,2026-06-09
2017-06-01,2017,6,2.34,5.01,BANREP_SUAMECA,2026-06-09
2017-07-01,2017,7,2.51,5.45,BANREP_SUAMECA,2026-06-09
2017-08-01,2017,8,2.3,5.39,BANREP_SUAMECA,2026-06-09
2017-09-01,2017,9,2.09,5.12,BANREP_SUAMECA,2026-06-09
2017-10-01,2017,10,1.9,4.96,BANREP_SUAMECA,2026-06-09
2017-11-01,2017,11,1.36,4.7,BANREP_SUAMECA,2026-06-09
2017-12-01,2017,12,1.37,4.66,BANREP_SUAMECA,2026-06-09
2018-01-01,2018,1,1.32,4.78,BANREP_SUAMECA,2026-06-09
2018-02-01,2018,2,1.06,4.72,BANREP_SUAMECA,2026-06-09
2018-03-01,2018,3,1.14,4.57,BANREP_SUAMECA,2026-06-09
2018-04-01,2018,4,1.71,4.47,BANREP_SUAMECA,2026-06-09
2018-05-01,2018,5,1.52,4.61,BANREP_SUAMECA,2026-06-09
2018-06-01,2018,6,1.7,4.65,BANREP_SUAMECA,2026-06-09
2018-07-01,2018,7,1.78,4.73,BANREP_SUAMECA,2026-06-09
2018-08-01,2018,8,1.71,4.74,BANREP_SUAMECA,2026-06-09
2018-09-01,2018,9,0.96,4.6,BANREP_SUAMECA,2026-06-09
2018-10-01,2018,10,0.97,4.85,BANREP_SUAMECA,2026-06-09
2018-11-01,2018,11,1.42,4.87,BANREP_SUAMECA,2026-06-09
2018-12-01,2018,12,0.78,4.86,BANREP_SUAMECA,2026-06-09
2019-01-01,2019,1,1.4,4.78,BANREP_SUAMECA,2026-06-09
2019-02-01,2019,2,1.22,4.74,BANREP_SUAMECA,2026-06-09
2019-03-01,2019,3,1.79,4.58,BANREP_SUAMECA,2026-06-09
2019-04-01,2019,4,1.75,4.59,BANREP_SUAMECA,2026-06-09
2019-05-01,2019,5,1.56,4.56,BANREP_SUAMECA,2026-06-09
2019-06-01,2019,6,1.48,4.37,BANREP_SUAMECA,2026-06-09
2019-07-01,2019,7,1.47,4.37,BANREP_SUAMECA,2026-06-09
2019-08-01,2019,8,1.45,4.49,BANREP_SUAMECA,2026-06-09
2019-09-01,2019,9,1.27,4.44,BANREP_SUAMECA,2026-06-09
2019-10-01,2019,10,1.28,4.51,BANREP_SUAMECA,2026-06-09
2019-11-01,2019,11,1.38,4.62,BANREP_SUAMECA,2026-06-09
2019-12-01,2019,12,1.06,4.5,BANREP_SUAMECA,2026-06-09
2020-01-01,2020,1,0.83,4.44,BANREP_SUAMECA,2026-06-09
2020-02-01,2020,2,0.89,4.33,BANREP_SUAMECA,2026-06-09
2020-03-01,2020,3,1.82,4.32,BANREP_SUAMECA,2026-06-09
2020-04-01,2020,4,1.83,3.86,BANREP_SUAMECA,2026-06-09
2020-05-01,2020,5,1.8,3.01,BANREP_SUAMECA,2026-06-09
2020-06-01,2020,6,1.9,2.67,BANREP_SUAMECA,2026-06-09
2020-07-01,2020,7,1.45,2.3,BANREP_SUAMECA,2026-06-09
2020-08-01,2020,8,0.81,2.4,BANREP_SUAMECA,2026-06-09
2020-09-01,2020,9,1.06,2.03,BANREP_SUAMECA,2026-06-09
2020-10-01,2020,10,0.15,2.16,BANREP_SUAMECA,2026-06-09
2020-11-01,2020,11,0.36,2.17,BANREP_SUAMECA,2026-06-09
2020-12-01,2020,12,0.48,2.09,BANREP_SUAMECA,2026-06-09
2021-01-01,2021,1,-0.23,1.9,BANREP_SUAMECA,2026-06-09
2021-02-01,2021,2,0.05,2.1,BANREP_SUAMECA,2026-06-09
2021-03-01,2021,3,0.42,2.49,BANREP_SUAMECA,2026-06-09
2021-04-01,2021,4,0.48,2.25,BANREP_SUAMECA,2026-06-09
2021-05-01,2021,5,0.28,2.74,BANREP_SUAMECA,2026-06-09
2021-06-01,2021,6,0.75,3.11,BANREP_SUAMECA,2026-06-09
2021-07-01,2021,7,0.83,2.95,BANREP_SUAMECA,2026-06-09
2021-08-01,2021,8,0.61,2.92,BANREP_SUAMECA,2026-06-09
2021-09-01,2021,9,0.72,3.47,BANREP_SUAMECA,2026-06-09
2021-10-01,2021,10,0.87,4.39,BANREP_SUAMECA,2026-06-09
2021-11-01,2021,11,1.25,4.6,BANREP_SUAMECA,2026-06-09
2021-12-01,2021,12,1.05,5.44,BANREP_SUAMECA,2026-06-09
2022-01-01,2022,1,0.93,6.09,BANREP_SUAMECA,2026-06-09
2022-02-01,2022,2,1.18,7.48,BANREP_SUAMECA,2026-06-09
2022-03-01,2022,3,1.2,7.72,BANREP_SUAMECA,2026-06-09
2022-04-01,2022,4,1.49,8.37,BANREP_SUAMECA,2026-06-09
2022-05-01,2022,5,1.55,8.88,BANREP_SUAMECA,2026-06-09
2022-06-01,2022,6,2.02,9.7,BANREP_SUAMECA,2026-06-09
2022-07-01,2022,7,2.82,10.39,BANREP_SUAMECA,2026-06-09
2022-08-01,2022,8,2.07,10.84,BANREP_SUAMECA,2026-06-09
2022-09-01,2022,9,1.87,11.4,BANREP_SUAMECA,2026-06-09
2022-10-01,2022,10,2.83,12.43,BANREP_SUAMECA,2026-06-09
2022-11-01,2022,11,4.16,11.93,BANREP_SUAMECA,2026-06-09
2022-12-01,2022,12,3.41,11.9,BANREP_SUAMECA,2026-06-09
2023-01-01,2023,1,1.96,12.02,BANREP_SUAMECA,2026-06-09
2023-02-01,2023,2,2.1,11.87,BANREP_SUAMECA,2026-06-09
2023-03-01,2023,3,2.47,10.81,BANREP_SUAMECA,2026-06-09
2023-04-01,2023,4,3.3,11.25,BANREP_SUAMECA,2026-06-09
2023-05-01,2023,5,3.44,10.82,BANREP_SUAMECA,2026-06-09
2023-06-01,2023,6,4.03,10.42,BANREP_SUAMECA,2026-06-09
2023-07-01,2023,7,4.06,9.97,BANREP_SUAMECA,2026-06-09
2023-08-01,2023,8,4.1,9.44,BANREP_SUAMECA,2026-06-09
2023-09-01,2023,9,3.79,10.6,BANREP_SUAMECA,2026-06-09
2023-10-01,2023,10,3.93,10.98,BANREP_SUAMECA,2026-06-09
2023-11-01,2023,11,3.68,10.38,BANREP_SUAMECA,2026-06-09
2023-12-01,2023,12,2.96,10.06,BANREP_SUAMECA,2026-06-09
2024-01-01,2024,1,2.17,9.37,BANREP_SUAMECA,2026-06-09
2024-02-01,2024,2,2.45,9.33,BANREP_SUAMECA,2026-06-09
2024-03-01,2024,3,2.78,9.04,BANREP_SUAMECA,2026-06-09
2024-04-01,2024,4,3.76,9.86,BANREP_SUAMECA,2026-06-09
2024-05-01,2024,5,4.38,9.67,BANREP_SUAMECA,2026-06-09
2024-06-01,2024,6,3.56,9.35,BANREP_SUAMECA,2026-06-09
2024-07-01,2024,7,3.65,8.9,BANREP_SUAMECA,2026-06-09
2024-08-01,2024,8,2.83,8.25,BANREP_SUAMECA,2026-06-09
2024-09-01,2024,9,2.86,8.03,BANREP_SUAMECA,2026-06-09
2024-10-01,2024,10,3.09,8.58,BANREP_SUAMECA,2026-06-09
2024-11-01,2024,11,3.48,8.47,BANREP_SUAMECA,2026-06-09
2024-12-01,2024,12,3.17,9.39,BANREP_SUAMECA,2026-06-09
2025-01-01,2025,1,2.81,9.23,BANREP_SUAMECA,2026-06-09
2025-02-01,2025,2,3.14,8.92,BANREP_SUAMECA,2026-06-09
2025-03-01,2025,3,4.35,9.34,BANREP_SUAMECA,2026-06-09
2025-04-01,2025,4,4.66,9.26,BANREP_SUAMECA,2026-06-09
2025-05-01,2025,5,4.0,9.02,BANREP_SUAMECA,2026-06-09
2025-06-01,2025,6,5.0,9.08,BANREP_SUAMECA,2026-06-09
2025-07-01,2025,7,5.09,8.98,BANREP_SUAMECA,2026-06-09
2025-08-01,2025,8,5.42,9.25,BANREP_SUAMECA,2026-06-09
2025-09-01,2025,9,4.83,9.27,BANREP_SUAMECA,2026-06-09
2025-10-01,2025,10,4.65,9.45,BANREP_SUAMECA,2026-06-09
2025-11-01,2025,11,5.16,10.09,BANREP_SUAMECA,2026-06-09
2025-12-01,2025,12,5.75,11.3,BANREP_SUAMECA,2026-06-09
2026-01-01,2026,1,4.44,11.65,BANREP_SUAMECA,2026-06-09
2026-02-01,2026,2,4.98,13.33,BANREP_SUAMECA,2026-06-09
2026-03-01,2026,3,6.66,13.46,BANREP_SUAMECA,2026-06-09
2026-04-01,2026,4,6.43,13.55,BANREP_SUAMECA,2026-06-09
2026-05-01,2026,5,6.58,13.43,BANREP_SUAMECA,2026-06-09
