date,year,month,unemployment_rate,source,download_date
2001-01-01,2001,1,14.312729743324315,DANE,2026-03-25
2001-02-01,2001,2,16.06385823480801,DANE,2026-03-25
2001-03-01,2001,3,16.53312027828533,DANE,2026-03-25
2001-04-01,2001,4,13.661021250303204,DANE,2026-03-25
2001-05-01,2001,5,14.74676321239546,DANE,2026-03-25
2001-06-01,2001,6,15.04256813948501,DANE,2026-03-25
2001-07-01,2001,7,15.153536994158154,DANE,2026-03-25
2001-08-01,2001,8,14.822664768444326,DANE,2026-03-25
2001-09-01,2001,9,14.780719085344424,DANE,2026-03-25
2001-10-01,2001,10,15.132975129135165,DANE,2026-03-25
2001-11-01,2001,11,14.75188999830288,DANE,2026-03-25
2001-12-01,2001,12,14.654097414060175,DANE,2026-03-25
2002-01-01,2002,1,15.643511458646437,DANE,2026-03-25
2002-02-01,2002,2,14.807452353176224,DANE,2026-03-25
2002-03-01,2002,3,15.797365757495188,DANE,2026-03-25
2002-04-01,2002,4,15.345202265974118,DANE,2026-03-25
2002-05-01,2002,5,15.604163781846886,DANE,2026-03-25
2002-06-01,2002,6,15.672273456883849,DANE,2026-03-25
2002-07-01,2002,7,15.402312115755665,DANE,2026-03-25
2002-08-01,2002,8,15.858628762715888,DANE,2026-03-25
2002-09-01,2002,9,15.133965313980923,DANE,2026-03-25
2002-10-01,2002,10,15.645101141704298,DANE,2026-03-25
2002-11-01,2002,11,16.277849855086917,DANE,2026-03-25
2002-12-01,2002,12,16.481892839048392,DANE,2026-03-25
2003-01-01,2003,1,14.020412950379594,DANE,2026-03-25
2003-02-01,2003,2,14.463106686810947,DANE,2026-03-25
2003-03-01,2003,3,13.710280740826597,DANE,2026-03-25
2003-04-01,2003,4,14.384985963842478,DANE,2026-03-25
2003-05-01,2003,5,13.244049490442025,DANE,2026-03-25
2003-06-01,2003,6,13.964757387254046,DANE,2026-03-25
2003-07-01,2003,7,14.502442645448605,DANE,2026-03-25
2003-08-01,2003,8,14.27414182980968,DANE,2026-03-25
2003-09-01,2003,9,14.777837311383745,DANE,2026-03-25
2003-10-01,2003,10,14.299624484327522,DANE,2026-03-25
2003-11-01,2003,11,13.700689399194681,DANE,2026-03-25
2003-12-01,2003,12,13.519653877708663,DANE,2026-03-25
2004-01-01,2004,1,15.119853626152185,DANE,2026-03-25
2004-02-01,2004,2,14.395468603654733,DANE,2026-03-25
2004-03-01,2004,3,13.998908323532822,DANE,2026-03-25
2004-04-01,2004,4,14.201472096696218,DANE,2026-03-25
2004-05-01,2004,5,14.07565474272901,DANE,2026-03-25
2004-06-01,2004,6,14.037053652132329,DANE,2026-03-25
2004-07-01,2004,7,12.857520666509787,DANE,2026-03-25
2004-08-01,2004,8,12.97523919800361,DANE,2026-03-25
2004-09-01,2004,9,12.674917004657907,DANE,2026-03-25
2004-10-01,2004,10,13.223659583932745,DANE,2026-03-25
2004-11-01,2004,11,12.968518244195737,DANE,2026-03-25
2004-12-01,2004,12,12.900009548151933,DANE,2026-03-25
2005-01-01,2005,1,11.109533395136733,DANE,2026-03-25
2005-02-01,2005,2,12.748016682123525,DANE,2026-03-25
2005-03-01,2005,3,13.278711812874175,DANE,2026-03-25
2005-04-01,2005,4,11.697434504736764,DANE,2026-03-25
2005-05-01,2005,5,12.594932356028249,DANE,2026-03-25
2005-06-01,2005,6,11.610870866912025,DANE,2026-03-25
2005-07-01,2005,7,11.941415312113142,DANE,2026-03-25
2005-08-01,2005,8,11.663081157675165,DANE,2026-03-25
2005-09-01,2005,9,11.61187666645945,DANE,2026-03-25
2005-10-01,2005,10,10.95176235557173,DANE,2026-03-25
2005-11-01,2005,11,11.460981814345397,DANE,2026-03-25
2005-12-01,2005,12,11.155160265501914,DANE,2026-03-25
2006-01-01,2006,1,11.25482831925794,DANE,2026-03-25
2006-02-01,2006,2,11.798809099979692,DANE,2026-03-25
2006-03-01,2006,3,11.503067346165041,DANE,2026-03-25
2006-04-01,2006,4,11.87987064360485,DANE,2026-03-25
2006-05-01,2006,5,11.889338572834165,DANE,2026-03-25
2006-06-01,2006,6,10.6272761373557,DANE,2026-03-25
2006-09-01,2006,9,13.1282125429368,DANE,2026-03-25
2006-10-01,2006,10,12.572064843800538,DANE,2026-03-25
2006-11-01,2006,11,12.253599699554325,DANE,2026-03-25
2006-12-01,2006,12,12.7736302347327,DANE,2026-03-25
2007-01-01,2007,1,12.019300701946355,DANE,2026-03-25
2007-02-01,2007,2,11.629301702372134,DANE,2026-03-25
2007-03-01,2007,3,12.03034406315008,DANE,2026-03-25
2007-04-01,2007,4,10.679172128309505,DANE,2026-03-25
2007-05-01,2007,5,11.701866593219954,DANE,2026-03-25
2007-06-01,2007,6,11.389991963505999,DANE,2026-03-25
2007-07-01,2007,7,10.942785061075003,DANE,2026-03-25
2007-08-01,2007,8,10.974677308523288,DANE,2026-03-25
2007-09-01,2007,9,11.129647832655651,DANE,2026-03-25
2007-10-01,2007,10,11.423078447857376,DANE,2026-03-25
2007-11-01,2007,11,10.682782979887353,DANE,2026-03-25
2007-12-01,2007,12,10.816887760732499,DANE,2026-03-25
2008-01-01,2008,1,11.02780482613976,DANE,2026-03-25
2008-02-01,2008,2,11.039205568380945,DANE,2026-03-25
2008-03-01,2008,3,11.283582922916205,DANE,2026-03-25
2008-04-01,2008,4,10.959008203882178,DANE,2026-03-25
2008-05-01,2008,5,10.814643968040896,DANE,2026-03-25
2008-06-01,2008,6,11.631800135354329,DANE,2026-03-25
2008-07-01,2008,7,11.65228401482447,DANE,2026-03-25
2008-08-01,2008,8,11.65483644497793,DANE,2026-03-25
2008-09-01,2008,9,11.394331126132208,DANE,2026-03-25
2008-10-01,2008,10,11.439508286369401,DANE,2026-03-25
2008-11-01,2008,11,12.123135609897737,DANE,2026-03-25
2008-12-01,2008,12,11.637666819767809,DANE,2026-03-25
2009-01-01,2009,1,12.175082967497708,DANE,2026-03-25
2009-02-01,2009,2,11.602365782896198,DANE,2026-03-25
2009-03-01,2009,3,12.167798203315755,DANE,2026-03-25
2009-04-01,2009,4,11.976015120655743,DANE,2026-03-25
2009-05-01,2009,5,11.758783771870993,DANE,2026-03-25
2009-06-01,2009,6,11.798504216672256,DANE,2026-03-25
2009-07-01,2009,7,12.208055809567618,DANE,2026-03-25
2009-08-01,2009,8,12.2418157952756,DANE,2026-03-25
2009-09-01,2009,9,12.895066730024563,DANE,2026-03-25
2009-10-01,2009,10,12.963988614685912,DANE,2026-03-25
2009-11-01,2009,11,12.477345187748165,DANE,2026-03-25
2009-12-01,2009,12,12.091125331693858,DANE,2026-03-25
2010-01-01,2010,1,12.672424473011294,DANE,2026-03-25
2010-02-01,2010,2,11.485993120510365,DANE,2026-03-25
2010-03-01,2010,3,11.987121469598543,DANE,2026-03-25
2010-04-01,2010,4,12.277136699616879,DANE,2026-03-25
2010-05-01,2010,5,12.23491668942913,DANE,2026-03-25
2010-06-01,2010,6,12.208155755644135,DANE,2026-03-25
2010-07-01,2010,7,12.196042918601584,DANE,2026-03-25
2010-08-01,2010,8,11.736291173715294,DANE,2026-03-25
2010-09-01,2010,9,11.392645028890524,DANE,2026-03-25
2010-10-01,2010,10,11.684599244595104,DANE,2026-03-25
2010-11-01,2010,11,11.982510876519287,DANE,2026-03-25
2010-12-01,2010,12,11.97204091108838,DANE,2026-03-25
2011-01-01,2011,1,11.738857327467832,DANE,2026-03-25
2011-02-01,2011,2,11.805371199066451,DANE,2026-03-25
2011-03-01,2011,3,11.005392826487533,DANE,2026-03-25
2011-04-01,2011,4,11.086751863510019,DANE,2026-03-25
2011-05-01,2011,5,11.516064008091506,DANE,2026-03-25
2011-06-01,2011,6,11.29323664149808,DANE,2026-03-25
2011-07-01,2011,7,11.07105129650666,DANE,2026-03-25
2011-08-01,2011,8,10.783160312472186,DANE,2026-03-25
2011-09-01,2011,9,10.50714582395108,DANE,2026-03-25
2011-10-01,2011,10,10.607264869049876,DANE,2026-03-25
2011-11-01,2011,11,10.522340718429902,DANE,2026-03-25
2011-12-01,2011,12,10.727083988949012,DANE,2026-03-25
2012-01-01,2012,1,10.703370915777812,DANE,2026-03-25
2012-02-01,2012,2,10.673281658432007,DANE,2026-03-25
2012-03-01,2012,3,10.535220426682876,DANE,2026-03-25
2012-04-01,2012,4,10.926742337882656,DANE,2026-03-25
2012-05-01,2012,5,10.945437527525986,DANE,2026-03-25
2012-06-01,2012,6,10.525156504083887,DANE,2026-03-25
2012-07-01,2012,7,10.627027543729591,DANE,2026-03-25
2012-08-01,2012,8,10.298217380690966,DANE,2026-03-25
2012-09-01,2012,9,10.723949271361473,DANE,2026-03-25
2012-10-01,2012,10,10.45164531045984,DANE,2026-03-25
2012-11-01,2012,11,10.578408451675054,DANE,2026-03-25
2012-12-01,2012,12,10.526781937743618,DANE,2026-03-25
2013-01-01,2013,1,10.248560977685813,DANE,2026-03-25
2013-02-01,2013,2,10.53678697975751,DANE,2026-03-25
2013-03-01,2013,3,10.34369543252083,DANE,2026-03-25
2013-04-01,2013,4,10.341845697703215,DANE,2026-03-25
2013-05-01,2013,5,9.79100352389655,DANE,2026-03-25
2013-06-01,2013,6,9.833849937783663,DANE,2026-03-25
2013-07-01,2013,7,9.715255074025512,DANE,2026-03-25
2013-08-01,2013,8,9.912282884665368,DANE,2026-03-25
2013-09-01,2013,9,9.729656788676097,DANE,2026-03-25
2013-10-01,2013,10,9.359044015462475,DANE,2026-03-25
2013-11-01,2013,11,9.84918819683049,DANE,2026-03-25
2013-12-01,2013,12,9.17109195051404,DANE,2026-03-25
2014-01-01,2014,1,9.411556128771755,DANE,2026-03-25
2014-02-01,2014,2,9.61675517945439,DANE,2026-03-25
2014-03-01,2014,3,9.707025335448689,DANE,2026-03-25
2014-04-01,2014,4,9.279225004355506,DANE,2026-03-25
2014-05-01,2014,5,9.044059975005277,DANE,2026-03-25
2014-06-01,2014,6,9.773981547883588,DANE,2026-03-25
2014-07-01,2014,7,9.307345729064245,DANE,2026-03-25
2014-08-01,2014,8,9.35222075245575,DANE,2026-03-25
2014-09-01,2014,9,9.104594811108953,DANE,2026-03-25
2014-10-01,2014,10,9.239123830950174,DANE,2026-03-25
2014-11-01,2014,11,9.371108656504195,DANE,2026-03-25
2014-12-01,2014,12,9.562914689516628,DANE,2026-03-25
2015-01-01,2015,1,8.960463194546211,DANE,2026-03-25
2015-02-01,2015,2,8.791143707052324,DANE,2026-03-25
2015-03-01,2015,3,8.919667669426666,DANE,2026-03-25
2015-04-01,2015,4,9.79587300973963,DANE,2026-03-25
2015-05-01,2015,5,9.202152733005686,DANE,2026-03-25
2015-06-01,2015,6,8.910729618482662,DANE,2026-03-25
2015-07-01,2015,7,8.873991700694301,DANE,2026-03-25
2015-08-01,2015,8,9.482230766263253,DANE,2026-03-25
2015-09-01,2015,9,9.521571668277568,DANE,2026-03-25
2015-10-01,2015,10,9.493770964135855,DANE,2026-03-25
2015-11-01,2015,11,8.961366311149392,DANE,2026-03-25
2015-12-01,2015,12,9.352650096977998,DANE,2026-03-25
2016-01-01,2016,1,9.950264067762507,DANE,2026-03-25
2016-02-01,2016,2,8.974991517770974,DANE,2026-03-25
2016-03-01,2016,3,10.212457300693094,DANE,2026-03-25
2016-04-01,2016,4,9.456431970609778,DANE,2026-03-25
2016-05-01,2016,5,9.168547300037595,DANE,2026-03-25
2016-06-01,2016,6,9.641321808202509,DANE,2026-03-25
2016-07-01,2016,7,9.86471522823001,DANE,2026-03-25
2016-08-01,2016,8,9.388880366898222,DANE,2026-03-25
2016-09-01,2016,9,9.253848014822918,DANE,2026-03-25
2016-10-01,2016,10,9.60908211294918,DANE,2026-03-25
2016-11-01,2016,11,9.242611187681131,DANE,2026-03-25
2016-12-01,2016,12,9.700286140381705,DANE,2026-03-25
2017-01-01,2017,1,9.662801233389464,DANE,2026-03-25
2017-02-01,2017,2,9.503948848214733,DANE,2026-03-25
2017-03-01,2017,3,9.641819451769857,DANE,2026-03-25
2017-04-01,2017,4,9.319365115775465,DANE,2026-03-25
2017-05-01,2017,5,9.734382824943564,DANE,2026-03-25
2017-06-01,2017,6,9.44728034884305,DANE,2026-03-25
2017-07-01,2017,7,9.605008369665033,DANE,2026-03-25
2017-08-01,2017,8,9.675729207395227,DANE,2026-03-25
2017-09-01,2017,9,9.91258041899712,DANE,2026-03-25
2017-10-01,2017,10,9.643445664189596,DANE,2026-03-25
2017-11-01,2017,11,10.278636768062992,DANE,2026-03-25
2017-12-01,2017,12,9.602881146981701,DANE,2026-03-25
2018-01-01,2018,1,9.799250879472634,DANE,2026-03-25
2018-02-01,2018,2,9.84405883879145,DANE,2026-03-25
2018-03-01,2018,3,9.508211279571617,DANE,2026-03-25
2018-04-01,2018,4,9.900439997092205,DANE,2026-03-25
2018-05-01,2018,5,9.839884929453115,DANE,2026-03-25
2018-06-01,2018,6,9.795481623105582,DANE,2026-03-25
2018-07-01,2018,7,9.737145532995331,DANE,2026-03-25
2018-08-01,2018,8,9.556137277609947,DANE,2026-03-25
2018-09-01,2018,9,10.039446410922096,DANE,2026-03-25
2018-10-01,2018,10,10.231350390798735,DANE,2026-03-25
2018-11-01,2018,11,10.476864522171612,DANE,2026-03-25
2018-12-01,2018,12,10.789811659971923,DANE,2026-03-25
2019-01-01,2019,1,10.735312468294937,DANE,2026-03-25
2019-02-01,2019,2,10.804514907683574,DANE,2026-03-25
2019-03-01,2019,3,10.894755903735511,DANE,2026-03-25
2019-04-01,2019,4,10.780719327394669,DANE,2026-03-25
2019-05-01,2019,5,10.836616153161904,DANE,2026-03-25
2019-06-01,2019,6,10.178422286322725,DANE,2026-03-25
2019-07-01,2019,7,11.015144214288227,DANE,2026-03-25
2019-08-01,2019,8,11.31193351167546,DANE,2026-03-25
2019-09-01,2019,9,11.223711872123006,DANE,2026-03-25
2019-10-01,2019,10,10.97681844743193,DANE,2026-03-25
2019-11-01,2019,11,11.030807998452266,DANE,2026-03-25
2019-12-01,2019,12,10.800592790570882,DANE,2026-03-25
2020-01-01,2020,1,11.104351735967278,DANE,2026-03-25
2020-02-01,2020,2,11.598435028593238,DANE,2026-03-25
2020-03-01,2020,3,12.843818337990424,DANE,2026-03-25
2020-04-01,2020,4,20.563096363996895,DANE,2026-03-25
2020-05-01,2020,5,21.837961928899926,DANE,2026-03-25
2020-06-01,2020,6,20.797458494054794,DANE,2026-03-25
2020-07-01,2020,7,20.725560503050783,DANE,2026-03-25
2020-08-01,2020,8,17.55081327562182,DANE,2026-03-25
2020-09-01,2020,9,16.790176300720955,DANE,2026-03-25
2020-10-01,2020,10,16.193739126461107,DANE,2026-03-25
2020-11-01,2020,11,15.301230367869154,DANE,2026-03-25
2020-12-01,2020,12,14.770505799528852,DANE,2026-03-25
2021-01-01,2021,1,15.1152363595732,DANE,2026-03-25
2021-02-01,2021,2,14.4155526343694,DANE,2026-03-25
2021-03-01,2021,3,14.328118433920883,DANE,2026-03-25
2021-04-01,2021,4,15.475632704704893,DANE,2026-03-25
2021-05-01,2021,5,15.143201601340941,DANE,2026-03-25
2021-06-01,2021,6,15.032844014654598,DANE,2026-03-25
2021-07-01,2021,7,12.96342192786166,DANE,2026-03-25
2021-08-01,2021,8,13.011965188680547,DANE,2026-03-25
2021-09-01,2021,9,12.54492257539358,DANE,2026-03-25
2021-10-01,2021,10,12.852224460121153,DANE,2026-03-25
2021-11-01,2021,11,12.887383688912552,DANE,2026-03-25
2021-12-01,2021,12,11.838470799765336,DANE,2026-03-25
2022-01-01,2022,1,12.254357569409779,DANE,2026-03-25
2022-02-01,2022,2,11.81051739383934,DANE,2026-03-25
2022-03-01,2022,3,11.673338587397035,DANE,2026-03-25
2022-04-01,2022,4,11.110651695204657,DANE,2026-03-25
2022-05-01,2022,5,10.61739416649434,DANE,2026-03-25
2022-06-01,2022,6,11.627345057050164,DANE,2026-03-25
2022-07-01,2022,7,10.997666583738377,DANE,2026-03-25
2022-08-01,2022,8,10.842780395416284,DANE,2026-03-25
2022-09-01,2022,9,11.377400614195256,DANE,2026-03-25
2022-10-01,2022,10,10.509588876999832,DANE,2026-03-25
2022-11-01,2022,11,10.814288944113521,DANE,2026-03-25
2022-12-01,2022,12,10.888869961377381,DANE,2026-03-25
2023-01-01,2023,1,11.336941164420884,DANE,2026-03-25
2023-02-01,2023,2,10.260046268303016,DANE,2026-03-25
2023-03-01,2023,3,9.532783801371213,DANE,2026-03-25
2023-04-01,2023,4,10.664090206545959,DANE,2026-03-25
2023-05-01,2023,5,10.476760171898658,DANE,2026-03-25
2023-06-01,2023,6,9.681976810791895,DANE,2026-03-25
2023-07-01,2023,7,9.657267044904646,DANE,2026-03-25
2023-08-01,2023,8,9.562142276052104,DANE,2026-03-25
2023-09-01,2023,9,9.918807054647552,DANE,2026-03-25
2023-10-01,2023,10,9.982388235847992,DANE,2026-03-25
2023-11-01,2023,11,10.327522339459419,DANE,2026-03-25
2023-12-01,2023,12,10.507254318372542,DANE,2026-03-25
2024-01-01,2024,1,10.289195089755744,DANE,2026-03-25
2024-02-01,2024,2,10.579013536106467,DANE,2026-03-25
2024-03-01,2024,3,10.760988093303707,DANE,2026-03-25
2024-04-01,2024,4,10.601189796197916,DANE,2026-03-25
2024-05-01,2024,5,10.296139795023716,DANE,2026-03-25
2024-06-01,2024,6,10.608173457741596,DANE,2026-03-25
2024-07-01,2024,7,10.058440575843736,DANE,2026-03-25
2024-08-01,2024,8,9.999676806053914,DANE,2026-03-25
2024-09-01,2024,9,9.815280004048036,DANE,2026-03-25
2024-10-01,2024,10,9.85482326279976,DANE,2026-03-25
2024-11-01,2024,11,9.513597279997509,DANE,2026-03-25
2024-12-01,2024,12,9.537576357436455,DANE,2026-03-25
2025-01-01,2025,1,9.30961839542789,DANE,2026-03-25
2025-02-01,2025,2,9.236777358408036,DANE,2026-03-25
2025-03-01,2025,3,9.076131744685052,DANE,2026-03-25
2025-04-01,2025,4,8.762183735914926,DANE,2026-03-25
2025-05-01,2025,5,9.032661143586347,DANE,2026-03-25
2025-06-01,2025,6,8.899958777802293,DANE,2026-03-25
2025-07-01,2025,7,9.004793152971894,DANE,2026-03-25
2025-08-01,2025,8,8.967081146305327,DANE,2026-03-25
2025-09-01,2025,9,8.841941846781667,DANE,2026-03-25
2025-10-01,2025,10,8.8871677955001,DANE,2026-03-25
2025-11-01,2025,11,8.362037703828133,DANE,2026-03-25
2025-12-01,2025,12,8.350502059887724,DANE,2026-03-25
2026-01-01,2026,1,8.543349915804752,DANE,2026-03-25