date,year,quarter,gap_viog,gap_inv_viog,gap_hp,gap_cf,gap_bk,gap_bw,gap_kalman,source,gap_ref
1949-01-01,1949,1,0.021653684364522086,0.0004655790183827335,0.0026805902791968705,-0.030183467717198376,,-0.0009908924293409171,0.053058606525461904,FRED/CBO,0.0014012630790105618
1949-04-01,1949,2,-0.019759014086884186,-0.017412776722374623,-0.01762034848990357,-0.04117029779292736,,-0.021683438058005322,0.005156853941882034,FRED/CBO,-0.015046945037767046
1949-07-01,1949,3,-0.02720474917844573,-0.020551489081792162,-0.023954406897836122,-0.04583363449127198,,-0.02832613128782402,0.002290938537074183,FRED/CBO,-0.018210121566615278
1949-10-01,1949,4,-0.04060153222667573,-0.03477401132886193,-0.04870926225343464,-0.04266044538325797,,-0.053277222181087325,-0.005753051963601763,FRED/CBO,-0.039309137057829346
1950-01-01,1950,1,-0.023564539172134857,-0.016026588777530826,-0.026194988011334353,-0.02945425134127788,,-0.030834495506338655,0.00011560028246915266,FRED/CBO,-0.014031886643990354
1950-04-01,1950,2,-0.009753981481243734,-0.005323724488736303,-0.011852245093298741,-0.011986606688662249,,-0.016457182469371112,-0.0008312321908512388,FRED/CBO,0.002807171886877846
1950-07-01,1950,3,0.010303323591452695,0.009996128999411269,0.01075374077944602,0.005862466149042511,,0.006254735447178916,0.002315369417157598,FRED/CBO,0.027617214453131922
1950-10-01,1950,4,0.01789652902593275,0.012760865464428228,0.014858374124946394,0.02062671841984276,,0.010494830928842624,0.0008980781095528911,FRED/CBO,0.03305894391070208
1951-01-01,1951,1,0.020801974885124253,0.012216530239334666,0.013983106774007048,0.030043833455202673,,0.009749356588585556,-0.000416174971114458,FRED/CBO,0.033007109827281944
1951-04-01,1951,2,0.024281207327399024,0.013392928028415518,0.017330037009583243,0.03253397551436077,,0.013193592122767939,-0.000225133403245259,FRED/CBO,0.03680832969673187
1951-07-01,1951,3,0.02800498432843046,0.016491205722281244,0.024459056464313456,0.028524847285326338,,0.020367641703581185,0.0021754850508983736,FRED/CBO,0.04347240508292405
1951-10-01,1951,4,0.01887006593024232,0.009233050163937051,0.013962922386789423,0.021166843070682617,,0.00985292197028631,-0.0006928807396855419,FRED/CBO,0.03160130119794413
1952-01-01,1952,1,0.015540195368163978,0.009141874632903502,0.01247013260003449,0.013913251616052946,0.009406126895155076,0.00827884538765744,0.0008640537600497211,FRED/CBO,0.028270657984526437
1952-04-01,1952,2,0.007953212846313562,0.005952179901451693,0.00306651668845781,0.011214192094689324,0.007467437589069981,-0.0012628116854820348,-0.0009434700229737913,FRED/CBO,0.016175694730425683
1952-07-01,1952,3,0.005936573775670695,0.006847392852287193,-0.000745356915731854,0.014548741775818996,0.012034581665179012,-0.005259674911463286,-0.0031817361474661965,FRED/CBO,0.010321952095280196
1952-10-01,1952,4,0.02164431496199093,0.01564276880331139,0.021099353644679297,0.021048463400572537,0.02056680834510427,0.01636084462202092,0.0015223478951797986,FRED/CBO,0.030524647875783018
1953-01-01,1953,1,0.028350518331419217,0.019597517640883133,0.029568036095532158,0.025550603094537827,0.027820068537018905,0.024569657472946815,0.0017977938456992248,FRED/CBO,0.038139212896728836
1953-04-01,1953,2,0.026276839241816674,0.01775281189017175,0.027812253783624286,0.022346290876567032,0.026989747125805152,0.02253142068788261,0.002086664196294663,FRED/CBO,0.03584266606563524
1953-07-01,1953,3,0.012905596459966695,0.008782181371203457,0.013164645473034753,0.00916791399978134,0.014839552330837336,0.007606549025048537,0.0013085308505100812,FRED/CBO,0.021325477206156407
1953-10-01,1953,4,-0.008723774295837039,-0.005672677938950876,-0.010703744012173999,-0.011191383092140406,-0.0054658665434592635,-0.016492887487417285,-0.0013207099994678728,FRED/CBO,-0.0018171854425785838
1954-01-01,1954,1,-0.023324255395502647,-0.01519451133072458,-0.023781508312367805,-0.03106561585255907,-0.025092741753039327,-0.029710607687152724,-0.0011254218055016807,FRED/CBO,-0.013974139178101197
1954-04-01,1954,2,-0.031096802726434447,-0.019313596042881187,-0.03070680136020787,-0.04211423245542445,-0.03437883315704049,-0.03665062894719462,-0.0016242229531675534,FRED/CBO,-0.019490532102775404
1954-07-01,1954,3,-0.027763155348790036,-0.016301808985477173,-0.02725915687001912,-0.03985559210910594,-0.029302169726792116,-0.033076474503176634,-0.0014265623943297001,FRED/CBO,-0.014471950223859054
1954-10-01,1954,4,-0.015402762301707007,-0.008646009260445453,-0.01545110079805756,-0.026208601385119046,-0.01374027133448763,-0.02100626758717894,-0.0011868361199054434,FRED/CBO,-0.0014025671382578153
1955-01-01,1955,1,0.00418389614631387,0.0031189756031562155,0.005351540115755782,-0.008175011175440616,0.004583039324531413,0.00016971048562375302,0.001400658181130332,FRED/CBO,0.02067177529049502
1955-04-01,1955,2,0.014970855273443995,0.008694850129524312,0.01435101447331899,0.0059136442524971855,0.018226825998548968,0.009618051707579234,0.0006455747158922165,FRED/CBO,0.03032473282304249
1955-07-01,1955,3,0.02114753835550065,0.011745442296854591,0.020845392294751797,0.011192580358891036,0.022855530324539686,0.016602986371499817,0.001171923613541459,FRED/CBO,0.03742265378188936
1955-10-01,1955,4,0.01985414264305163,0.010580172065658644,0.020127530664859172,0.008045275052309897,0.01912834655184792,0.016390834108356955,0.0012385565300290224,FRED/CBO,0.036901119100821944
1956-01-01,1956,1,0.01116591934668687,0.004791425758988943,0.009731851497447153,0.0014863654389909442,0.011552135907416883,0.0065006052694212,-0.0012933468938616244,FRED/CBO,0.026414850729585382
1956-04-01,1956,2,0.011098266844233429,0.005076656029828541,0.011625853677092124,-0.002230786833755438,0.0058417130205459245,0.00889474067158158,0.0007441639005296707,FRED/CBO,0.028161218657724696
1956-07-01,1956,3,0.007237932442396122,0.002084771573205302,0.004525841052281265,0.00036361020911979125,0.006033344461148893,0.0022880669507285845,-0.001964779749136447,FRED/CBO,0.020522369625220804
1956-10-01,1956,4,0.01583385567514828,0.007605759807604251,0.01474194424698183,0.007454218036067495,0.011169448303765428,0.012993944855471007,0.001141061437744284,FRED/CBO,0.02975597188668999
1957-01-01,1957,1,0.01755733584985819,0.008677018649585477,0.015065371808565153,0.013172185780756074,0.015678644521393004,0.013807054513677919,0.0011003692642379548,FRED/CBO,0.0285447622124968
1957-04-01,1957,2,0.011193663898499295,0.0047198060811091125,0.006811231448206279,0.011605753268053576,0.01258648641420912,0.00605268804073944,-0.0010461617481993812,FRED/CBO,0.018324749692435027
1957-07-01,1957,3,0.009270940919067883,0.004644088240766564,0.010441587917361161,0.0009117180744180331,-0.0004422641488748269,0.010210001435737581,0.0026463962561784626,FRED/CBO,0.01974830206732836
1957-10-01,1957,4,-0.007355173055302089,-0.004140170415960043,-0.006200617083528925,-0.014411243729421486,-0.018691973552988017,-0.005859187651617859,0.001776086227316398,FRED/CBO,0.0006866606818167753
1958-01-01,1958,1,-0.033210635926303134,-0.019010892260840073,-0.03893383266457118,-0.027151736044785046,-0.0340887631833402,-0.03795021091873618,-0.0043335251197680336,FRED/CBO,-0.034264959124997496
1958-04-01,1958,2,-0.034712854994668696,-0.018683418222752657,-0.03907105188883708,-0.029300902034541387,-0.038106584773857755,-0.03735881674067354,-0.002708102475652119,FRED/CBO,-0.03660925578374563
1958-07-01,1958,3,-0.022035234173426232,-0.011306850720371742,-0.02317831594794484,-0.019743456594314424,-0.029912357256243638,-0.02065891528928887,-0.0003823765249642008,FRED/CBO,-0.02272802165799348
1958-10-01,1958,4,-0.007139137615519431,-0.0036345896738030348,-0.007341392577547623,-0.0035432088949018947,-0.015042497486161821,-0.003968200491518914,0.00040770926215749625,FRED/CBO,-0.00898078655850476
1959-01-01,1959,1,0.005022994194582964,0.002098810870604595,0.0041017798803810734,0.01243334695386622,-0.00046384780679176174,0.008330179191807119,-7.319970613473004e-05,FRED/CBO,0.0006309498481620324
1959-04-01,1959,2,0.017346186703260713,0.009239844162379995,0.018545483607073976,0.022964224835318348,0.00913279331990502,0.023582735366463936,0.0026856524313014773,FRED/CBO,0.013297447809149432
1959-07-01,1959,3,0.01380491615874746,0.006468960711423222,0.011112332510204936,0.027331261597595358,0.012853359048323298,0.01686967205212042,-0.00020185613264445124,FRED/CBO,0.00392469289204378
1959-10-01,1959,4,0.009784273265388777,0.003737534194621972,0.005532243339917642,0.02645727217423044,0.011807749187518368,0.011893520882145125,-0.002114420316759791,FRED/CBO,-0.003274241283511614
1960-01-01,1960,1,0.01634790667703001,0.008992539041987158,0.01903743793019963,0.02169609830523811,0.007216196209128611,0.02586985691179322,0.003139749740720177,FRED/CBO,0.008747994203250897
1960-04-01,1960,2,0.004741211718663152,0.0017649279325340217,0.004596609408695329,0.014826118564274182,-1.9542872438549352e-05,0.011758452363714866,-0.000674072111037205,FRED/CBO,-0.0066786456222036605
1960-07-01,1960,3,-0.0014424031424447037,5.9691868679934146e-05,0.00010574317020051183,0.005324907780128285,-0.009508431732404787,0.007462971378874528,0.0018564536831391365,FRED/CBO,-0.011778967120630313
1960-10-01,1960,4,-0.019191057025222946,-0.010034425315485151,-0.022548707549027824,-0.004913797895492067,-0.01958672952565621,-0.015114765247236761,-0.0024880788557197775,FRED/CBO,-0.034492238239892004
1961-01-01,1961,1,-0.023722037711795707,-0.011653561947323254,-0.02594894600623654,-0.01229612979406447,-0.025719218279242284,-0.01853641294444941,-0.0016913319936229243,FRED/CBO,-0.03761663415201966
1961-04-01,1961,2,-0.019648641443685833,-0.009184777238607111,-0.019642675420577405,-0.013142149730349217,-0.024535819808523485,-0.01233744687620053,-0.0005470115547314691,FRED/CBO,-0.030306812168303665
1961-07-01,1961,3,-0.012088549559294393,-0.005433651222572777,-0.01154629880895186,-0.0071483303743349325,-0.016776615375444948,-0.004431723666028731,-0.0001276917016728163,FRED/CBO,-0.021119179790291653
1961-10-01,1961,4,-0.0034452695169768788,-0.0012408450178771346,-0.003415302249303309,0.0019571471744832536,-0.006931768711988084,0.003422562161841114,0.00030414490203511946,FRED/CBO,-0.01153000047761843
1962-01-01,1962,1,0.002965285871674439,0.002042686527707005,0.0026274588775532237,0.008385725056221816,-0.00020485118811741643,0.00909983768748468,0.001098524206192053,FRED/CBO,-0.0038981238787538786
1962-04-01,1962,2,0.001487333596372764,0.0007271151371366358,-0.0003315952769966657,0.008149455346371681,0.0003256244893226068,0.005688737605934691,-0.00015732878904550773,FRED/CBO,-0.005106239739903984
1962-07-01,1962,3,-0.00018539487276392208,0.00037773638566207524,-0.0003695382128405811,0.0015775806595037523,-0.004362933738132568,0.005122650319094646,0.0009932679329942573,FRED/CBO,-0.003251389668566418
1962-10-01,1962,4,-0.008202895464135551,-0.004229333588062545,-0.00960227153202986,-0.006919655469380004,-0.010462558752720952,-0.004698119594696237,-0.0008872086137117208,FRED/CBO,-0.010415469210187212
1963-01-01,1963,1,-0.010577139590791873,-0.005096623648412901,-0.011505674614751271,-0.012321960796256803,-0.014105961734216521,-0.007228255060114819,-0.0003230707750692119,FRED/CBO,-0.010020904429319799
1963-04-01,1963,2,-0.011299630715946307,-0.0059458490153172505,-0.01332107650873482,-0.012521536403466982,-0.014114348773166085,-0.009689318800518265,-0.0012232107000169634,FRED/CBO,-0.009447268691884503
1963-07-01,1963,3,-0.004295364190095796,-0.0015393790946376384,-0.004727779876930072,-0.009161697929178203,-0.010955223175660223,-0.0017440184459633912,0.0015565253081124553,FRED/CBO,0.001641567314193182
1963-10-01,1963,4,-0.00688368608243195,-0.004197389336146884,-0.01148285066581245,-0.006196877974186776,-0.007411895336973728,-0.009137653086551012,-0.001525187405436057,FRED/CBO,-0.002589211498285948
1964-01-01,1964,1,-0.0013887727719836818,-0.00058497471587593,-0.004003144225922739,-0.0060324333674870445,-0.005641169615076436,-0.0022754733112879677,0.0010094253024917066,FRED/CBO,0.007596324030437529
1964-04-01,1964,2,-0.0032247037601464967,-0.0021912612301075995,-0.006604514134449957,-0.008670531583684138,-0.0068307695312661565,-0.00546675172249067,-0.00033346201251305274,FRED/CBO,0.007625439144341328
1964-07-01,1964,3,-0.0024283900217927368,-0.0012270555204452194,-0.004530601717748439,-0.01163638148481283,-0.009682369257905776,-0.00394958991847183,0.0012159026577638343,FRED/CBO,0.012308569946098302
1964-10-01,1964,4,-0.008776272411100905,-0.005968577474407155,-0.014824092306875869,-0.012501458980676006,-0.011672112884657082,-0.014764479851475443,-0.0024066702593508182,FRED/CBO,0.004672760556054811
1965-01-01,1965,1,-0.0008096255858038859,-0.0009000902727489546,-0.004191808678219999,-0.00957823525550694,-0.009880037066437808,-0.0046187241673987245,0.000950343424358735,FRED/CBO,0.017636769333281066
1965-04-01,1965,2,0.0014805097030468062,-0.0010131619226214639,-0.004758915817534515,-0.0035878526135721955,-0.004102551141826893,-0.005647422695131965,-0.0011607607310146761,FRED/CBO,0.01953394178669754
1965-07-01,1965,3,0.0104653325565085,0.0033288148840924237,0.004320703737628051,0.00420692549911017,0.004430147833675235,0.0029823862618734154,-0.00030054349437058647,FRED/CBO,0.030569497219506303
1965-10-01,1965,4,0.020005892402227943,0.007545312354150013,0.014457390791003277,0.011865007853282705,0.012943425089675387,0.012663873686848959,6.413718712217076e-05,FRED/CBO,0.042381291134491406
1966-01-01,1966,1,0.029648843488450538,0.012821718327083786,0.026182952009671467,0.017396496120341,0.018559475436465078,0.02391283948552214,0.0025596159402923035,FRED/CBO,0.055402255890479424
1966-04-01,1966,2,0.02512031531184533,0.009269781188548265,0.017623858370278356,0.01946641590151188,0.019678768748647713,0.014846604753779857,-0.0003219201174751163,FRED/CBO,0.047740694452105714
1966-07-01,1966,3,0.022178356783530973,0.007934600269138059,0.014464654016942191,0.016712795839179506,0.01582738100880654,0.011153992842803717,-1.2875605694517844e-05,FRED/CBO,0.04505505966670498
1966-10-01,1966,4,0.01801791340468384,0.0058833020961426286,0.011428483097535747,0.010084852417314494,0.00894475056124655,0.0075695950525727085,2.4039022251898245e-05,FRED/CBO,0.042264077070296224
1967-01-01,1967,1,0.014246289293536663,0.004525993450076982,0.009424047878079378,0.00232680274369379,0.0023174789296511733,0.005018251719498323,0.0009122188278265497,FRED/CBO,0.040061715271779264
1967-04-01,1967,2,0.006231361994441187,0.00015989645920200246,-0.0004052381212833467,-0.00321190422327966,-0.0015825297711895558,-0.0053379857586541846,-0.0010226892107869645,FRED/CBO,0.02970826475029753
1967-07-01,1967,3,0.005328326372424641,0.0003038317159553827,-0.0010638920426391252,-0.004401529600457366,-0.0018812687432063768,-0.006483878701178725,-0.00010191025350358984,FRED/CBO,0.028185975689526188
1967-10-01,1967,4,0.004484352963098459,-0.0006896641552351923,-0.0032719973947124004,-0.001554235015305494,0.0009215281617738214,-0.009124719039258267,-0.00160616467763397,FRED/CBO,0.024625687691214537
1968-01-01,1968,1,0.012520119193904833,0.0036847156054111707,0.0075432537938961985,0.0030432224231375926,0.005700913072788083,0.0013219518105369588,0.00037379802148507224,FRED/CBO,0.03373352527165174
1968-04-01,1968,2,0.01821217939879638,0.006541424958749431,0.015076471490361953,0.006869637388808414,0.010314183668704402,0.008554131606622661,0.0012130725931545072,FRED/CBO,0.03932186201778265
1968-07-01,1968,3,0.017825294627003885,0.006232879704327843,0.014085632305937068,0.008921685592188311,0.013966392226327784,0.0073338304759289485,0.0004713581184319082,FRED/CBO,0.03590853725211396
1968-10-01,1968,4,0.014626136024050496,0.0043155332166389115,0.009606372155252174,0.009526398803370029,0.016397690939596643,0.0027060445323439097,-0.0012510846027424805,FRED/CBO,0.028646266641036533
1969-01-01,1969,1,0.018671779540973432,0.007427604167276058,0.017009022404261387,0.009047690429405009,0.017012733866465624,0.010055019796306297,0.001405982862138444,FRED/CBO,0.03345650566957836
1969-04-01,1969,2,0.014287287304403762,0.0049369730723896055,0.012161317938987892,0.007232214058218389,0.015106539137256902,0.005264048029546942,-9.691276610013233e-05,FRED/CBO,0.026265787771391658
1969-07-01,1969,3,0.011477200465170867,0.004588698141681391,0.011063302285350574,0.002694458238300612,0.009882969753009618,0.0043549508118214675,0.0014038221472620904,FRED/CBO,0.023196900548477117
1969-10-01,1969,4,0.00048511409804596894,-0.0007124176762633994,-0.0013542140919149404,-0.005058624017747704,0.0021239030236905876,-0.007716670967857553,-0.00032070273145912154,FRED/CBO,0.009142309996704512
1970-01-01,1970,1,-0.008666567613731857,-0.004524625796467063,-0.01027003594180087,-0.014566225406198896,-0.006916134950364139,-0.016102588244031324,-0.0005146400115290106,FRED/CBO,-0.0010848008960024913
1970-04-01,1970,2,-0.015392386368052513,-0.0074568960370111625,-0.01623486596458612,-0.02257686125348357,-0.015153808446694228,-0.021331972735232796,-0.0008160636739784621,FRED/CBO,-0.00796706094730304
1970-07-01,1970,3,-0.01566044505593922,-0.0061439914775505144,-0.014441737880748207,-0.026134403105160686,-0.020143321758583355,-0.018587115292728384,0.001881590813740175,FRED/CBO,-0.006757127514363859
1970-10-01,1970,4,-0.027333591163820614,-0.013949863184636868,-0.03262592330991154,-0.02554231048755895,-0.02165748199997175,-0.035606599096484004,-0.0043044029863370525,FRED/CBO,-0.0252295271046048
1971-01-01,1971,1,-0.013752781281048954,-0.00514706330190684,-0.013290987164911172,-0.02153435751038124,-0.01990975765762215,-0.014909749300752395,0.0021402095350016026,FRED/CBO,-0.006079599684211345
1971-04-01,1971,2,-0.014086215142501857,-0.0063235138750386,-0.015412292742281508,-0.018320879304436488,-0.018187930756310422,-0.015510505092244387,-3.1334517318626354e-05,FRED/CBO,-0.008426677946332006
1971-07-01,1971,3,-0.012907711200815797,-0.005446014257312726,-0.014783676694774428,-0.016251941915912838,-0.01707900062850065,-0.013251451818382165,0.00047118769859366694,FRED/CBO,-0.008028311611679939
1971-10-01,1971,4,-0.01530634404748632,-0.007650389116401257,-0.020030420623600165,-0.013725503207774992,-0.015404764004166793,-0.01681729621304484,-0.0020649245267438943,FRED/CBO,-0.013527566475946884
1972-01-01,1972,1,-0.00647335042187791,-0.003348762300822372,-0.009420484718907218,-0.007626181444036817,-0.010434878564067773,-0.0045447619144649565,-0.0006628749861032901,FRED/CBO,-0.0032441922792809663
1972-04-01,1972,2,0.006546275690171299,0.003050735444048769,0.005435202750721402,0.0030120677033487198,-0.0012601172299184782,0.011875023636255477,0.00142807106868581,FRED/CBO,0.011209845419084985
1972-07-01,1972,3,0.012238214018889693,0.0043744005858989965,0.007310620072324525,0.016596980465259037,0.010726205282249879,0.015132129294780583,-0.0008795278179860588,FRED/CBO,0.012554422723468406
1972-10-01,1972,4,0.022255247529063382,0.008474626727723589,0.016491969974797627,0.029290318307760188,0.02223125096689671,0.025435452543650428,-0.000922925847032019,FRED/CBO,0.021037058033419598
1973-01-01,1973,1,0.03571681001027116,0.015186052564384767,0.03364341243792346,0.03735536427842945,0.02987689165789753,0.04338059888632806,0.0018451880819476685,FRED/CBO,0.03723921562361454
1973-04-01,1973,2,0.03876287141988577,0.0164536628487717,0.03732375416956302,0.040337683058691454,0.03273170509416801,0.047473292902081354,0.0021024630883008655,FRED/CBO,0.03949939108111522
1973-07-01,1973,3,0.030180392751564256,0.01124577750541711,0.025048398408541672,0.03917767584583132,0.03145872979085773,0.03520301385800728,-0.0013547433821816668,FRED/CBO,0.025629610935965275
1973-10-01,1973,4,0.02940394721585804,0.012756751224888063,0.02761197881137889,0.033693502702336176,0.026059641642607545,0.03736851018337717,0.001998063680019868,FRED/CBO,0.026360029990803113
1974-01-01,1974,1,0.016174017915220773,0.006036007347981709,0.012170763643288396,0.025247280235543457,0.018119910284035257,0.021152803495924744,-0.0009808782466773636,FRED/CBO,0.008972055890890118
1974-04-01,1974,2,0.008446596262475126,0.004325444118549626,0.0077586233723163645,0.012634486134453837,0.00634783182250942,0.015641262416115964,0.0013221052037994951,FRED/CBO,0.002617357555255495
1974-07-01,1974,3,-0.007862497793684753,-0.0029755394388146783,-0.008567086095387921,-0.0028690186420874397,-0.008525311846067751,-0.0020420099331950325,-0.00046585655298336803,FRED/CBO,-0.015429317047308544
1974-10-01,1974,4,-0.020646520509490784,-0.007233413139269729,-0.019394981806181377,-0.018453750464617613,-0.023379728449658188,-0.014406196010511962,0.0006676966299821174,FRED/CBO,-0.027669305023076518
1975-01-01,1975,1,-0.03718242829839191,-0.015242241194519224,-0.03875036151179678,-0.030030107966625863,-0.033402251775800806,-0.03539461611273431,-0.002591871653459421,FRED/CBO,-0.04797402839717613
1975-04-01,1975,2,-0.03867500031470961,-0.015076245463882643,-0.03895279288823161,-0.0336596330894281,-0.034886653160450365,-0.03724906360728397,-0.0015877951467739848,FRED/CBO,-0.048671638035431286
1975-07-01,1975,3,-0.031502594458775235,-0.011282658155497671,-0.029538819894963098,-0.029697769926123385,-0.029657858620369737,-0.029444411586529995,0.0001102364559919522,FRED/CBO,-0.03939066750111131
1975-10-01,1975,4,-0.025556299889263556,-0.00960487842480795,-0.023952856853235005,-0.022158860190945262,-0.021777859493296248,-0.025379898093675024,-0.0009219008185148425,FRED/CBO,-0.03365596784071734
1976-01-01,1976,1,-0.014352093580102476,-0.003951585695746829,-0.009713875056300836,-0.015384351093057802,-0.014971461800506347,-0.01254072909453896,0.0018060581299863543,FRED/CBO,-0.01898104060632555
1976-04-01,1976,2,-0.013927017387926455,-0.004568567649011257,-0.010577489299578247,-0.012571573969129446,-0.011614542521943605,-0.01465772984852265,0.0004219237156473099,FRED/CBO,-0.019320067740842717
1976-07-01,1976,3,-0.015756109420498987,-0.0055880696596393165,-0.01341289267287138,-0.013119125034215529,-0.010764683335034775,-0.01857688247602418,-0.0002715559441472948,FRED/CBO,-0.02166603061545125
1976-10-01,1976,4,-0.016713038789458068,-0.006207736867315461,-0.01458564914121041,-0.014408049977737036,-0.010305539195604396,-0.020644299290848878,-0.0007564990402872951,FRED/CBO,-0.022323094116206477
1977-01-01,1977,1,-0.014346159820197713,-0.005578986460053059,-0.011270135355768929,-0.01378790632369764,-0.008909132255006114,-0.01802213414830689,-0.0010456647273162645,FRED/CBO,-0.018657355964561972
1977-04-01,1977,2,-0.006450815167239554,-0.002054114346979219,-0.00042070050219145116,-0.010346847697086048,-0.006013973231890901,-0.007662196341589933,0.000285723607394317,FRED/CBO,-0.007606191348598301
1977-07-01,1977,3,0.0012592459988933768,0.0018439296691425966,0.009146610329432647,-0.005103742415936807,-0.0015734171168517719,0.0016126160396829903,0.002206944781194764,FRED/CBO,0.0020167588450963336
1977-10-01,1977,4,-0.001992115175948328,-0.0007982317441417308,0.0010057273306998127,0.0005950407411621228,0.003866248822397722,-0.006635124601475084,-0.0006595854439535032,FRED/CBO,-0.006376459489171538
1978-01-01,1978,1,-0.003194726626237099,-0.0031634933506801133,-0.0037625648057346694,0.006288987332707663,0.009449705721413793,-0.01133644540821166,-0.004197072763847842,FRED/CBO,-0.011753775861773619
1978-04-01,1978,2,0.01750596385642922,0.008426075948261058,0.02645818500771213,0.011823199152329877,0.014517475475072317,0.019105928291114793,0.002959850390908514,FRED/CBO,0.017501667940766907
1978-07-01,1978,3,0.020852169461884174,0.007972055061026495,0.029083669613513052,0.01800175504024004,0.019937002768196876,0.022076723017315558,0.00012201789389187923,FRED/CBO,0.018690865584686023
1978-10-01,1978,4,0.02631853629813463,0.01084220070509545,0.03540644400578152,0.023862765377380413,0.024539276385677766,0.028843411664265517,0.001500023018072838,FRED/CBO,0.023140696837314678
1979-01-01,1979,1,0.024060855173750895,0.009411663149357707,0.0305407793297654,0.027897762972017404,0.027836315753873464,0.024501364035526052,0.0001921084258711403,FRED/CBO,0.015866993082207514
1979-04-01,1979,2,0.020312025915302456,0.007634714533562459,0.02530914067942369,0.027736787730379575,0.028021867349739438,0.019863361892133113,-0.0007112300005633898,FRED/CBO,0.008244632975143773
1979-07-01,1979,3,0.018881791840685835,0.007838855311899096,0.02674754398026913,0.02226278642565127,0.023532667778397354,0.021961220878790044,0.0005739540561844336,FRED/CBO,0.006864174946320745
1979-10-01,1979,4,0.013501977918465968,0.005652397158819156,0.023580500230128365,0.013081210292158474,0.015305889648608684,0.019517333070318443,0.0003410034597042255,FRED/CBO,0.0019284781073203305
1980-01-01,1980,1,0.008502871814551227,0.005266685854396158,0.021299387485171906,0.0032461182093346252,0.005787098400723778,0.018024403823380553,0.002752554762292192,FRED/CBO,-0.0017450504968365976
1980-04-01,1980,2,-0.010482598885790395,-0.004452373008120958,-0.004766929819703947,-0.0036968195265867365,-0.0016000586317996834,-0.007185076899423493,-0.0025295085258552064,FRED/CBO,-0.028685658924167967
1980-07-01,1980,3,-0.015135101044521093,-0.006225539290989346,-0.011107554361464267,-0.005364464479841402,-0.004212735066261075,-0.012594436272603815,-0.0028578171602973157,FRED/CBO,-0.0353090347475824
1980-10-01,1980,4,-0.005591629278148602,-0.001230439784562165,0.0022379077968395222,-0.0018534455174794573,-0.0013587241178356635,0.001750048870965415,-0.00011144709929666874,FRED/CBO,-0.022536446816868505
1981-01-01,1981,1,0.005298982342859304,0.004631387005053611,0.01646297644762207,0.0036777290351626135,0.00433947361486986,0.017021164373600683,0.0031633058447955165,FRED/CBO,-0.009390838884959507
1981-04-01,1981,2,-0.0016708943210943517,-0.00045831463162748776,0.0037302011455562223,0.007127542445193313,0.008304809253694145,0.005357462488062126,-0.0017128100083318998,FRED/CBO,-0.023502611257368855
1981-07-01,1981,3,0.0013123018104224116,0.0032719477230109817,0.010149034862854123,0.004743322977480702,0.005280631013055981,0.012852595124529742,0.0027596057384204897,FRED/CBO,-0.01859524692229364
1981-10-01,1981,4,-0.012927474719298004,-0.0030490159238141246,-0.006558885614031951,-0.0042298150517599,-0.00553244783008644,-0.002784888606894853,0.0006264842915406632,FRED/CBO,-0.0368589691986525
1982-01-01,1982,1,-0.031993294542147055,-0.011697176682382349,-0.028316761466776086,-0.01783090409976751,-0.02115292789580714,-0.02348195126995911,-0.002419368632237351,FRED/CBO,-0.06002586373893415
1982-04-01,1982,2,-0.038068279547651684,-0.012153068966675562,-0.030288078869366686,-0.030935297878190937,-0.0353562820786415,-0.0244044573133273,0.0006695530985485476,FRED/CBO,-0.06310955854321598
1982-07-01,1982,3,-0.047988921070576396,-0.016322251538477772,-0.041118489861451835,-0.03936553077457816,-0.04417230598203936,-0.034209820074499575,-0.0006959002740405396,FRED/CBO,-0.0746689603877222
1982-10-01,1982,4,-0.05283261112415971,-0.018457824403482093,-0.04823044418815492,-0.040051450050963666,-0.04566520056826917,-0.040340296284002264,-0.0019023777539075581,FRED/CBO,-0.08208857417209892
1983-01-01,1983,1,-0.04719590185204936,-0.015982868975978448,-0.04316801393145475,-0.03271116384458317,-0.040140602494467714,-0.03437199059411,-0.001467348045146366,FRED/CBO,-0.07674905633775175
1983-04-01,1983,2,-0.03408750677775885,-0.0103274104584834,-0.02919276901058865,-0.020096566000098903,-0.029892475142235142,-0.019612802666349793,8.78334305909334e-05,FRED/CBO,-0.062125571437649185
1983-07-01,1983,3,-0.022345540083323456,-0.006247901148855206,-0.018372084664010302,-0.006031286110363965,-0.01741838042616628,-0.008185893018490376,-0.00013063792128598095,FRED/CBO,-0.050375895352244626
1983-10-01,1983,4,-0.010599522503218495,-0.0019330388498097761,-0.007078583354196866,0.0065571411556604176,-0.0051822504508241,0.003480470868439056,0.00014755078006345457,FRED/CBO,-0.03803720865977667
1984-01-01,1984,1,-0.001183033543775025,0.001489489185708237,0.0026203160607032316,0.015762714393600774,0.004031890850525244,0.013270341701387522,0.0003916091674192046,FRED/CBO,-0.02804707484266622
1984-04-01,1984,2,0.005416284701583507,0.00404677831808975,0.009861392030162008,0.02094204894679308,0.008678393802671991,0.02028560271973312,0.001019808639751929,FRED/CBO,-0.019669355758123785
1984-07-01,1984,3,0.005806421903056247,0.003658287884546141,0.009410299361498176,0.022578102873540118,0.009608691110011947,0.019275434781695466,0.00027805347692222426,FRED/CBO,-0.01894720998189392
1984-10-01,1984,4,0.004377689459506229,0.0028181196480296933,0.0074476146669795185,0.021624020148442114,0.008498114260484968,0.016424954772320532,-0.00016361308925283424,FRED/CBO,-0.019702814918320044
1985-01-01,1985,1,0.0035870461188114433,0.0025355062044596366,0.006917584420357059,0.019465410638092706,0.00727179086706542,0.014701245472728885,-1.2398634661181518e-05,FRED/CBO,-0.01894315970651128
1985-04-01,1985,2,0.002399645891665969,0.00161831047381078,0.005522345577114507,0.01739458852710385,0.007285807905303088,0.011843672374006076,-0.0007218036832341568,FRED/CBO,-0.019006226072654897
1985-07-01,1985,3,0.005477464476161487,0.0034926229755232185,0.010572371756738974,0.01569442147359723,0.007832859308402718,0.015211220142155923,0.0008689311263250232,FRED/CBO,-0.012584500143697497
1985-10-01,1985,4,0.003513758511880738,0.0021811203883128627,0.007965783835810925,0.013969698769168204,0.0077083592663473866,0.010758145334431646,-7.154064264192073e-05,FRED/CBO,-0.013782043014769485
1986-01-01,1986,1,0.002302183230678878,0.002036451278430107,0.007368492685506212,0.010938893395836757,0.005765368326430931,0.008214543610128189,0.0005277132770125093,FRED/CBO,-0.012946157008874692
1986-04-01,1986,2,-0.002555340399322148,-0.00034817621911997776,0.002119730397000197,0.006039998755321463,0.002019815061768071,0.0009876016882994776,-0.0005261482353979829,FRED/CBO,-0.016796983073733784
1986-07-01,1986,3,-0.004457895069517548,-0.0005769886370785571,0.002066760757937658,-0.00021216363619203094,-0.0024155390358053808,-0.001006447868642013,0.0004217155071248868,FRED/CBO,-0.01552616424072184
1986-10-01,1986,4,-0.008687669257280817,-0.002529880844914345,-0.001973893459702225,-0.00614143066388273,-0.005734866729513399,-0.00688644897553381,-0.00027347663244725595,FRED/CBO,-0.018348215351016606
1987-01-01,1987,1,-0.010711565081782837,-0.003384389439110791,-0.003751846527212166,-0.010059581803202988,-0.006700344557518889,-0.01034346695107935,-0.0004560817771128711,FRED/CBO,-0.018988839582540606
1987-04-01,1987,2,-0.009632803885175178,-0.0027369115414028755,-0.0020110592399102956,-0.011258515646201062,-0.005533377930959205,-0.010072912323149552,7.932417853417917e-05,FRED/CBO,-0.016224031952354778
1987-07-01,1987,3,-0.009202650935849377,-0.003227491120034287,-0.002135123995813615,-0.010455614396391866,-0.0032401476191346035,-0.01142198351542234,-0.0009146406084106218,FRED/CBO,-0.01545805227717878
1987-10-01,1987,4,-0.0030352805410469585,0.00010346671334815483,0.006372278039171064,-0.00890115812081227,-0.0005553547211327725,-0.0038698294549277534,0.001279151615895202,FRED/CBO,-0.006273525971119298
1988-01-01,1988,1,-0.004353578708201411,-0.0015473138105619455,0.0032717574146623463,-0.007778291255096548,0.0023699622163544376,-0.007643809571046489,-0.0007651680153006879,FRED/CBO,-0.008857347108305547
1988-04-01,1988,2,-0.00047453803741071,0.0006597550135438723,0.008348802050528903,-0.006957065073788016,0.005351035969781037,-0.0029539978145827206,0.0007033948150905189,FRED/CBO,-0.0035094116227192274
1988-07-01,1988,3,-0.0010536657015371986,-0.00042073646933715736,0.006503539098215327,-0.00589535709746869,0.00801259443664648,-0.004905614898992994,-0.000823406224593981,FRED/CBO,-0.005293475828120009
1988-10-01,1988,4,0.003360372078926588,0.001730269873315038,0.012348252067871712,-0.003916449045723525,0.01003050625565649,0.0011016333924516175,0.00032368067397570144,FRED/CBO,0.00038123931808797806
1989-01-01,1989,1,0.006060165904200332,0.002653203389668235,0.01536792239620155,-0.001132257357800981,0.011746207059802671,0.0045330676315860075,0.0003684486672899112,FRED/CBO,0.0030274620178882827
1989-04-01,1989,2,0.007373053392370821,0.00299582247759389,0.01616854741603113,0.0018522228006183639,0.013448825182697632,0.005971340906151923,0.00014221863383312439,FRED/CBO,0.0032616591450356225
1989-07-01,1989,3,0.008623830550666511,0.003764876931947825,0.017024270097451222,0.004305070898951158,0.015166542770938207,0.007665908852029446,0.0005816524454740346,FRED/CBO,0.0033751004573669974
1989-10-01,1989,4,0.0062685551827161845,0.002146942845074662,0.012720283195053028,0.005744654891369549,0.01627906229733611,0.004377042977855794,-0.0009533978215277017,FRED/CBO,-0.0018426381970773065
1990-01-01,1990,1,0.00916954175682605,0.004224498822832601,0.017535587450641543,0.005754417140810375,0.015394016026464286,0.010359920862052618,0.0008765662862426638,FRED/CBO,0.0019807542026057945
1990-04-01,1990,2,0.006816236822851707,0.003291140631217715,0.015282975445840563,0.004052947927361217,0.01184966436784407,0.009402882609089502,0.0006456029537744712,FRED/CBO,-0.0013244000440444381
1990-07-01,1990,3,0.0018503064271246927,0.0020303770794747322,0.010200049877054695,0.0002914020953408425,0.005327482871800626,0.005722672350110258,0.0012474733579406205,FRED/CBO,-0.0073946317290030095
1990-10-01,1990,4,-0.009966431845468193,-0.002964517118453358,-0.004625286313382659,-0.005304493196286231,-0.003178421664792097,-0.007610207101853561,-0.0006227321497167537,FRED/CBO,-0.02310137568238879
1991-01-01,1991,1,-0.018996521714615966,-0.006591790133017028,-0.014990698094273114,-0.011334410513459403,-0.0117856205062008,-0.016409112666194048,-0.0016504578413236715,FRED/CBO,-0.03421632321542667
1991-04-01,1991,2,-0.019220838294504716,-0.00563391885030029,-0.01295547045325307,-0.015256076229306359,-0.01766174635483786,-0.012754914536545314,0.00014285281780601622,FRED/CBO,-0.03274724014775465
1991-07-01,1991,3,-0.019790235621394814,-0.005819329319837863,-0.013751805742563405,-0.015109303043271183,-0.01931646468070447,-0.011911792167873969,7.761593777466658e-05,FRED/CBO,-0.03392814540458566
1991-10-01,1991,4,-0.019886174020658842,-0.006411153992203822,-0.016254695222139404,-0.010360827479765078,-0.016693551796111095,-0.012793852137120254,-0.001070285620771827,FRED/CBO,-0.03666794991006661
1992-01-01,1992,1,-0.01371654442058201,-0.003582323350647343,-0.010512877135683496,-0.0025892796033737397,-0.011504236382572586,-0.0054945888491175765,5.99050743232965e-06,FRED/CBO,-0.031012974102502255
1992-04-01,1992,2,-0.008441494288589979,-0.0016797246646227393,-0.006082802028197776,0.0049672212009372885,-0.006439521031646578,0.0003795845360929917,0.00011725173553678303,FRED/CBO,-0.02653551750346317
1992-07-01,1992,3,-0.004794972495838934,-0.00047627768952729355,-0.002813890268098973,0.009555162253475302,-0.0034907467861327035,0.004929488782391189,6.886715457099513e-05,FRED/CBO,-0.023141186451127282
1992-10-01,1992,4,-0.0020690140363530674,0.0009962940176464485,0.000779797619500755,0.01032074780098391,-0.0033665018259529944,0.009595908525897201,0.0010589607284927638,FRED/CBO,-0.019268926604434355
1993-01-01,1993,1,-0.005812694210497682,-0.0011250768753292562,-0.004556745871459711,0.008735791019240935,-0.005118430219836156,0.005086716029138572,-0.00040202936288835645,FRED/CBO,-0.024165404850771566
1993-04-01,1993,2,-0.007088634514763825,-0.0013441220905932028,-0.005987751109904238,0.007129930658150485,-0.0070280458377514066,0.004211925589844512,-6.186538986341361e-05,FRED/CBO,-0.025041768221667482
1993-07-01,1993,3,-0.008629408578023856,-0.0024985953121561266,-0.008696390274138821,0.0074319543268703825,-0.0075322280132930075,0.001771448343601989,-0.0010964040243894857,FRED/CBO,-0.027017017989447112
1993-10-01,1993,4,-0.003923680924149409,-0.0001585583637773169,-0.0028890122892200054,0.009772043290904975,-0.005625884042020246,0.0075505001526359194,0.000289433453174226,FRED/CBO,-0.020279511204627454
1994-01-01,1994,1,-0.0013833687329469768,0.00025466920291883355,-0.0011609518642483607,0.012883605342452142,-0.001786758176601566,0.008952335617356866,-0.0003553381752841034,FRED/CBO,-0.017403029845809215
1994-04-01,1994,2,0.003287591426136771,0.0024836639666272475,0.004152280408455056,0.014760311090414646,0.0021840960987056235,0.01365050660361078,0.0008506561067935792,FRED/CBO,-0.010720566473056081
1994-07-01,1994,3,0.002078775590263149,0.0012079370122570765,0.0016241606455160706,0.014214236337274144,0.0037510645896485784,0.010238519936992319,-0.0004893524150819673,FRED/CBO,-0.0117173624963538
1994-10-01,1994,4,0.0032636482946024614,0.002312917516603008,0.0044542394440778565,0.010851846185301994,0.0018230974915134368,0.01194926506534344,0.000941902542846762,FRED/CBO,-0.007160486001964728
1995-01-01,1995,1,-0.0014148673750913332,0.00011216289306759109,-0.0007634272633243455,0.00564001473958875,-0.002454987253280194,0.005420548340651976,0.00010291386720240325,FRED/CBO,-0.010428616219078535
1995-04-01,1995,2,-0.006720428742612583,-0.0022514903394270647,-0.006739048137397674,-0.00023966447580825445,-0.006984442597836704,-0.0020034685711074474,-0.0006785981823895781,FRED/CBO,-0.014280938780428798
1995-07-01,1995,3,-0.008196287215994857,-0.0024251488366076046,-0.007415449552084397,-0.005510140812331699,-0.009866802593176516,-0.004205621132872039,9.493068168886509e-05,FRED/CBO,-0.012616900822932209
1995-10-01,1995,4,-0.010269437536111425,-0.003415843273886665,-0.009980664506493042,-0.00932956463746848,-0.010661473323123616,-0.008313788079275852,-0.00022396693218418307,FRED/CBO,-0.012757246410671996
1996-01-01,1996,1,-0.011445309616640031,-0.004466113590916976,-0.01202529959752674,-0.011432570728908686,-0.010093668249698595,-0.011860401624703698,-0.0011003822982633693,FRED/CBO,-0.012263295340241953
1996-04-01,1996,2,-0.006553202403297931,-0.0018685282698029937,-0.005146685072899615,-0.012009337875371173,-0.008872339753470015,-0.0063898734150065195,0.0008026810271157814,FRED/CBO,-0.003064438898212174
1996-07-01,1996,3,-0.006585705995703961,-0.002494635168456938,-0.006011030283795904,-0.011906583039227314,-0.007684694028009531,-0.00852359214343501,-4.695101832119519e-05,FRED/CBO,-0.0019369569232736694
1996-10-01,1996,4,-0.0058481796860849755,-0.0020726078138348925,-0.0055800935259675555,-0.011678415377947005,-0.006714396248307608,-0.009183866773282645,0.00032611391587877847,FRED/CBO,0.00015039573508346393
1997-01-01,1997,1,-0.007822433116398742,-0.0037032833651977626,-0.009120257611126448,-0.011726423154518884,-0.006027784858193996,-0.01360500891475347,-0.0012045396970510325,FRED/CBO,-0.0020746945050813537
1997-04-01,1997,2,-0.003429879017629034,-0.001386232263426379,-0.002655786931077486,-0.011778280703046207,-0.0053225610634974885,-0.007787616140191744,0.00040419028145954883,FRED/CBO,0.005399464406785626
1997-07-01,1997,3,-0.0016787386110621583,-0.0008175114692399177,-0.00025178689297256085,-0.01159151578483808,-0.004785157809173768,-0.0057847867744431625,0.0005143899205126701,FRED/CBO,0.008453268787453894
1997-10-01,1997,4,-0.0022795952666214703,-0.0013996400341422799,-0.001698307984108638,-0.010778147101886404,-0.004140444414368005,-0.007383087068644656,-0.00012293537037599833,FRED/CBO,0.007380157037053081
1998-01-01,1998,1,-0.0017756033830647056,-0.0011238469200858248,-0.0016874077783821662,-0.009161704632020928,-0.003245227805994233,-0.007278870725395237,3.4547178522359445e-06,FRED/CBO,0.007511294001785629
1998-04-01,1998,2,-0.001542256627562466,-0.0013042534663192384,-0.002306210503407513,-0.006933074835103525,-0.0019146948123882623,-0.0075727656562172285,-0.00048319768305304933,FRED/CBO,0.006693395614300712
1998-07-01,1998,3,0.0009530582187533554,-0.0004552257647674196,0.0004424857923339687,-0.004322993094072913,-0.00018138281205004603,-0.004290526558126118,-0.00044123726806688524,FRED/CBO,0.009029908805302966
1998-10-01,1998,4,0.005921997986973793,0.00192261593582721,0.006941869985281457,-0.001452317800998415,0.0019083820365164428,0.0029182525899944523,0.0007862644274414521,FRED/CBO,0.014871455722984095
1999-01-01,1999,1,0.0068305985677739045,0.0019053312951538004,0.007003341025356491,0.0018169389149598203,0.004254409691037964,0.0038243230594439126,0.00014230843596152454,FRED/CBO,0.013977604607354976
1999-04-01,1999,2,0.007319821934393289,0.0016963201808710693,0.006214402854997303,0.005790201361083547,0.006895664439943161,0.003971147780594819,-0.0006547831548520122,FRED/CBO,0.01198767171006132
1999-07-01,1999,3,0.011184083537514766,0.0032291338681069703,0.01050413422762908,0.010505522972747983,0.009932427436075031,0.009240988943453488,-0.0003340962340416809,FRED/CBO,0.014799339044369475
1999-10-01,1999,4,0.017291074421470043,0.006365173775705557,0.018212835510002634,0.015516331922006188,0.01352303433374935,0.0179249002277313,0.0013694602905314213,FRED/CBO,0.02069177071327033
2000-01-01,2000,1,0.015359271246961015,0.0041941946611867564,0.013543928855515475,0.0201132663124568,0.017454532616367757,0.014178370176541222,-0.001429181404750679,FRED/CBO,0.013939042073314312
2000-04-01,2000,2,0.02217822924220414,0.008590327594445668,0.023557266469840243,0.02247087054523078,0.019880387102693575,0.025020646265048185,0.001939331176354031,FRED/CBO,0.0218918928021683
2000-07-01,2000,3,0.017345582201240717,0.005767942604878229,0.0167946728824937,0.0221386767813172,0.019472941334296223,0.018958601727483426,-0.00025345442226409887,FRED/CBO,0.013273715022739552
2000-10-01,2000,4,0.014589320791502658,0.0057109014587730655,0.015206410111147761,0.01836118639196016,0.014944761061476797,0.01792096306947677,0.001013982777740452,FRED/CBO,0.010087103142682352
2001-01-01,2001,1,0.005325650491764478,0.0015239314585624442,0.004657204875734067,0.01230446818926545,0.0079100101294447,0.007761475724430866,-0.0009376433160159792,FRED/CBO,-0.0017667015986937429
2001-04-01,2001,2,0.002136392866214365,0.001721519906288549,0.0037213019446369344,0.005489452149111784,0.0009310998214022703,0.007054505810705436,0.001072487717337367,FRED/CBO,-0.003677487988468897
2001-07-01,2001,3,-0.006843988212338559,-0.002303557162770531,-0.007292692628885433,-0.00013945911953783252,-0.0037672671248198952,-0.003885168938607464,-0.00082676525659231,FRED/CBO,-0.015307972495390842
2001-10-01,2001,4,-0.01063016978968001,-0.0034513838230534333,-0.011441899472833583,-0.0038736975681512575,-0.006023551157515072,-0.008101472350231731,-0.0007803040327942767,FRED/CBO,-0.01972880398545307
2002-01-01,2002,1,-0.0104164698173701,-0.002792452936756007,-0.010066743503674758,-0.006193084890902867,-0.0073845366305835825,-0.006920037802558454,0.00020603292217380442,FRED/CBO,-0.018280438976193025
2002-04-01,2002,2,-0.011585041417840003,-0.003137009154787762,-0.01078847828505225,-0.00839838661729786,-0.00943306715246095,-0.007947019328375049,0.0003318021379712377,FRED/CBO,-0.01868352519894856
2002-07-01,2002,3,-0.014324907216545668,-0.004055761062323526,-0.013627490371852957,-0.0113253636046462,-0.012239519649991593,-0.011185576543422115,0.0003187450055008867,FRED/CBO,-0.021036864670147537
2002-10-01,2002,4,-0.018779895614942532,-0.006019308215096331,-0.01921239224109783,-0.014556047024491647,-0.014615123325175006,-0.017244816683529507,-0.0005378284110104659,FRED/CBO,-0.02598184182815011
2003-01-01,2003,1,-0.020234772888411356,-0.006576380413918059,-0.02098084939142275,-0.01652935221518881,-0.015006785196170824,-0.019542128477191056,-0.000679464190977086,FRED/CBO,-0.02702262106940445
2003-04-01,2003,2,-0.018425920251422312,-0.006234127671140399,-0.01903631077237833,-0.01590665262583002,-0.01272294643809957,-0.018163409898793503,-0.0010031508098435893,FRED/CBO,-0.02434337482510429
2003-07-01,2003,3,-0.01092763088180071,-0.0029129448139748604,-0.009464227334099462,-0.012663936852055357,-0.00847860070501305,-0.009180736571593684,0.0005917248175375533,FRED/CBO,-0.013989672918830465
2003-10-01,2003,4,-0.006456692810447251,-0.0013859043650654712,-0.004930806574780178,-0.00850733110185331,-0.003978808227769193,-0.00525062967932044,0.0007716926263601209,FRED/CBO,-0.008730683445902443
2004-01-01,2004,1,-0.006050909788783088,-0.00182250152353447,-0.006106964038215423,-0.0053386456962307705,-0.0007058356268796473,-0.007033209203362034,-0.0002017538389491591,FRED/CBO,-0.009323717928639397
2004-04-01,2004,2,-0.004922378184568643,-0.001501193987595073,-0.00515116140890548,-0.0040784194099767745,0.0010034198696473595,-0.006673683362800276,-0.0002595960064706304,FRED/CBO,-0.00792429430183006
2004-07-01,2004,3,-0.0031596034386343064,-0.0009307320457150325,-0.0024582086118130064,-0.004110345561347373,0.001658089716061184,-0.004553556397231873,-0.00015320111296013295,FRED/CBO,-0.005024429358494231
2004-10-01,2004,4,-0.0007747683901122571,-0.00017773686101385522,0.001201148268396679,-0.0038565249342603636,0.0023431346778757245,-0.0014314108781565693,-5.0625129604853214e-05,FRED/CBO,-0.0013646445695627563
2005-01-01,2005,1,0.002695339176916889,0.0013865202748455374,0.005947172117640065,-0.002176310309588203,0.0037988364815610964,0.0028238463351026866,0.0007378753130300453,FRED/CBO,0.0033193812475111883
2005-04-01,2005,2,0.0026968464705507955,0.0007964243189828579,0.004746692831982813,0.0007324890501614334,0.005940071120747348,0.001188926776089616,-0.0002733226188489368,FRED/CBO,0.002006137067549929
2005-07-01,2005,3,0.004730365322958008,0.0017343456925793532,0.006799138353528633,0.0036493106753727744,0.007909193379040502,0.0028732865113081374,0.00013066968326569395,FRED/CBO,0.0037865949718778324
2005-10-01,2005,4,0.0052509715378654676,0.001316810922274314,0.007002172485931268,0.005409979527698283,0.009443782174541226,0.0027822486028270532,-0.000812805969946595,FRED/CBO,0.0035630469252883046
2006-01-01,2006,1,0.010624252792975852,0.004320913190925424,0.015277974551439755,0.0058048725951085345,0.01077856496234908,0.010843005376875325,0.001303312598111006,FRED/CBO,0.011242586416594591
2006-04-01,2006,2,0.009091109819012289,0.003189150520812589,0.012971483662095551,0.005767340586775305,0.012049986165099114,0.008401648190472955,0.00018507913913268226,FRED/CBO,0.008114572489187566
2006-07-01,2006,3,0.007179731633527808,0.002047615700089267,0.010089323998123234,0.006221335691890317,0.012763182757922209,0.005466206109137062,-0.0007888451076087932,FRED/CBO,0.004283301043869869
2006-10-01,2006,4,0.009932592069466395,0.0037669351945339713,0.014483558371109595,0.00751678609845996,0.012693799581574794,0.009888098847955717,0.0005445201240341646,FRED/CBO,0.007592014775365641
2007-01-01,2007,1,0.009517129103906896,0.0030998665009533966,0.013784256942821926,0.009549707681093977,0.012875949841816947,0.009292407488494803,-0.0003692437319635644,FRED/CBO,0.005465192986914502
2007-04-01,2007,2,0.011779788924632939,0.004119537392162087,0.016883578188222614,0.011969949797155266,0.01468647712073512,0.012564589758435218,1.2100965989247925e-05,FRED/CBO,0.006763632062963154
2007-07-01,2007,3,0.014308173169297334,0.005105639192475309,0.019971756531285578,0.014653996844549155,0.018435628857861985,0.015886200623565827,0.00014044256033329816,FRED/CBO,0.007681454430393586
2007-10-01,2007,4,0.01700974146629619,0.006781109656111894,0.023452408877446373,0.017076631839728407,0.022273703256558974,0.01965266882426242,0.0011943393189817186,FRED/CBO,0.008725746089632835
2008-01-01,2008,1,0.012599351017563265,0.004230225211326655,0.017051744741987562,0.017888056382137307,0.023216762121821333,0.013585276882894348,-0.0008973012067379216,FRED/CBO,-0.00031775285403590203
2008-04-01,2008,2,0.01280880517001215,0.00585696568673022,0.020665113332254847,0.014430053140221943,0.018086775330646176,0.01758101664870182,0.001553711615418507,FRED/CBO,0.000622496153983576
2008-07-01,2008,3,0.004182937767017947,0.0035334919287794975,0.013449222704497998,0.005537158898176742,0.00706562669224553,0.010802083429945597,0.0021462190389556213,FRED/CBO,-0.009182485291333364
2008-10-01,2008,4,-0.0164227567062305,-0.005027191740268222,-0.010473306158653273,-0.00790230659389124,-0.007298805994885527,-0.012615698601544878,-0.0012753408141321643,FRED/CBO,-0.035482854666122776
2009-01-01,2009,1,-0.030191613482555724,-0.0095148345758016,-0.02405021895525472,-0.021626497995494987,-0.020506514057933245,-0.025602030578374624,-0.0015757540723448926,FRED/CBO,-0.05107325971684595
2009-04-01,2009,2,-0.03553199498835369,-0.010801083081622309,-0.02767436722130867,-0.02968274267339055,-0.02792978477654451,-0.028540009307855385,-0.0009994375909556652,FRED/CBO,-0.056352147326368396
2009-07-01,2009,3,-0.03454742555473089,-0.010377415577572435,-0.026133304448290318,-0.028718305148553114,-0.027567192774753835,-0.026222141903547325,-0.000959196145672081,FRED/CBO,-0.05610258847750238
2009-10-01,2009,4,-0.026621908005054706,-0.006798672969525299,-0.01776808011028308,-0.019965527912157555,-0.02074215345018615,-0.017009430542515247,0.0005234225722343666,FRED/CBO,-0.04872517656233555
2010-01-01,2010,1,-0.02162115448100721,-0.005676608339701517,-0.015252000903377194,-0.008843215610014,-0.011867331132476622,-0.013607352299111142,-0.0005021856016149684,FRED/CBO,-0.046992261051315154
2010-04-01,2010,2,-0.01468657822453956,-0.0029253363579755387,-0.008324491237519993,-0.0008518445380758521,-0.005083297608550197,-0.005792911201034201,0.00023141159712736226,FRED/CBO,-0.04068995079828497
2010-07-01,2010,3,-0.010869689069775035,-0.0015736333707359051,-0.0035638650167602037,0.001429510209089102,-0.002545632031690559,-0.0001843827102394613,0.0004593804938313184,FRED/CBO,-0.03647254163803737
2010-10-01,2010,4,-0.010057038914066396,-0.0010537553914513609,-0.0015621516618402609,-0.00011118691969080885,-0.003531539471429923,0.0025893473758404895,0.0008988633939139845,FRED/CBO,-0.03489211931135472
2011-01-01,2011,1,-0.014370404213803312,-0.0035408761459212457,-0.007393934564206006,-0.0014571521837947188,-0.005395775553052928,-0.0025762261705892797,-0.000977078437587764,FRED/CBO,-0.04103346200926872
2011-04-01,2011,2,-0.012094401790076148,-0.001774192941413233,-0.00429303690160765,0.00010983234970574074,-0.0054106782803025055,0.0010638439568086966,0.000609430539464384,FRED/CBO,-0.03814282703939931
2011-07-01,2011,3,-0.013829614935968237,-0.0034522904155256384,-0.008567872064983106,0.004072121252381322,-0.0034670391635795994,-0.0028148475895797276,-0.0013637893210844965,FRED/CBO,-0.04252312916549528
2011-10-01,2011,4,-0.008229866186358237,-0.0006668635573241488,-0.0015216014360746044,0.007613802713402507,-0.0008852531102174765,0.004475549017694647,0.00026839529793143413,FRED/CBO,-0.03545353143363883
2012-01-01,2012,1,-0.005286597519726044,0.0003935206400900171,0.002309994263159254,0.008543492563756416,0.0009499288593168842,0.008394133212858534,0.0005408974118985554,FRED/CBO,-0.03147852902131021
2012-04-01,2012,2,-0.005473843609156148,0.00025484860428903744,0.002353108651462321,0.007065024666149,0.0011817641470788232,0.008369445781493567,0.00042682976674335293,FRED/CBO,-0.031208050224275752
2012-07-01,2012,3,-0.007906048171301805,-0.0007399867252555481,-0.0005815186662943006,0.005157010999219835,-0.00014547291165101228,0.005223349691542367,2.5819978707986024e-05,FRED/CBO,-0.03381580814295759
2012-10-01,2012,4,-0.010759642160358851,-0.0021940007050123,-0.004330111231018563,0.004401883490539049,-0.002124717336899451,0.0011382487596787172,-0.000869170079146997,FRED/CBO,-0.037131318498328625
2013-01-01,2013,1,-0.008620444819646522,-0.0005942354591415011,-0.0006878715590570295,0.0044342228416347496,-0.0037908825095325227,0.004341828505152634,0.0007162010647974171,FRED/CBO,-0.03296856315397534
2013-04-01,2013,2,-0.011298795841289788,-0.0023535963771799118,-0.004429947228342002,0.0036516054789998975,-0.004751656924382175,8.233143294766876e-05,-0.0007202737941707227,FRED/CBO,-0.03609651969101968
2013-07-01,2013,3,-0.010043871122855208,-0.0014921146048259004,-0.0018009697102527866,0.0010745941702552386,-0.005071778455409515,0.0021398812967685643,0.000146686285166453,FRED/CBO,-0.03274606620615117
2013-10-01,2013,4,-0.009391489438575817,-0.0007293715348541951,-7.444888871077637e-05,-0.002086410776552583,-0.005018233676070238,0.0032634221987599688,0.001117463867746693,FRED/CBO,-0.03023589907088109
2014-01-01,2014,1,-0.015252801640626146,-0.00442957266498567,-0.00902676280968251,-0.0034564274546422524,-0.004402647078610045,-0.006302835446911459,-0.0019371878132297127,FRED/CBO,-0.038354456718343144
2014-04-01,2014,2,-0.009799829817930927,-0.0015873078279948771,-0.0017790824546768391,-0.0015748203254304372,-0.0025560601616057,0.0003386722258031938,-2.910445596526756e-06,FRED/CBO,-0.030223837077056004
2014-07-01,2014,3,-0.004621017420241458,0.0004980750976244508,0.0042480089890855055,0.00227539981147018,0.0003109027161620759,0.005777851649780175,0.0008531754478724451,FRED/CBO,-0.023337748734745034
2014-10-01,2014,4,-0.0042169734845849405,-9.269387590116196e-05,0.003153423533060362,0.005142980607134362,0.003316892890149248,0.004119769003013474,-0.0003199072773760747,FRED/CBO,-0.023567828511497524
2015-01-01,2015,1,-0.0022292598600479607,0.0008674867543003728,0.00568081370763629,0.004741969946378433,0.005009684259329461,0.006113202115846761,0.0002977120247376064,FRED/CBO,-0.020171365423884424
2015-04-01,2015,2,-0.0025780105457560154,0.0007270937432810598,0.005911328440950214,0.001496225455555944,0.004548721260743349,0.005842431507025125,0.0003867278342255531,FRED/CBO,-0.01907521890840158
2015-07-01,2015,3,-0.0048809569478525106,-0.00017587552930464767,0.0036217570506487107,-0.002068471754057555,0.0023479002508093316,0.00308689553203223,0.00020881311742115827,FRED/CBO,-0.020482136633875214
2015-10-01,2015,4,-0.008012491431236057,-0.001646277879862268,-0.0003898132837232282,-0.0037341888758319897,-0.00024955833928430593,-0.0013529048076836858,-0.0005048514274026417,FRED/CBO,-0.023570787343611954
2016-01-01,2016,1,-0.007766000835669473,-0.0011546311062868853,6.518410379463546e-05,-0.0035521735415731115,-0.0020703989192298877,-0.0012873709522551735,0.0002535974722430723,FRED/CBO,-0.022185841120549554
2016-04-01,2016,2,-0.009255142804077465,-0.0020280740905906924,-0.002273505719379898,-0.003594919397823304,-0.0031096257924918547,-0.003979140076866727,-0.0003378243087723831,FRED/CBO,-0.023585242767493853
2016-07-01,2016,3,-0.00904397235494514,-0.0017766645974965911,-0.0015689131647320664,-0.005472290718195438,-0.003929665895720191,-0.0035961413765868144,8.803703861381962e-05,FRED/CBO,-0.021939313874113964
2016-10-01,2016,4,-0.00967518139188428,-0.0021073388144436933,-0.0018222550240025726,-0.00834919902204767,-0.00494041268698453,-0.004147768226228976,2.1160548064003137e-05,FRED/CBO,-0.021291200199742732
2017-01-01,2017,1,-0.010039444083574267,-0.0023877880216964797,-0.002235353627492387,-0.009371001004668145,-0.005546553156069223,-0.004846113288516918,-0.00014563520829291576,FRED/CBO,-0.020896405706427146
2017-04-01,2017,2,-0.0086128791483997,-0.0019973750210287022,-0.0016750949656003655,-0.00638432502702635,-0.0032115561993659725,-0.004569845889742297,-0.00026350785132400745,FRED/CBO,-0.01959629667625329
2017-07-01,2017,3,-0.005004837807552676,-0.0007912685611071169,0.0005805025435012823,-0.00033712989173650953,0.0029488232855197083,-0.0026098339257902836,-0.00029883610486436396,FRED/CBO,-0.016810012642451966
2017-10-01,2017,4,-0.0002145059036458008,0.001038533870088898,0.005154912477783213,0.005095833099682423,0.008108493712887466,0.0016444620573849988,0.00017531643598722724,FRED/CBO,-0.011919434601024292
2018-01-01,2018,1,0.002161637544787709,0.001589705074795944,0.008105705965103738,0.006767589763914117,0.009372955232851865,0.004239518582101809,-1.4154098607832566e-05,FRED/CBO,-0.008871261788584661
2018-04-01,2018,2,0.003946493439888954,0.0023073005383302814,0.011907225239722763,0.005201554891364424,0.007488576504453448,0.007643644344025091,0.00047924668898424727,FRED/CBO,-0.005221314311544489
2018-07-01,2018,3,0.0037998031601667037,0.0021284522674971385,0.012361725094788056,0.004491321244868729,0.00668785036578079,0.007660156903758875,0.0003268407422165609,FRED/CBO,-0.005152771345962037
2018-10-01,2018,4,0.003625059750074655,0.0017386740067415474,0.01038310890805505,0.008481812742552108,0.010774604986915293,0.005213523288176702,-0.0004728138956391348,FRED/CBO,-0.007667221654324763
2019-01-01,2019,1,0.00726892736997975,0.0032135761916496364,0.012270304622678196,0.016489161973428423,0.018709864083996663,0.006622870769813716,-0.00028901320133201125,FRED/CBO,-0.006434325653689399
2019-04-01,2019,2,0.01148935949760066,0.0049203199959801935,0.01621249755318388,0.02237184240687462,0.024380646025003117,0.010105695257401237,0.0001841875802917059,FRED/CBO,-0.003279398572757941
2019-07-01,2019,3,0.010184729756435473,0.004016743336498152,0.019180592733173185,0.01864800966349911,,0.012670122777372228,0.0007174280529227417,FRED/CBO,-0.0011904571891463434
2019-10-01,2019,4,0.007173624621445995,0.004995055240591739,0.020054783503994145,0.0028869132764022254,,0.013244447952800442,0.0033251077188758416,FRED/CBO,-0.0012120924168321778
2020-01-01,2020,1,-0.010791322880994159,0.0035757972251744263,0.003139045952169184,-0.019418681525754877,,-0.0038071345304135917,0.007797635868545427,FRED/CBO,-0.018938274546803413
2020-04-01,2020,2,-0.09079760327695752,-0.037336501359227725,-0.09432283104579042,-0.04080346513189603,,-0.10116868356415765,-0.020105166812800945,FRED/CBO,-0.11696782790181537
2020-07-01,2020,3,-0.037707463747441494,-0.005694978559487751,-0.02550591002824909,-0.042261138168138146,,-0.031942592293308536,0.005134153642467609,FRED/CBO,-0.04819485495674769
2020-10-01,2020,4,-0.029814512373034674,-0.007094828739065306,-0.01846824104931777,-0.030423262130851114,,-0.024172156460386063,9.649482809592769e-05,FRED/CBO,-0.041307944063090574
2021-01-01,2021,1,-0.016750645839945122,-0.0034507098158194083,-0.007393238877947184,-0.00953362713204342,,-0.012043459639485832,2.7896921697134758e-06,FRED/CBO,-0.03043298395410865
2021-04-01,2021,2,-0.0032288237019937327,0.001216984941732946,0.004664179384672451,0.009649281949336341,,0.001372497041971954,0.0012081043767793176,FRED/CBO,-0.01865362913144253
2021-07-01,2021,3,0.00018255607909622995,0.0007317114364084887,0.00609986723941347,0.01957413555851062,,0.004448605768834213,-0.0009426779292311949,FRED/CBO,-0.017502330221406126
2021-10-01,2021,4,0.009969637551163757,0.00573371199520345,0.018495178419581038,0.01922213295066122,,0.01874359438816242,0.002480717144399236,FRED/CBO,-0.005438000459536241
2022-01-01,2022,1,0.002878648567424591,0.0020369936534123667,0.010263603304885294,0.014177895639283733,,0.012649295131744509,-9.077054444084354e-05,FRED/CBO,-0.013969946548051837
2022-04-01,2022,2,-0.0021633148235178368,0.0003458997588747792,0.0045687567137342455,0.009650858406846652,,0.009316257964741226,-0.0006711481441694644,FRED/CBO,-0.020187041794764937
