date,year,month,unemployment_rate,tgp_rate,occupied_thousands,unemployed_thousands,inactive_thousands,pet_thousands,ipc_index,Inf_Goal,Inf_Rate,Core_Inf,ipc_yoy,ipc_mom,inflation_gap,brent_usd_per_barrel,capacity_utilization,TES_UVR_1Y,TES_PESOS_1Y,gdp_observed,investment,compensation_employees,gross_operating_surplus,mixed_income,capital_stock_real,depreciation_rate,human_capital,gap_viog_us,gap_inv_viog_us,gap_viog_co,gap_inv_viog_co
2004-01-01,2004,1,14.666317390669237,68.12419974774507,16035.9,2756.1,8792.9,27584.9,53.54,5.5,6.19,5.4,,,0.6900000000000004,30.98,71.9587,2.24,10.15,,,,,,1508649.5,0.0318,2.2496,-0.0049260939501198,-0.0043403975660893,0.0018748626657778,0.0041614774460398
2004-02-01,2004,2,14.348300630054414,67.34227985227635,15987.0,2678.1,9051.7,27716.8,54.18,5.5,6.28,5.23,,1.1953679491968572,0.7800000000000002,30.8,73.8884,2.0,8.97,,,,,,,,,,,,
2004-03-01,2004,3,14.040391078493178,67.64880022644675,16156.5,2639.0,8988.4,27783.9,54.71,5.5,6.21,5.05,,0.9782207456626058,0.71,33.42,75.3793,2.91,8.95,,,,,,,,,,,,
2004-04-01,2004,4,14.284990747176638,67.14640265186748,16022.5,2670.3,9146.1,27838.9,54.96,5.5,5.49,4.95,,0.45695485286054716,-0.009999999999999787,33.36,74.3597,3.1,10.71,,,,,,,,,-0.00383149112489,-0.0034163646635594,-0.0054149984121067,-0.0043526372245885
2004-05-01,2004,5,14.094553827166974,67.24573502816759,16149.9,2649.7,9157.0,27956.6,55.17,5.5,5.37,4.79,,0.3820960698689868,-0.1299999999999999,37.59,75.2729,4.7,9.29,,,,,,,,,,,,
2004-06-01,2004,6,14.09792277736231,66.71681142280221,15982.7,2623.0,9281.9,27887.6,55.51,5.5,6.07,4.78,,0.6162769621170794,0.5700000000000003,35.44,74.0772,4.6,9.95,,,,,,,,,,,,
2004-07-01,2004,7,12.883891543620042,66.7277273097857,16241.1,2401.9,9295.9,27938.9,55.49,5.5,6.19,4.86,,-0.03602954422625704,0.6900000000000004,38.23,76.1045,3.65,9.73,,,,,,,,,-0.0019002652489401,-0.0018709968026779,-0.006290111407992,-0.0060033883269632
2004-08-01,2004,8,13.013340039532116,66.5053600070639,16130.9,2413.2,9339.5,27883.6,55.51,5.5,5.89,4.75,,0.03604253018560932,0.3899999999999997,42.22,77.7555,3.25,9.1,,,,,,,,,,,,
2004-09-01,2004,9,12.675504713928182,66.12350290192191,16161.2,2345.9,9481.6,27988.7,55.67,5.5,5.97,4.72,,0.2882363538101229,0.46999999999999975,43.32,76.3443,2.77,8.96,,,,,,,,,,,,
2004-10-01,2004,10,13.326564304067832,65.83537111701253,16033.9,2465.3,9600.0,28099.2,55.66,5.5,5.9,4.61,,-0.017962996227782746,0.40000000000000036,49.74,76.5552,2.74,9.08,,,,,,,,,0.0007187725010009,0.0003058173997132,0.0054869111331861,0.0055158417312188
2004-11-01,2004,11,13.039156039894047,66.51607903521838,16268.1,2439.3,9417.2,28124.6,55.82,5.5,5.82,4.6,,0.2874595759971399,0.3200000000000003,43.75,77.5045,2.69,8.68,,,,,,,,,,,,
2004-12-01,2004,12,12.971131899505872,65.79240240295363,16111.3,2401.3,9625.3,28137.9,55.99,5.5,5.5,4.6,,0.30455034037979445,0.0,39.97,76.3749,3.7,8.45,,,,,,,,,,,,
2005-01-01,2005,1,11.18753972383242,65.9933845267502,16546.6,2084.3,9600.6,28231.5,56.45,5.0,5.43,4.36,5.435188644004496,0.8215752813002242,0.4299999999999997,44.17,75.1531,1.69,7.65,126107.9971,22668.9192,,,,1556119.125,0.0319,2.2717,0.0044228537871386,0.0035576380818405,-0.0030423311561627,-0.004318890412474
2005-02-01,2005,2,12.795288638833949,65.97008892914094,16249.3,2384.2,9611.9,28245.4,57.02,5.0,5.25,4.15,5.2417866371354815,1.0097431355181596,0.25,45.72,76.2072,1.67,7.74,,,,,,,,,,,,
2005-03-01,2005,3,13.299485259891595,65.74536238850655,16125.0,2473.5,9690.2,28288.7,57.46,5.0,5.03,3.92,5.026503381465908,0.7716590669940349,0.03000000000000025,53.23,77.914,2.74,7.72,,,,,,,,,,,,
2005-04-01,2005,4,11.782209638248125,65.66677014339173,16427.0,2194.0,9735.8,28356.8,57.72,5.0,5.01,3.78,5.021834061135366,0.4524886877828038,0.009999999999999787,52.6,79.0227,2.25,7.42,129054.9995,20700.4437,,,,,,,0.0041677721341333,0.0034096226408859,0.0030138477082761,0.0014119414922504
2005-05-01,2005,5,12.57312285993732,66.13064660467425,16432.5,2363.2,9626.4,28422.1,57.95,5.0,5.04,3.79,5.038970454957403,0.39847539847539526,0.040000000000000036,49.29,79.1059,2.28,7.32,,,,,,,,,,,,
2005-06-01,2005,6,11.612482679457612,65.86648163035467,16524.1,2171.0,9688.2,28383.3,58.18,5.0,4.83,3.66,4.809944154206458,0.39689387402932486,-0.16999999999999993,54.84,78.6388,2.57,7.07,,,,,,,,,,,,
2005-07-01,2005,7,11.935661487109453,66.45803830554286,16654.2,2257.2,9544.7,28456.1,58.21,5.0,4.91,3.6,4.901784105244178,0.05156411137847705,-0.08999999999999986,57.63,79.7149,2.58,7.11,128686.1731,20516.134,,,,,,,0.0061725053057077,0.0052819809502526,-0.0065949473515107,-0.0093558775505169
2005-08-01,2005,8,11.66222995006543,65.77499708505792,16471.4,2174.5,9702.1,28348.0,58.21,5.0,4.88,3.55,4.863988470545855,0.0,-0.1200000000000001,63.95,80.7768,2.95,7.13,,,,,,,,,,,,
2005-09-01,2005,9,11.574631237941608,65.85023641771643,16586.7,2171.1,9727.8,28485.6,58.46,5.0,5.02,3.64,5.0116759475480555,0.4294794708812999,0.019999999999999574,63.26,81.4872,1.68,5.85,,,,,,,,,,,,
2005-10-01,2005,10,10.89849397463419,65.8935205869197,16801.2,2055.1,9760.0,28616.3,58.6,5.0,5.27,3.77,5.282069708947179,0.23947998631543843,0.2699999999999996,58.91,82.3608,1.27,6.27,131003.8303,22052.5031,,,,,,,0.0065915779448051,0.0057136520635143,-0.004248896117458,-0.0070166562362601
2005-11-01,2005,11,11.393188472044,65.5277404005726,16613.8,2136.2,9863.9,28613.9,58.66,5.0,5.1,3.8,5.087782156932996,0.10238907849828838,0.09999999999999964,55.45,80.6302,0.74,5.6,,,,,,,,,,,,
2005-12-01,2005,12,11.111060861540889,66.55990082600904,16963.6,2120.4,9587.9,28671.9,58.7,5.0,4.85,3.71,4.840150026790502,0.06818956699625733,-0.15000000000000036,57.16,78.1586,0.69,6.11,,,,,,,,,,,,
2006-01-01,2006,1,11.246116460326473,66.06107578840464,16849.9,2135.1,9753.6,28738.6,59.02,4.5,4.56,3.63,4.552701505757306,0.545144804088582,0.05999999999999961,63.31,79.1093,0.79,6.09,134233.0909,24305.069,,,,1620708.875,0.0324,2.2941,0.0124803449191652,0.0109874561140816,0.0032106246290553,0.0005937446399464
2006-02-01,2006,2,11.849231565043851,65.62417407569833,16636.6,2236.3,9886.2,28759.1,59.41,4.5,4.19,3.65,4.191511750263044,0.6607929515418443,-0.3099999999999996,60.81,79.9166,0.66,6.04,,,,,,,,,,,,
2006-03-01,2006,3,11.488937608840883,66.19915099262325,16866.4,2189.3,9729.7,28785.4,59.83,4.5,4.11,3.63,4.124608423250953,0.7069516916344165,-0.3899999999999997,62.75,82.3017,1.65,6.24,,,,,,,,,,,,
2006-04-01,2006,4,11.90056446245899,64.42211539986236,16384.3,2213.2,10270.7,28868.2,60.09,4.5,4.12,3.55,4.106029106029108,0.43456459969914984,-0.3799999999999999,70.34,79.3184,1.68,6.45,135893.7439,24242.7271,,,,,,,0.0107194396582208,0.0095099439809835,0.0046209585789345,0.0015570494915699
2006-05-01,2006,5,11.852856376683118,65.05058644941782,16567.4,2227.8,10098.0,28893.2,60.29,4.5,4.04,3.61,4.037963761863672,0.33283408221000954,-0.45999999999999996,70.51,81.8158,3.57,8.17,,,,,,,,,,,,
2006-06-01,2006,6,10.59776802964404,66.97270118843996,17301.7,2051.0,9543.7,28896.4,60.48,4.5,3.94,3.69,3.9532485390168404,0.3151434732127978,-0.56,69.23,81.1655,4.37,8.34,,,,,,,,,,,,
2006-07-01,2006,7,,,,,,,60.73,4.5,4.32,3.73,4.329153066483404,0.4133597883597906,-0.17999999999999972,74.04,82.5331,5.24,7.91,138577.3806,25813.9278,,,,,,,0.0085298090067968,0.0076696555889927,0.0104941863553023,0.0074272359622113
2006-08-01,2006,8,,,,,,,60.96,4.5,4.72,3.79,4.72427417969421,0.37872550633955004,0.21999999999999975,73.5,81.8768,3.39,8.23,,,,,,,,,,,,
2006-09-01,2006,9,13.114594388792412,63.05773393793213,15880.9,2397.1,10708.1,28986.1,61.14,4.5,4.58,3.7,4.5843311666096564,0.2952755905511806,0.08000000000000007,62.53,83.2357,1.99,8.22,,,,,,,,,,,,
2006-10-01,2006,10,12.6307205711741,61.67017296024939,15784.5,2281.9,11228.8,29295.2,61.05,4.5,4.19,3.43,4.180887372013653,-0.14720314033366266,-0.3099999999999996,58.76,82.7429,2.71,8.06,140730.7847,27708.2761,,,,,,,0.0115164843046535,0.0104477034004162,0.0138107054180522,0.0106921260077825
2006-11-01,2006,11,12.225574311914045,62.27847701360023,15951.6,2221.8,11007.5,29180.9,61.19,4.5,4.31,3.63,4.312990112512782,0.229320229320229,-0.1900000000000004,59.22,85.3008,3.27,7.93,,,,,,,,,,,,
2006-12-01,2006,12,12.81763465166702,62.52355808998966,15962.6,2346.8,10974.6,29284.0,61.33,4.5,4.48,3.75,4.480408858603058,0.22879555482921976,-0.019999999999999574,62.26,81.5031,2.72,7.93,,,,,,,,,,,,
2007-01-01,2007,1,11.985675966804116,62.689196504675536,16129.7,2196.5,10907.2,29233.4,61.8,4.0,4.71,4.05,4.710267705862403,0.7663459970650655,0.71,54.5,81.7271,2.01,8.38,143317.9731,30799.0404,,,,1702756.625,0.0332,2.3168,0.0109559407146839,0.0101943420806804,0.0184563154857198,0.0156879467915658
2007-02-01,2007,2,11.7001851794224,63.74425671150314,16486.9,2184.6,10619.8,29291.3,62.53,4.0,5.25,3.95,5.251641137855589,1.1812297734627997,1.25,57.97,79.9672,2.23,8.82,,,,,,,,,,,,
2007-03-01,2007,3,12.054767016955434,62.70668973739728,16172.4,2216.8,10936.5,29325.7,63.29,4.0,5.78,3.99,5.783051980611731,1.215416600031971,1.7800000000000002,62.36,81.2084,2.48,8.78,,,,,,,,,,,,
2007-04-01,2007,4,10.718930609618797,64.09493979363344,16828.1,2020.4,10558.6,29407.1,63.85,4.0,6.26,4.14,6.257280745548344,0.8848159266866773,2.26,67.69,81.4469,2.66,9.15,145054.4202,30347.5865,,,,,,,0.0132954789248049,0.0127394085364578,0.0194203351667479,0.0168502548394631
2007-05-01,2007,5,11.69972252475439,63.46977216669123,16488.1,2184.7,10747.2,29420.0,64.05,4.0,6.23,4.12,6.236523469895494,0.3132341425215346,2.2300000000000004,67.72,82.4551,4.85,9.16,,,,,,,,,,,,
2007-06-01,2007,6,11.3981183017152,63.92869411441568,16663.7,2143.7,10611.9,29419.3,64.12,4.0,6.03,4.07,6.018518518518534,0.10928961748635224,2.0300000000000002,70.62,81.5625,3.04,9.48,,,,,,,,,,,,
2007-07-01,2007,7,11.00047918315348,63.23062117220064,16620.0,2054.3,10859.3,29533.6,64.23,4.0,5.77,4.13,5.763214226905999,0.17155333749219182,1.7699999999999996,76.13,81.5343,6.01,9.56,148122.5226,30623.9544,,,,,,,0.0158519909684766,0.0157133027514273,0.0257149436706161,0.023949245432508
2007-08-01,2007,8,10.956695323676463,63.72123853611359,16673.7,2051.7,10661.0,29386.4,64.14,4.0,5.22,4.06,5.216535433070857,-0.14012143858010973,1.2199999999999998,71.31,82.9161,3.38,9.83,,,,,,,,,,,,
2007-09-01,2007,9,11.112379737425108,63.93957429936682,16775.5,2097.2,10643.7,29516.4,64.2,4.0,5.0,4.0,5.004906771344464,0.093545369504211,1.0,76.77,82.6732,5.56,9.58,,,,,,,,,,,,
2007-10-01,2007,10,11.477998114366494,64.94771741863647,17160.5,2225.1,10462.4,29848.0,64.2,4.0,5.16,4.23,5.1597051597051635,0.0,1.1600000000000001,82.51,83.0006,5.62,9.55,149962.0842,30602.4188,,,,,,,0.0186115573487288,0.0189254284679947,0.0272001095796934,0.025753079998541
2007-11-01,2007,11,10.574277698745776,64.27303200378668,17059.2,2017.2,10603.9,29680.3,64.51,4.0,5.41,4.22,5.425723157378659,0.48286604361371666,1.4100000000000001,92.73,82.532,5.01,9.47,,,,,,,,,,,,
2007-12-01,2007,12,10.739971898938688,63.15179958693648,16800.0,2021.4,10982.1,29803.5,64.82,4.0,5.69,4.2,5.69052665905756,0.48054565183690556,1.6900000000000004,91.52,80.7926,5.17,9.82,,,,,,,,,,,,
2008-01-01,2008,1,11.102080196299552,63.67898265261221,16874.7,2107.4,10826.9,29809.0,65.51,4.0,6.0,4.19,6.003236245954713,1.0644862696698842,2.0,92.09,79.115,5.13,10.2,150365.7438,29471.326,,,,1771569.0,0.0339,2.3396,0.0136895744140534,0.0150517779978311,0.0220143147406037,0.0205659726004885
2008-02-01,2008,2,11.116567519614314,64.35920957379484,17049.3,2132.3,10622.4,29804.0,66.5,4.0,6.35,4.25,6.348952502798655,1.511219661120422,2.3499999999999996,94.72,78.63,4.62,10.51,,,,,,,,,,,,
2008-03-01,2008,3,11.295378413299566,64.88762358416929,17168.9,2186.2,10473.6,29828.7,67.04,4.0,5.93,4.23,5.925106651919743,0.812030075187975,1.9299999999999997,103.16,76.7855,5.05,10.63,,,,,,,,,,,,
2008-04-01,2008,4,10.976347733829536,64.76627819175917,17232.5,2124.7,10530.6,29887.8,67.51,4.0,5.73,4.23,5.732184808144103,0.7010739856801784,1.7300000000000004,110.03,79.9585,5.54,10.4,151769.5687,29975.4035,,,,,,,0.0143996493284692,0.015641469888731,0.0192736697076085,0.0182299060521344
2008-05-01,2008,5,10.793789353491198,64.50282818058174,17216.6,2083.2,10621.1,29920.9,68.14,4.0,6.39,4.25,6.385636221701807,0.9331950822100366,2.3899999999999997,123.86,79.3786,5.54,10.68,,,,,,,,,,,,
2008-06-01,2008,6,11.616254385730072,62.89601614206505,16630.7,2185.8,11100.3,29916.8,68.73,4.0,7.18,4.28,7.189644416718655,0.8658643968300517,3.1799999999999997,132.76,75.7329,5.96,10.87,,,,,,,,,,,,
2008-07-01,2008,7,11.667289164862662,64.0701055799281,16996.8,2245.0,10790.6,30032.4,69.06,4.0,7.52,4.16,7.519850537132178,0.48013967699693794,3.5199999999999996,133.59,77.7348,5.01,10.85,153090.7174,29740.7185,,,,,,,0.0058111647111402,0.007336870004952,0.0154813574402687,0.014730675833027
2008-08-01,2008,8,11.613617634977308,64.26185193261075,17017.0,2236.0,10707.2,29960.2,69.19,4.0,7.87,4.15,7.873401933270974,0.18824210831160926,3.87,113.8,77.4249,5.76,10.22,,,,,,,,,,,,
2008-09-01,2008,9,11.349281747077391,64.22305234046519,17098.8,2189.0,10744.7,30032.5,69.06,4.0,7.57,4.14,7.570093457943927,-0.18788842318253618,3.5700000000000003,98.76,79.5083,5.9,10.31,,,,,,,,,,,,
2008-10-01,2008,10,11.440151234625914,62.100560832219685,16757.6,2164.7,11548.2,30470.5,69.3,4.0,7.94,4.5,7.943925233644844,0.3475238922675761,3.9400000000000004,71.96,77.9212,5.24,10.4,150486.9701,29862.552,,,,,,,-0.0157489881610164,-0.0129197694241582,-0.0042446154447919,-0.0054576799232357
2008-11-01,2008,11,12.086474062754062,62.03021184041012,16508.7,2269.6,11494.5,30272.8,69.49,4.0,7.73,4.24,7.719733374670579,0.2741702741702712,3.7300000000000004,52.71,76.1577,4.47,9.9,,,,,,,,,,,,
2008-12-01,2008,12,11.602072819999986,64.01798266534749,17180.8,2254.9,10924.1,30359.8,69.8,4.0,7.67,4.38,7.682813946312872,0.446107353576064,3.67,40.51,74.6384,4.34,9.44,,,,,,,,,,,,
2009-01-01,2009,1,12.011736915569294,64.44975424596092,17196.1,2347.5,10780.2,30323.8,70.21,5.0,7.18,4.24,7.174477179056615,0.587392550143262,2.1799999999999997,43.17,72.7544,3.31,9.03,150954.6375,30831.7633,,,,1841114.875,0.0345,2.3627,-0.0297651768671887,-0.0263971541594703,-0.01189551652147,-0.0126899272419098
2009-02-01,2009,2,11.577767729019753,65.02444275227772,17438.4,2283.3,10608.0,30329.7,70.8,5.0,6.47,4.38,6.46616541353382,0.8403361344537785,1.4699999999999998,42.91,73.33,3.71,8.53,,,,,,,,,,,,
2009-03-01,2009,3,12.1379663265258,66.13335588975862,17657.2,2439.3,10291.3,30387.8,71.15,5.0,6.14,4.34,6.130668257756566,0.4943502824858781,1.1399999999999997,46.58,74.8885,2.86,7.07,,,,,,,,,,,,
2009-04-01,2009,4,11.941021519568697,66.75101067612295,17877.0,2424.2,10112.1,30413.3,71.38,5.0,5.73,4.17,5.7324840764330975,0.3232607167954926,0.7300000000000004,50.52,72.894,2.81,6.31,152459.0529,31068.5498,,,,,,,-0.0349669508389212,-0.0314425912253142,-0.0137784107770784,-0.0141212619501249
2009-05-01,2009,5,11.708014300497402,67.03099613458537,18047.4,2393.2,10053.7,30494.3,71.39,5.0,4.77,4.09,4.769592016436741,0.014009526478009349,-0.23000000000000043,57.5,73.1061,3.07,5.92,,,,,,,,,,,,
2009-06-01,2009,6,11.774869875625038,66.90727989140258,18019.5,2405.0,10102.1,30526.6,71.35,5.0,3.81,4.05,3.8120180416120863,-0.05603025633843517,-1.19,68.58,72.7424,3.47,5.56,,,,,,,,,,,,
2009-07-01,2009,7,12.150238532899788,67.29411966248169,18072.6,2499.6,9998.4,30570.6,71.32,5.0,3.28,4.08,3.2725166521864857,-0.042046250875960034,-1.7200000000000002,64.9,73.8099,2.91,3.89,153996.6863,31662.8612,,,,,,,-0.0339699430698576,-0.030124735414617,-0.0138888894605724,-0.0139467592846056
2009-08-01,2009,8,12.221443615646304,66.34882722897903,17822.9,2481.5,10298.1,30602.5,71.35,5.0,3.13,4.08,3.1218384159560575,0.04206393718451107,-1.87,72.59,73.6457,2.38,4.84,,,,,,,,,,,,
2009-09-01,2009,9,12.916589954156851,66.45048077798846,17714.5,2627.5,10270.3,30612.3,71.28,5.0,3.21,3.98,3.214596003475245,-0.09810791871057711,-1.79,67.51,73.9255,1.59,4.67,,,,,,,,,,,,
2009-10-01,2009,10,13.188940486948267,67.54132929700742,18174.3,2761.2,10061.0,30996.5,71.19,5.0,2.72,3.57,2.7272727272727337,-0.12626262626262985,-2.28,72.97,75.1994,1.46,4.63,155205.6233,30790.8257,,,,,,,-0.0259825932604602,-0.0218731147077448,-0.0145873229932309,-0.0144885079947911
2009-11-01,2009,11,12.571439124989242,67.67152488066782,18231.3,2621.5,9961.9,30814.7,71.14,5.0,2.37,3.46,2.3744423658080382,-0.07023458350892131,-2.63,76.94,76.3464,1.4,3.76,,,,,,,,,,,,
2009-12-01,2009,12,12.135904703644696,67.78609532149841,18412.8,2543.2,9958.9,30914.9,71.2,5.0,2.0,3.06,2.005730659025806,0.08434073657577201,-3.0,74.79,75.5878,1.38,4.07,,,,,,,,,,,,
2010-01-01,2010,1,12.363727602693464,67.66169992792112,18320.4,2584.6,9991.4,30896.4,71.69,3.0,2.1,2.98,2.107961828799332,0.6882022471909943,-0.8999999999999999,76.6,72.7384,1.19,4.7,156768.5779,31639.1747,,,,1916421.25,0.0349,2.386,-0.021466031923353,-0.0165142379659783,-0.0141402879828191,-0.0138743447294515
2010-02-01,2010,2,11.43969505582088,67.55519860525955,18486.7,2388.0,10025.5,30900.2,72.28,3.0,2.09,2.63,2.090395480226004,0.8229878644162358,-0.9100000000000001,73.9,75.2,1.05,4.13,,,,,,,,,,,,
2010-03-01,2010,3,11.982019744740144,66.86658990266237,18228.4,2481.5,10262.0,30971.9,72.46,3.0,1.84,2.26,1.8411806043569845,0.24903154399555927,-1.16,79.52,75.5891,1.36,4.44,,,,,,,,,,,,
2010-04-01,2010,4,12.257409556294494,68.11070146981545,18507.5,2585.5,9875.7,30968.7,72.79,3.0,1.98,2.1,1.9753432333987186,0.4554236820314861,-1.02,85.16,76.1251,2.3,4.41,159215.0403,33249.956,,,,,,,-0.0145518050722888,-0.0093127650348403,-0.0106983706955539,-0.0102542123464175
2010-05-01,2010,5,12.220571138970666,67.17763783399691,18326.4,2551.4,10200.7,31078.5,72.87,3.0,2.07,2.09,2.073119484521646,0.10990520675917548,-0.9300000000000002,76.13,77.2,2.06,4.0,,,,,,,,,,,,
2010-06-01,2010,6,12.237624572389269,67.82115360216375,18534.5,2584.5,10020.3,31139.3,72.95,3.0,2.25,2.02,2.2424667133847276,0.10978454782488711,-0.75,75.25,76.2,2.54,3.99,,,,,,,,,,,,
2010-07-01,2010,7,12.16611675999198,67.70958653226303,18521.6,2565.5,10056.4,31143.5,72.92,3.0,2.24,1.89,2.243409983174427,-0.04112405757368265,-0.7599999999999998,75.19,75.5,2.05,3.96,160387.8128,33078.0732,,,,,,,-0.0106040719173279,-0.005318028820989,-0.0122722562038113,-0.0118532359221443
2010-08-01,2010,8,11.765822749036412,67.9698048186647,18754.0,2500.8,10016.2,31271.0,73.0,3.0,2.31,1.87,2.3125437981780017,0.10970927043334466,-0.69,76.89,77.6,1.08,3.85,,,,,,,,,,,,
2010-09-01,2010,9,11.429921593924009,68.58264292502443,18961.2,2446.9,9806.9,31215.0,72.9,3.0,2.28,1.89,2.2727272727272707,-0.1369863013698569,-0.7200000000000002,77.94,77.7,1.0,4.0,,,,,,,,,,,,
2010-10-01,2010,10,11.827170240410087,67.23986198395977,18690.1,2507.0,10327.5,31524.6,72.84,3.0,2.33,1.92,2.317741255794359,-0.08230452674897748,-0.6699999999999999,83.34,78.6,1.91,3.9,163779.569,35221.7962,,,,,,,-0.0096434798033833,-0.0044369335016991,-0.0049990301250151,-0.0045407281829774
2010-11-01,2010,11,12.09598442783144,68.08834743087037,18798.3,2586.7,10022.7,31407.7,72.98,3.0,2.59,1.95,2.586449254990164,0.19220208676551387,-0.41000000000000014,85.8,75.5,1.21,3.89,,,,,,,,,,,,
2010-12-01,2010,12,12.039552840815624,67.76828392902856,18768.1,2568.9,10148.2,31485.2,73.45,3.0,3.17,2.06,3.16011235955056,0.6440120580980979,0.16999999999999993,91.96,76.3,1.4,4.38,,,,,,,,,,,,
2011-01-01,2011,1,11.568517674923696,68.15111067887601,18963.3,2480.8,10021.4,31465.5,74.12,3.0,3.4,2.04,3.389594085646541,0.9121851599727782,0.3999999999999999,96.95,75.3,1.17,4.38,167286.916,35971.409,,,,2002981.125,0.0357,2.4107,-0.0143368303155728,-0.008651833291573,0.0035749046810078,0.0039086740632594
2011-02-01,2011,2,11.742472179193228,67.37947338778774,18698.8,2487.8,10257.1,31443.7,74.57,3.0,3.17,2.07,3.168234643054779,0.6071235833782884,0.16999999999999993,104.24,76.7,1.13,4.97,,,,,,,,,,,,
2011-03-01,2011,3,11.026032323741775,67.80672031826303,19030.3,2358.3,10154.9,31543.5,74.77,3.0,3.19,2.12,3.1879657742202694,0.2682043717312732,0.18999999999999995,114.92,77.1,2.07,4.87,,,,,,,,,,,,
2011-04-01,2011,4,11.112853112492282,67.33323646472562,18870.2,2359.2,10299.5,31528.9,74.86,3.0,2.84,2.17,2.8437972248935184,0.12036913200481614,-0.16000000000000014,123.33,75.9,1.89,4.97,169747.0668,36518.5402,,,,,,,-0.0119471755408788,-0.0063866358566659,0.0084880568312044,0.0084709767539834
2011-05-01,2011,5,11.53424382242283,67.99752268911593,19037.0,2482.1,10127.7,31646.8,75.07,3.0,3.02,2.17,3.019075065184551,0.2805236441357106,0.020000000000000018,114.93,78.3,2.01,5.17,,,,,,,,,,,,
2011-06-01,2011,6,11.328686792708575,67.5715422593359,19012.3,2429.0,10290.0,31731.3,75.31,3.0,3.23,2.32,3.2350925291295463,0.31970161182897083,0.22999999999999998,114.37,77.2,2.03,5.2,,,,,,,,,,,,
2011-07-01,2011,7,11.095851059944264,68.0578440600873,19196.5,2395.9,10134.1,31726.5,75.42,3.0,3.42,2.39,3.4284147010422483,0.1460629398486235,0.41999999999999993,117.48,76.7,2.08,5.28,173210.156,38281.2484,,,,,,,-0.0141811344367237,-0.0079920360905951,0.0158184906153824,0.0156385620750221
2011-08-01,2011,8,10.793644286412668,67.46148724025342,19157.9,2318.0,10358.4,31834.3,75.39,3.0,3.27,2.24,3.2739726027397165,-0.039777247414485295,0.27,110.35,78.3,2.14,5.29,,,,,,,,,,,,
2011-09-01,2011,9,10.526679856992349,68.5237830887184,19490.2,2293.1,10006.1,31789.4,75.62,3.0,3.73,2.31,3.7311385459533497,0.30508024936994893,0.73,111.96,78.0,2.16,5.16,,,,,,,,,,,,
2011-10-01,2011,10,10.669044325249615,69.15685203116468,19749.7,2358.8,9860.1,31968.6,75.77,3.0,4.02,2.41,4.022515101592528,0.19836022216344062,1.0199999999999996,110.43,79.7,1.81,5.56,174383.8611,38682.8024,,,,,,,-0.0082727463844296,-0.0024318858533103,0.0134375025531969,0.012725665999266
2011-11-01,2011,11,10.546384960162175,69.10612201709712,19736.1,2326.8,9863.3,31926.2,75.87,3.0,3.96,2.57,3.959989038092626,0.13197835554970005,0.96,111.16,76.4,1.76,5.66,,,,,,,,,,,,
2011-12-01,2011,12,10.718148442739365,68.55115273373438,19574.0,2349.8,10057.9,31981.7,76.19,3.0,3.73,2.7,3.7304288631722082,0.4217740872545006,0.73,108.35,75.0,1.53,5.58,,,,,,,,,,,,
2012-01-01,2012,1,10.646675286062948,68.75314850993547,19666.9,2343.4,10003.2,32013.5,76.75,3.0,3.54,2.72,3.5483000539665355,0.7350045937787097,0.54,111.42,75.1,1.83,5.63,176970.8435,37578.4126,,,,2086343.625,0.0365,2.4357,-0.005121704828408,0.0004822302556117,0.013948360109758,0.0130516724338942
2012-02-01,2012,2,10.650046095729037,69.09972661299797,19760.2,2355.3,9889.7,32005.2,77.22,3.0,3.55,2.73,3.553707925439187,0.6123778501628596,0.5499999999999998,119.17,77.8,1.94,5.72,,,,,,,,,,,,
2012-03-01,2012,3,10.542656325349546,69.33718408517021,19896.2,2344.8,9835.6,32076.6,77.31,3.0,3.4,2.74,3.397084392135885,0.11655011655011815,0.3999999999999999,124.7,76.4,2.38,5.55,,,,,,,,,,,,
2012-04-01,2012,4,10.926447495989366,68.8413479270106,19669.4,2412.8,9994.7,32076.9,77.42,3.0,3.43,2.87,3.419716804702122,0.14228430992109242,0.43000000000000016,120.47,75.0,2.84,5.48,177978.8285,39090.0018,,,,,,,-0.0052412504296039,0.0002665967320893,0.0085530177800379,0.0071002555684369
2012-05-01,2012,5,10.947931740763666,69.02773105498873,19772.5,2430.8,9962.5,32165.8,77.66,3.0,3.44,2.86,3.4501132276541835,0.30999741668817915,0.43999999999999995,110.82,76.0,2.99,5.49,,,,,,,,,,,,
2012-06-01,2012,6,10.54003973530516,69.42543973745359,20048.4,2362.1,9869.5,32280.0,77.72,3.0,3.2,2.79,3.200106227592614,0.07725985063096186,0.20000000000000018,95.89,77.0,2.83,5.47,,,,,,,,,,,,
2012-07-01,2012,7,10.633539275940617,68.40360574032654,19714.6,2345.8,10189.9,32250.3,77.7,3.0,3.03,2.82,3.023070803500394,-0.025733401955729818,0.029999999999999805,102.98,78.0,3.14,5.27,177110.3455,39062.7841,,,,,,,-0.0077504829917778,-0.0022051502908109,-0.0030998117702143,-0.0053856176532001
2012-08-01,2012,8,10.290351026519849,68.72591873115445,19953.9,2288.9,10121.7,32364.5,77.73,3.0,3.11,2.93,3.1038599283724766,0.03861003861003187,0.10999999999999988,113.78,77.9,2.48,4.83,,,,,,,,,,,,
2012-09-01,2012,9,10.748572455497786,67.87941502830869,19592.9,2359.6,10388.0,32340.5,77.96,3.0,3.08,2.99,3.094419465749798,0.295896050430966,0.08000000000000007,113.64,78.0,2.09,4.77,,,,,,,,,,,,
2012-10-01,2012,10,10.471987538949165,67.5446766678328,19633.1,2296.5,10537.2,32466.8,78.08,3.0,3.06,3.01,3.048700013197836,0.1539250897896416,0.06000000000000005,111.79,78.9,1.4,4.86,179354.9826,38705.8016,,,,,,,-0.0107392959411853,-0.0051158961684762,-0.0034465788334081,-0.0058038092849841
2012-11-01,2012,11,10.60400745182735,67.63292797089674,19630.4,2328.5,10508.9,32467.8,77.98,3.0,2.77,2.9,2.781072887834446,-0.1280737704917989,-0.22999999999999998,109.91,78.4,1.24,4.92,,,,,,,,,,,,
2012-12-01,2012,12,10.513170340398618,68.3257714412227,19865.0,2333.8,10290.8,32489.6,78.05,3.0,2.44,2.77,2.4412652579078653,0.08976660682225024,-0.56,109.57,76.7,2.21,4.39,,,,,,,,,,,,
2013-01-01,2013,1,10.240640359462043,68.10935647340246,19882.4,2268.4,10371.6,32522.4,78.28,3.0,2.0,2.61,1.993485342019552,0.29468289557976757,-1.0,112.53,74.9,1.99,4.25,181618.7873,41252.0415,,,,2175999.5,0.037,2.4609,-0.0082437527017447,-0.0031907456868083,-0.0019346107840085,-0.0044282378560076
2013-02-01,2013,2,10.543602504202806,67.85876069699755,19743.9,2327.1,10453.9,32524.9,78.63,3.0,1.83,2.51,1.8259518259518215,0.4471129279509434,-1.17,116.49,73.7,1.55,4.04,,,,,,,,,,,,
2013-03-01,2013,3,10.365286307348008,67.37861452485203,19676.3,2275.3,10627.9,32579.5,78.79,3.0,1.91,2.65,1.9143707153020273,0.2034846750604169,-1.09,109.59,73.9,1.23,3.58,,,,,,,,,,,,
2013-04-01,2013,4,10.36845606756312,67.50820645383546,19749.6,2284.6,10605.1,32639.3,78.99,3.0,2.02,2.57,2.0278997675019284,0.2538393197106137,-0.98,102.96,74.5,1.44,3.69,187529.4877,41116.856,,,,,,,-0.0110527521798342,-0.0059023902125154,0.0126622353183112,0.0105810276767375
2013-05-01,2013,5,9.81605267683998,68.4482312123796,20184.4,2197.0,10316.9,32698.3,79.21,3.0,2.0,2.57,1.9958794746330222,0.2785162678820008,-1.0,102.98,75.4,2.05,3.98,,,,,,,,,,,,
2013-06-01,2013,6,9.856716602733972,67.32177090047502,19924.4,2178.6,10728.9,32831.9,79.39,3.0,2.16,2.64,2.1487390633041725,0.2272440348440874,-0.8399999999999999,103.36,75.2,2.52,4.33,,,,,,,,,,,,
2013-07-01,2013,7,9.75880409393149,68.3381661112232,20222.3,2186.9,10382.4,32791.6,79.43,3.0,2.22,2.76,2.226512226512223,0.050384179367690685,-0.7799999999999998,107.78,77.4589,2.18,4.29,188017.7345,40616.6428,,,,,,,-0.0094478311266303,-0.0047895312514718,0.0102209211380834,0.0073702147407317
2013-08-01,2013,8,9.923074264941327,68.1205730990038,20173.0,2222.3,10480.7,32876.0,79.5,3.0,2.27,2.76,2.2771130837514475,0.08812791136849629,-0.73,111.06,76.2093,2.01,4.55,,,,,,,,,,,,
2013-09-01,2013,9,9.730215385902412,67.72450405700441,20095.7,2166.1,10609.3,32871.1,79.73,3.0,2.27,2.73,2.270395074397147,0.2893081761006444,-0.73,111.96,78.5834,1.91,4.26,,,,,,,,,,,,
2013-10-01,2013,10,9.293721556478602,67.54469120595013,20176.9,2067.3,10688.4,32932.6,79.52,3.0,1.84,2.66,1.8442622950819665,-0.26338893766463256,-1.16,109.62,79.0493,1.64,4.17,190772.9905,44547.4597,,,,,,,-0.0085025125493096,-0.0042697870037482,0.0134216829650402,0.0104904091331725
2013-11-01,2013,11,9.822879691037253,67.21615954588653,19985.2,2177.0,10809.3,32971.5,79.35,3.0,1.76,2.67,1.7568607335213926,-0.21378269617706724,-1.24,108.15,77.6992,1.89,4.19,,,,,,,,,,,,
2013-12-01,2013,12,9.112005821918872,67.58708008702048,20262.7,2031.4,10691.7,32985.8,79.56,3.0,1.94,2.73,1.9346572709801446,0.2646502835538911,-1.06,111.07,76.561,1.64,4.2,,,,,,,,,,,,
2014-01-01,2014,1,9.500227057470124,67.48151034661052,20334.3,2134.6,10827.5,33296.4,79.95,3.0,2.13,2.72,2.1333673990802327,0.4901960784313708,-0.8700000000000001,107.93,76.6351,1.55,4.35,193660.5985,44714.0958,,,,2276362.5,0.0375,2.4864,-0.0148651772161194,-0.0100267751352109,0.0161643089381726,0.0133090426597419
2014-02-01,2014,2,9.710949490000251,67.22853753721247,20214.1,2174.1,10913.4,33301.6,80.45,3.0,2.32,2.81,2.3146381788121673,0.6253908692933186,-0.6800000000000002,108.84,75.9991,1.3,4.26,,,,,,,,,,,,
2014-03-01,2014,3,9.724091517451988,67.33601858370022,20258.1,2182.1,10885.5,33325.7,80.77,3.0,2.51,2.81,2.5130092651351577,0.39776258545680676,-0.4900000000000002,107.87,74.7195,1.73,4.15,,,,,,,,,,,,
2014-04-01,2014,4,9.2926363101033,67.4079206503315,20436.3,2093.6,10893.3,33423.2,81.14,3.0,2.72,2.86,2.721863527028745,0.45809087532500126,-0.2799999999999998,108.0,76.6093,1.96,4.36,193990.1918,45221.4103,,,,,,,-0.0089277035663908,-0.0047962157086658,0.010882920372893,0.007578239780317
2014-05-01,2014,5,9.044707471968811,67.35702520519456,20491.2,2037.7,10918.1,33447.0,81.53,3.0,2.93,2.97,2.9289231157682227,0.4806507271382765,-0.06999999999999984,109.83,77.771,2.03,4.53,,,,,,,,,,,,
2014-06-01,2014,6,9.786849490102584,67.42247330789279,20434.5,2216.9,10944.8,33596.2,81.61,3.0,2.79,2.84,2.7963219549061558,0.09812339016312954,-0.20999999999999996,112.24,75.5792,1.92,4.7,,,,,,,,,,,,
2014-07-01,2014,7,9.327874197370711,67.24398776062158,20448.5,2103.6,10985.6,33537.7,81.73,3.0,2.89,2.53,2.8956313735364336,0.14704080382306195,-0.10999999999999988,107.46,78.302,1.26,4.77,195956.5612,46302.8482,,,,,,,-0.0034275019203597,0.0002094011961855,0.0107009229163601,0.0074866490691434
2014-08-01,2014,8,9.338450794188196,67.69032016279243,20623.1,2124.2,10857.7,33605.0,81.9,3.0,3.02,2.58,3.018867924528301,0.20800195766548235,0.020000000000000018,102.4,76.3763,2.08,4.81,,,,,,,,,,,,
2014-09-01,2014,9,9.06679183094024,67.76766823166524,20717.9,2065.7,10836.6,33620.2,82.01,3.0,2.86,2.54,2.8596513232158616,0.13431013431013383,-0.14000000000000012,97.85,76.5846,2.14,4.87,,,,,,,,,,,,
2014-10-01,2014,10,9.173936695886814,67.73029650901066,20700.6,2090.9,10858.9,33650.4,82.14,3.0,3.29,2.6,3.294768611670018,0.15851725399340655,0.29000000000000004,87.58,77.9147,2.13,4.81,197981.6485,46718.6456,,,,,,,-0.0031691013309327,0.0006157497404917,0.0115337665534127,0.0084266789690126
2014-11-01,2014,11,9.288619405822446,67.61359031071488,20668.2,2116.4,10913.6,33698.2,82.25,3.0,3.65,2.61,3.6546943919344654,0.1339177014852755,0.6499999999999999,79.23,75.9334,1.01,4.65,,,,,,,,,,,,
2014-12-01,2014,12,9.517423507437863,66.91217226963265,20425.9,2148.5,11163.0,33737.4,82.47,3.0,3.66,2.82,3.6576168929109976,0.2674772036474149,0.6600000000000001,62.9,76.0641,1.2,4.94,,,,,,,,,,,,
2015-01-01,2015,1,9.07933484437686,67.0619485092081,20623.0,2059.4,11140.6,33823.0,83.0,3.0,3.82,2.98,3.81488430268917,0.6426579362192264,0.8199999999999998,48.93,68.6631,0.5,4.52,199260.6494,47051.5396,,,,2382179.25,0.0378,2.5121,-0.0009564723739199,0.0024734206960559,0.0107252415120431,0.0075543330224352
2015-02-01,2015,2,8.953410643233466,67.27268297953249,20725.7,2038.1,11074.3,33838.1,83.96,3.0,4.36,3.32,4.36295835922933,1.1566265060240832,1.3600000000000003,58.25,70.4497,0.57,4.54,,,,,,,,,,,,
2015-03-01,2015,3,8.92533050830521,67.61229431406751,20842.8,2042.6,10962.6,33848.0,84.45,3.0,4.56,3.46,4.556147084313489,0.583611243449278,1.5599999999999996,56.52,72.4375,0.57,4.84,,,,,,,,,,,,
2015-04-01,2015,4,9.784158604570129,67.84008304472408,20774.9,2253.1,10916.5,33944.5,84.9,3.0,4.64,3.69,4.633965984717769,0.5328596802842034,1.6399999999999997,59.83,69.5778,1.97,4.7,200645.7306,47671.5403,,,,,,,-0.0010993515418391,0.0019782546894493,0.0102111204804042,0.0071015798372577
2015-05-01,2015,5,9.169083046662,67.64464569478896,20870.5,2106.8,10990.4,33967.7,85.12,3.0,4.41,3.8,4.403287133570477,0.25912838633685986,1.4100000000000001,65.19,72.3004,0.99,4.68,,,,,,,,,,,,
2015-06-01,2015,6,8.870626821980606,66.99074051175774,20818.5,2026.5,11256.7,34101.7,85.21,3.0,4.42,4.05,4.411224114691814,0.1057330827067604,1.42,62.62,71.8402,1.29,4.61,,,,,,,,,,,,
2015-07-01,2015,7,8.881845164582348,67.46542259836559,20946.7,2041.8,11086.0,34074.5,85.37,3.0,4.46,4.24,4.453688975896242,0.18777138833472318,1.46,56.83,72.8087,1.27,4.64,202671.6638,47921.1386,,,,,,,-0.0033265350150841,-0.0004838899141059,0.0114214788256248,0.0086405342627369
2015-08-01,2015,8,9.468666284276164,67.39965997780992,20816.3,2177.2,11121.6,34115.1,85.78,3.0,4.74,4.47,4.737484737484721,0.4802623872554701,1.7400000000000002,47.53,72.5105,1.27,5.06,,,,,,,,,,,,
2015-09-01,2015,9,9.512924822235115,67.598760053099,20886.2,2195.8,11063.6,34145.6,86.39,3.0,5.35,4.89,5.340812096085834,0.7111214735369575,2.3499999999999996,48.03,73.4539,1.02,5.64,,,,,,,,,,,,
2015-10-01,2015,10,9.471234475095654,67.73476167755389,20961.3,2193.0,11029.5,34183.8,86.98,3.0,5.89,5.2,5.892378865351833,0.6829494154416027,2.8899999999999997,48.91,73.8514,0.84,5.47,202113.9562,45450.7815,,,,,,,-0.0065556087197986,-0.0037579700976504,0.0050745623412602,0.0020911814141175
2015-11-01,2015,11,8.827851420833923,67.65298211009086,21104.3,2043.5,11067.7,34215.5,87.51,3.0,6.39,5.46,6.395136778115518,0.6093354794205474,3.3899999999999997,45.1,73.4453,1.15,6.2,,,,,,,,,,,,
2015-12-01,2015,12,9.326223252862286,67.4332310152598,20949.6,2154.8,11158.2,34262.6,88.05,3.0,6.77,5.5,6.766096762459073,0.6170723345903184,3.7699999999999996,38.53,73.3,1.22,6.51,,,,,,,,,,,,
2016-01-01,2016,1,9.903285400379335,67.57876646767674,20904.8,2297.8,11131.6,34334.2,89.19,3.0,7.45,5.83,7.457831325301201,1.2947189097104017,4.45,32.05,73.6619,1.36,6.63,203832.3291,45147.8969,67832.0,68235.0,40302.0,2478521.5,0.0378,2.5381,-0.0061902927025538,-0.0037517821793873,0.0053940745000229,0.002929506102161
2016-02-01,2016,2,9.127782779536238,67.27035312464506,21019.5,2111.3,11254.1,34384.9,90.33,3.0,7.59,5.87,7.5869461648404135,1.2781701984527327,4.59,33.76,73.194,1.36,6.85,,,,,,,,,,,,
2016-03-01,2016,3,10.224583802803307,66.8832345720509,20648.9,2351.7,11388.6,34389.2,91.18,3.0,7.98,6.09,7.969212551805804,0.9409941326248283,4.98,39.79,74.7037,1.97,6.88,,,,,,,,,,,,
2016-04-01,2016,4,9.444388214537804,67.17575952514116,20987.0,2188.8,11324.4,34500.2,91.63,3.0,7.93,6.26,7.926972909305041,0.493529282737426,4.93,43.33,74.7755,2.03,7.17,205120.1897,45733.6752,70403.0,72418.0,42135.0,,,,-0.0077708191880354,-0.0053749536189844,0.0051698173537726,0.0030819873432719
2016-05-01,2016,5,9.137245556772514,66.46851237106634,20853.8,2097.1,11578.1,34529.0,92.1,3.0,8.2,6.31,8.20018796992481,0.5129324457055606,5.199999999999999,47.74,74.9344,2.18,7.27,,,,,,,,,,,,
2016-06-01,2016,6,9.622184863578186,66.93475413522573,20970.5,2232.7,11462.2,34665.4,92.54,3.0,8.6,6.41,8.60227672808358,0.4777415852334599,5.6,49.88,75.2204,2.16,6.84,,,,,,,,,,,,
2016-07-01,2016,7,9.867676884670525,66.54087251889135,20771.3,2274.0,11588.0,34633.3,93.02,3.0,8.97,6.51,8.960993323181432,0.518694618543325,5.970000000000001,46.6,74.5191,2.28,7.1,205623.0613,44738.63,72793.0,76589.0,46749.0,,,,-0.0074081580987694,-0.0053676713354615,0.0030450318688686,0.0011640948444959
2016-08-01,2016,8,9.405000197601936,66.6753221426678,20949.4,2174.8,11557.6,34681.8,92.73,3.0,8.1,6.47,8.102121706691534,-0.31176091163189756,5.1,47.05,77.8907,2.5,7.3,,,,,,,,,,,,
2016-09-01,2016,9,9.26402494432856,66.56083095306266,20954.9,2139.5,11602.3,34696.7,92.68,3.0,7.27,6.27,7.280935293436741,-0.05391998274559828,4.27,47.38,77.9992,3.5,6.84,,,,,,,,,,,,
2016-10-01,2016,10,9.620602908123017,66.8574751216114,21007.9,2236.2,11522.5,34766.6,92.62,3.0,6.48,5.92,6.484249252701768,-0.06473888649115578,3.4800000000000004,51.41,76.473,2.47,6.92,206913.4199,47038.798,80533.0,80438.0,46587.0,,,,-0.0079266429089059,-0.006177662843914,0.0032695363709418,0.0018377754208085
2016-11-01,2016,11,9.14320403211502,66.77417521911148,21112.0,2124.6,11562.2,34798.8,92.73,3.0,5.96,5.61,5.965032567706552,0.11876484560569,2.96,46.94,77.1901,2.17,6.84,,,,,,,,,,,,
2016-12-01,2016,12,9.704576300294931,66.73656577635721,20990.3,2255.9,11586.6,34832.8,93.11,3.0,5.75,5.48,5.746734809767173,0.4097918688666047,2.75,55.02,77.2762,1.33,6.62,,,,,,,,,,,,
2017-01-01,2017,1,9.710630589471975,66.70233491051754,21040.8,2262.9,11633.2,34936.9,94.07,3.0,5.47,5.62,5.471465410920495,1.0310385565460045,2.4699999999999998,55.71,74.7832,0.93,6.54,206757.2117,45971.7332,73150.0,72399.0,42513.0,2574892.75,0.0377,2.563,-0.0082642775067949,-0.0066956749040478,-0.000623650046247,-0.0018775813735292
2017-02-01,2017,2,9.624374643623272,66.72129195229951,21081.4,2245.0,11634.6,34961.0,95.01,3.0,5.18,5.79,5.181002989040184,0.9992558732858647,2.1799999999999997,56.1,72.8432,1.59,6.52,,,,,,,,,,,,
2017-03-01,2017,3,9.65046153108208,66.44558035638693,20986.6,2241.6,11730.0,34958.2,95.46,3.0,4.69,5.81,4.694011844702772,0.473634354278496,1.6900000000000004,52.66,76.281,2.43,6.11,,,,,,,,,,,,
2017-04-01,2017,4,9.275317970985109,66.67057032869414,21201.6,2167.6,11682.5,35051.7,95.91,3.0,4.66,5.55,4.67095929280803,0.4714016341923255,1.6600000000000001,53.98,74.1948,2.44,5.77,207539.18,46032.1735,75265.0,77343.0,44083.0,,,,-0.0069484123314449,-0.0053305255662756,-0.0013817126082429,-0.0021309412678611
2017-05-01,2017,5,9.64516290329104,66.49896757410248,21111.3,2253.6,11770.8,35135.7,96.12,3.0,4.37,5.34,4.364820846905548,0.21895527056616793,1.37,51.37,75.9303,2.29,5.46,,,,,,,,,,,,
2017-06-01,2017,6,9.34608391262218,66.99924993074558,21406.0,2206.9,11630.6,35243.5,96.23,3.0,3.99,5.13,3.987464880051861,0.11444028297959985,0.9900000000000002,47.65,75.3487,2.34,5.01,,,,,,,,,,,,
2017-07-01,2017,7,9.586877359684634,66.4124815998218,21153.2,2243.0,11832.4,35228.6,96.18,3.0,3.4,4.92,3.3971188991614776,-0.05195884859191535,0.3999999999999999,49.25,76.1029,2.51,5.45,208682.8678,47038.8175,78469.0,80555.0,47706.0,,,,-0.0035220289703996,-0.0016330174667178,0.0001970908563126,4.001438019862746e-05
2017-08-01,2017,8,9.718789498210729,66.48813153387879,21189.8,2281.1,11830.0,35300.9,96.32,3.0,3.87,4.69,3.871454761134463,0.14556040756912303,0.8700000000000001,51.93,77.6933,2.3,5.39,,,,,,,,,,,,
2017-09-01,2017,9,9.95551343586536,66.22269509164896,21057.8,2328.2,11928.2,35314.2,96.36,3.0,3.97,4.5,3.970651704790673,0.04152823920267057,0.9700000000000002,55.56,77.1495,2.09,5.12,,,,,,,,,,,,
2017-10-01,2017,10,9.653066747066278,66.05838134738,21114.1,2255.9,12007.8,35377.8,96.37,3.0,4.05,4.47,4.048801554739789,0.010377750103773842,1.0499999999999998,57.54,78.6324,1.9,4.96,209676.7405,47003.2758,85534.0,85759.0,48517.0,,,,0.0012911088212899,0.0031831502621315,0.001545473253163,0.0018598430579945
2017-11-01,2017,11,10.292067491451014,66.06606241072947,21027.6,2412.5,12039.7,35479.8,96.55,3.0,4.12,4.59,4.119486681764251,0.18678011829407204,1.12,62.84,77.5921,1.36,4.7,,,,,,,,,,,,
2017-12-01,2017,12,9.570377302661903,65.98931761190543,21165.3,2240.0,12063.0,35468.3,96.92,3.0,4.09,4.67,4.091934271292019,0.38322112894872973,1.0899999999999999,64.06,77.4179,1.37,4.66,,,,,,,,,,,,
2018-01-01,2018,1,9.892660465592304,65.8095014671313,21116.7,2318.3,12175.4,35610.4,97.53,3.0,3.68,4.19,3.6781120442223925,0.6293850598431794,0.6800000000000002,68.89,76.7465,1.32,4.78,210404.0478,45071.0271,78101.0,75516.0,44401.0,2669737.0,0.0376,2.5808,0.0038009553164464,0.0055291310839855,0.0011689682551327,0.0018293323226075
2018-02-01,2018,2,9.937884806420282,65.38194911781257,20995.8,2316.8,12343.4,35656.0,98.22,3.0,3.37,3.67,3.3785917271865973,0.7074746231928719,0.3700000000000001,65.7,75.8607,1.06,4.72,,,,,,,,,,,,
2018-03-01,2018,3,9.489009372890468,65.67539918511766,21185.2,2221.0,12233.0,35639.2,98.45,3.0,3.14,3.28,3.1322019694112857,0.2341681938505369,0.14000000000000012,66.89,79.6725,1.14,4.57,,,,,,,,,,,,
2018-04-01,2018,4,9.822321231830294,66.01824123088916,21261.7,2315.9,12136.2,35713.8,98.91,3.0,3.13,3.07,3.127932436659364,0.46724225495173854,0.1299999999999999,71.93,79.5951,1.71,4.47,213221.7791,47409.7747,81696.0,84628.0,46713.0,,,,0.0059584531595309,0.0071960333185785,0.0061714943144277,0.007583524345156
2018-05-01,2018,5,9.6866346398661,65.93631482296907,21371.8,2292.3,12225.2,35889.3,99.16,3.0,3.16,3.06,3.162713275072826,0.25275502982509135,0.16000000000000014,76.93,80.1885,1.52,4.61,,,,,,,,,,,,
2018-06-01,2018,6,9.58561855086202,65.68193084878723,21386.0,2267.3,12358.6,36011.9,99.31,3.0,3.2,2.99,3.200665073261977,0.15127067365874325,0.20000000000000018,75.8,79.7629,1.7,4.65,,,,,,,,,,,,
2018-07-01,2018,7,9.698837957669133,65.7846746418785,21372.2,2295.5,12309.8,35977.5,99.18,3.0,3.12,2.94,3.1191515907673217,-0.13090323230288137,0.1200000000000001,75.23,81.2354,1.78,4.73,214537.2762,47672.0815,84766.0,88532.0,51198.0,,,,0.0059045201194756,0.0071133101282665,0.0081762639527411,0.0098950952711334
2018-08-01,2018,8,9.652920341538016,65.90626226706992,21498.8,2297.0,12309.7,36105.5,99.3,3.0,3.1,2.94,3.0938538205980137,0.1209921355111776,0.10000000000000009,73.85,81.4308,1.71,4.74,,,,,,,,,,,,
2018-09-01,2018,9,10.109161145798534,66.08063518393024,21468.6,2414.4,12259.2,36142.2,99.47,3.0,3.23,2.87,3.227480282274797,0.17119838872103887,0.22999999999999998,79.16,80.3318,0.96,4.6,,,,,,,,,,,,
2018-10-01,2018,10,10.302377748260197,65.25679150981279,21197.7,2434.7,12582.1,36214.5,99.59,3.0,3.33,2.88,3.341288782816232,0.12063938876043512,0.33000000000000007,80.78,81.5609,0.97,4.85,215844.8969,47822.1168,91554.0,93062.0,49531.0,,,,0.005386416515769,0.0072953542384972,0.0116418172014682,0.0137548206650741
2018-11-01,2018,11,10.47338044061122,64.27327368029346,20916.0,2446.9,12986.4,36349.3,99.7,3.0,3.27,2.75,3.2625582599689285,0.11045285671251737,0.27,66.23,81.0583,1.42,4.87,,,,,,,,,,,,
2018-12-01,2018,12,10.86533061201113,66.27259153580518,21490.1,2619.6,12269.9,36379.6,100.0,3.0,3.18,2.57,3.1778786628146927,0.30090270812437314,0.18000000000000016,57.95,79.6926,0.78,4.86,,,,,,,,,,,,
2019-01-01,2019,1,10.780053865167687,65.42900594092494,21311.2,2574.9,12620.8,36506.9,100.6,3.0,3.15,2.58,3.1477494104378057,0.6000000000000005,0.1499999999999999,59.94,79.562,1.4,4.78,217897.1681,48527.2008,84328.0,81594.0,45822.0,2765520.0,0.0378,2.5988,0.0087275359822545,0.0113574352362775,0.0178918151297118,0.0204968553849873
2019-02-01,2019,2,10.830717597632187,65.59502347392542,21406.0,2600.0,12591.3,36597.3,101.18,3.0,3.01,2.51,3.013642842598263,0.5765407554672031,0.009999999999999787,64.38,78.5898,1.22,4.74,,,,,,,,,,,,
2019-03-01,2019,3,10.866897524308872,65.3751137052316,21313.0,2598.4,12664.3,36575.7,101.62,3.0,3.21,2.41,3.2199085830370677,0.43486855109704514,0.20999999999999996,66.94,81.8399,1.79,4.58,,,,,,,,,,,,
2019-04-01,2019,4,10.71917269274932,63.97159926424128,20923.8,2512.1,13199.0,36634.9,102.12,3.0,3.25,2.66,3.245374582954219,0.4920291281243827,0.25,71.48,79.0695,1.75,4.59,219673.4809,49277.2601,88889.0,89940.0,48706.0,,,,0.0129143802932691,0.0158792464811785,0.0220116044578251,0.0248357740400333
2019-05-01,2019,5,10.649758543095984,64.72957059208262,21330.4,2542.4,13008.0,36880.8,102.44,3.0,3.31,2.65,3.307785397337648,0.3133568350959681,0.31000000000000005,70.39,80.9746,1.56,4.56,,,,,,,,,,,,
2019-06-01,2019,6,9.888534437705363,64.8271086258703,21613.9,2371.8,13013.8,36999.5,102.71,3.0,3.43,2.65,3.423622998690967,0.26356891839125485,0.43000000000000016,63.21,78.4041,1.48,4.37,,,,,,,,,,,,
2019-07-01,2019,7,10.96978741450357,64.58355265408373,21232.0,2616.1,13077.9,36926.0,102.94,3.0,3.79,2.77,3.791086912683994,0.22393145750170262,0.79,64.32,81.2507,1.47,4.37,221065.7358,48578.831,92600.0,93101.0,53395.0,,,,0.0126577834446468,0.0151923757296685,0.0211011387576451,0.0240008733545344
2019-08-01,2019,8,11.530743578380582,64.19754201320642,21074.2,2746.7,13284.7,37105.6,103.03,3.0,3.75,2.86,3.756294058408871,0.08742957062366497,0.75,59.62,82.5111,1.45,4.49,,,,,,,,,,,,
2019-09-01,2019,9,11.368150623904008,64.57454601112813,21247.8,2725.3,13151.6,37124.7,103.26,3.0,3.82,2.92,3.8101940283502556,0.2232359506939785,0.8199999999999998,62.43,81.3246,1.27,4.44,,,,,,,,,,,,
2019-10-01,2019,10,11.099895567073006,64.63984310052673,21358.7,2666.8,13142.7,37168.2,103.43,3.0,3.86,2.93,3.8558088161462,0.16463296533024696,0.8599999999999999,59.63,82.1275,1.28,4.51,222587.6152,45795.7082,99239.0,97415.0,55374.0,,,,0.0103463242136214,0.0123675723385989,0.0161900643231511,0.0189568979550696
2019-11-01,2019,11,11.0690659819038,64.746609216238,21476.3,2673.1,13148.9,37298.3,103.54,3.0,3.84,2.99,3.851554663991985,0.10635212220826418,0.8399999999999999,62.69,81.7292,1.38,4.62,,,,,,,,,,,,
2019-12-01,2019,12,10.811125880030634,64.42444989784384,21430.5,2597.7,13268.5,37296.7,103.8,3.0,3.8,3.1,3.8000000000000034,0.25111068186207675,0.7999999999999998,65.35,80.5184,1.06,4.5,,,,,,,,,,,,
2020-01-01,2020,1,11.080772667689752,64.37635096436581,21416.6,2668.8,13328.0,37413.4,104.24,3.0,3.62,3.04,3.618290258449308,0.42389210019266876,0.6200000000000001,63.9,79.4691,0.83,4.44,218242.0591,42497.6319,87291.0,81935.0,50728.0,2811806.5,0.0378,2.6169,-0.0077931383702036,-0.0057341103765651,-0.0075875373528138,-0.0052215486964062
2020-02-01,2020,2,11.449673611266457,64.26485615268558,21324.0,2757.2,13390.6,37471.8,104.94,3.0,3.72,3.0,3.7161494366475534,0.6715272448196474,0.7200000000000002,55.69,80.9207,0.89,4.33,,,,,,,,,,,,
2020-03-01,2020,3,12.63458328823232,60.663983166670086,19826.5,2867.3,14715.2,37409.0,105.53,3.0,3.86,2.99,3.8476677819326843,0.5622260339241514,0.8599999999999999,33.95,76.496,1.82,4.32,,,,,,,,,,,,
2020-04-01,2020,4,20.24658151225469,53.27802656049452,15911.8,4039.4,17496.2,37447.4,105.7,3.0,3.51,2.51,3.5056795926361017,0.16109163271107452,0.5099999999999998,26.85,56.3787,1.83,3.86,183134.6644,28899.8216,93089.0,65208.0,35729.0,,,,-0.0923924214096256,-0.0865433704054385,-0.1330720468977535,-0.1302111826628973
2020-05-01,2020,5,21.29693304638028,56.56368753021069,16755.2,4533.9,16348.3,37637.4,105.36,3.0,2.85,2.03,2.85044904334244,-0.32166508987701015,-0.1499999999999999,32.42,67.7368,1.8,3.01,,,,,,,,,,,,
2020-06-01,2020,6,20.322005372822403,58.63458860489001,17680.0,4509.3,15654.1,37843.4,104.97,3.0,2.19,1.65,2.2003699737124016,-0.37015945330296507,-0.81,40.86,73.6879,1.9,2.67,,,,,,,,,,,,
2020-07-01,2020,7,20.463998719805087,58.1378072629678,17417.9,4481.5,15768.7,37668.1,104.97,3.0,1.97,1.66,1.9720225374004308,0.0,-1.03,43.3,77.7018,1.45,2.3,201141.6042,36479.8139,88687.0,83911.0,50110.0,,,,-0.0356442906873724,-0.0330731136591317,-0.0861817913545923,-0.0836649430743587
2020-08-01,2020,8,17.872796582384108,60.44891974202999,18833.5,4098.6,15004.2,37936.3,104.96,3.0,1.88,1.57,1.873240803649412,-0.009526531389925097,-1.12,45.08,78.5809,0.81,2.4,,,,,,,,,,,,
2020-09-01,2020,9,17.153813504653666,61.35601161406478,19307.1,3997.7,14678.1,37982.9,105.29,3.0,1.97,1.67,1.96591129188457,0.31440548780488076,-1.03,41.93,80.6293,1.06,2.03,,,,,,,,,,,,
2020-10-01,2020,10,16.627252747908436,62.76970545961091,19928.8,3974.5,14177.6,38080.9,105.23,3.0,1.75,1.55,1.740307454316925,-0.05698546870548382,-1.25,41.61,81.82,0.15,2.16,215381.6723,38905.7326,103421.0,88419.0,57334.0,,,,-0.0278455420670891,-0.0249195030698903,-0.0419695691017132,-0.0398678387192461
2020-11-01,2020,11,15.771136875124858,62.16138384517341,20005.9,3745.9,14458.1,38209.9,105.08,3.0,1.49,1.13,1.4873478848754118,-0.1425449016440261,-1.51,44.05,80.22,0.36,2.17,,,,,,,,,,,,
2020-12-01,2020,12,15.083853340981774,62.333508882370026,20195.7,3587.4,14371.5,38154.6,105.48,3.0,1.61,1.11,1.6184971098266,0.3806623524933439,-1.39,50.38,80.33,0.48,2.09,,,,,,,,,,,,
2021-01-01,2021,1,14.68749920187014,61.029569504062565,19778.0,3405.0,14803.5,37986.5,105.91,3.0,1.6,0.87,1.602072141212596,0.4076602199468926,-1.4,55.22,78.69,-0.23,1.9,222283.7627,43808.2716,90057.0,88344.0,55756.0,2882305.0,0.0377,2.6383,-0.0151276776409865,-0.0116230463578439,-0.0146399737477658,-0.0124102961666636
2021-02-01,2021,2,14.15846360303877,62.33619938063192,20419.1,3367.9,14372.2,38159.2,106.58,3.0,1.56,0.96,1.5627977892128886,0.632612595600035,-1.44,62.36,79.94,0.05,2.1,,,,,,,,,,,,
2021-03-01,2021,3,14.170819497306992,61.67516637930349,20196.8,3334.6,14622.4,38153.8,107.12,3.0,1.51,0.94,1.5066805647683257,0.5066616626008713,-1.49,65.8,82.47,0.42,2.49,,,,,,,,,,,,
2021-04-01,2021,4,15.300494136423406,60.96137505565258,19705.1,3559.6,14898.3,38163.0,107.76,3.0,1.95,1.24,1.948912015137183,0.5974607916355401,-1.05,65.53,79.29,0.48,2.25,216884.6998,41096.9712,102305.0,91651.0,48338.0,,,,-0.0018665336112917,0.0020822745956898,-0.0234787212456328,-0.0211718987087046
2021-05-01,2021,5,14.900542271202506,61.37429959272146,20065.7,3513.4,14839.4,38418.5,108.84,3.0,3.3,1.56,3.302961275626437,1.0022271714922093,0.2999999999999998,68.38,68.01,0.28,2.74,,,,,,,,,,,,
2021-06-01,2021,6,14.64182273922022,61.12294830187336,20091.2,3446.3,14971.0,38508.5,108.78,3.0,3.63,1.87,3.6296084595598854,-0.055126791620729865,0.6299999999999999,73.51,80.42,0.75,3.11,,,,,,,,,,,,
2021-07-01,2021,7,13.005299287794156,61.10557330983188,20427.4,3053.8,14946.1,38427.3,109.14,3.0,3.97,2.05,3.9725635895970335,0.3309431880860414,0.9700000000000002,74.4,81.1328,0.83,2.95,228045.5012,42043.6954,100425.0,104987.0,64963.0,,,,0.001060507420405,0.0054923158193069,0.0076226801101704,0.0089515868199772
2021-08-01,2021,8,13.406057792829174,61.53147139371222,20563.7,3183.6,14846.4,38593.7,109.62,3.0,4.44,2.32,4.439786585365857,0.43980208905993745,1.4400000000000004,70.59,80.7425,0.61,2.92,,,,,,,,,,,,
2021-09-01,2021,9,12.87716706224094,61.2557806551402,20606.9,3045.8,14960.3,38613.0,110.04,3.0,4.51,2.28,4.511349605850512,0.3831417624521105,1.5099999999999998,74.75,82.1905,0.72,3.47,,,,,,,,,,,,
2021-10-01,2021,10,13.20204099038676,61.621353217953576,20681.5,3145.7,14839.9,38667.1,110.06,3.0,4.58,2.02,4.58994583293737,0.018175209014903437,1.58,83.87,83.1,0.87,4.39,239029.0362,44341.0617,113101.0,120248.0,68136.0,,,,0.0113312427686267,0.0152727890511901,0.0333914678352318,0.0341084336528823
2021-11-01,2021,11,13.228636157725454,62.19584588700933,20923.4,3189.9,14656.6,38769.9,110.6,3.0,5.26,2.54,5.253140464408057,0.49064146829000954,2.26,80.89,79.81,1.25,4.6,,,,,,,,,,,,
2021-12-01,2021,12,12.045813478915225,62.35948474166001,21242.2,2909.2,14577.9,38729.3,111.41,3.0,5.62,2.49,5.621918847174823,0.7323688969258502,2.62,74.68,81.04,1.05,5.44,,,,,,,,,,,,
2022-01-01,2022,1,12.213169678587091,62.99406873447957,21433.7,2981.9,14343.0,38758.6,113.26,3.0,6.94,3.47,6.939854593522821,1.6605331657840505,3.9400000000000004,85.62,80.0756,0.93,6.09,240009.7479,48018.2861,100440.0,108855.0,71681.0,2970245.75,0.0379,2.6601,0.0037616050909363,0.0079580391791473,0.0318420532120899,0.0322317111890324
2022-02-01,2022,2,11.769675711481616,64.01611197817651,21926.0,2924.9,13968.8,38819.7,115.11,3.0,8.01,4.11,8.00337774441735,1.6334098534345642,5.01,94.27,79.3111,1.18,7.48,,,,,,,,,,,,
2022-03-01,2022,3,11.602414978735112,63.4810220920948,21768.9,2857.2,14166.7,38792.8,116.26,3.0,8.53,4.51,8.53248693054518,0.9990443923203918,5.529999999999999,112.44,82.3982,1.2,7.72,,,,,,,,,,,,
2022-04-01,2022,4,10.963636358582765,63.55790500127614,21936.8,2701.2,14126.6,38764.6,117.71,3.0,9.23,5.26,9.233481811432798,1.2472045415448108,6.23,106.16,80.4406,1.49,8.37,243631.2471,46779.6508,119000.0,127698.0,68729.0,,,,-0.0016575606913686,0.0027670914379687,0.0363659495218957,0.0363816776376868
2022-05-01,2022,5,10.46072300060518,63.68694682084848,22231.1,2597.2,14156.6,38984.9,118.7,3.0,9.07,5.87,9.059169423006242,0.8410500382295627,6.07,112.11,80.7018,1.55,8.88,,,,,,,,,,,,
2022-06-01,2022,6,11.238302849709882,63.65386688808544,22051.7,2792.0,14185.7,39029.4,119.31,3.0,9.67,6.06,9.680088251516828,0.5139005897219828,6.67,117.69,82.8943,2.02,9.7,,,,,,,,,,,,
2022-07-01,2022,7,11.02107346795417,63.42617299337125,22003.2,2725.3,14259.4,38987.9,120.27,3.0,10.21,6.43,10.197910940076959,0.8046266029670512,7.210000000000001,105.25,81.6767,2.82,10.39,244793.934,47948.4366,113845.0,131045.0,90898.0,,,,,,0.0347950243317853,0.0345753082884101
2022-08-01,2022,8,11.082749531603358,63.60292104115114,22105.9,2755.3,14226.9,39088.1,121.5,3.0,10.84,6.89,10.837438423645306,1.0226989274133125,7.84,97.64,81.2885,2.07,10.84,,,,,,,,,,,,
2022-09-01,2022,9,11.603414463101764,64.45037055591935,22299.0,2927.1,13914.2,39140.3,122.63,3.0,11.44,7.49,11.441294074881858,0.9300411522633611,8.44,90.61,80.3571,1.87,11.4,,,,,,,,,,,,
2022-10-01,2022,10,10.63853161080807,63.6069032184151,22239.9,2647.7,14239.6,39127.2,123.51,3.0,12.22,8.38,12.220606941668176,0.7176058060833546,9.22,93.72,79.346,2.83,12.43,244220.071,48238.6265,126408.0,141358.0,83357.0,,,,,,0.0274977284203927,0.027083478663501
2022-11-01,2022,11,10.912468051923378,63.3655297542157,22139.4,2711.9,14367.6,39218.9,124.46,3.0,12.53,8.82,12.531645569620252,0.7691684883814887,9.53,90.94,77.6631,4.16,11.93,,,,,,,,,,,,
2022-12-01,2022,12,11.01490622830273,63.712824014712425,22250.8,2754.3,14241.5,39246.6,126.03,3.0,13.12,9.51,13.122699937169013,1.2614494616744354,10.12,81.5,79.4461,3.41,11.9,,,,,,,,,,,,
2023-01-01,2023,1,11.28828309010914,63.82567586259575,22262.1,2832.8,14223.0,39317.9,128.27,3.0,13.25,9.78,13.25269291894755,1.777354598111569,10.25,84.08,77.1291,1.96,12.02,246512.5278,45230.062,112899.0,126648.0,81983.0,3038053.0,0.038,2.6825,,,0.0251999295601841,0.0245626780215619
2023-02-01,2023,2,10.31954709193571,63.60397007699567,22457.3,2584.2,14329.5,39371.0,130.4,3.0,13.28,10.04,13.28294674659023,1.6605597567630692,10.28,83.63,77.2546,2.1,11.87,,,,,,,,,,,,
2023-03-01,2023,3,9.531204554419723,64.20582602703091,22873.5,2409.8,14095.2,39378.5,131.77,3.0,13.34,10.51,13.340787889213846,1.0506134969325176,10.34,79.26,79.5767,2.47,10.81,,,,,,,,,,,,
2023-04-01,2023,4,10.478297735035977,64.60436300662286,22753.6,2663.3,13925.5,39342.4,132.8,3.0,12.82,10.48,12.819641491801903,0.781665022387501,9.82,83.54,77.7357,3.3,11.25,244647.3407,41771.0186,135581.0,130785.0,73815.0,,,,,,0.0117697022170943,0.0108116244365419
2023-05-01,2023,5,10.37327049963639,63.728522305071344,22562.2,2611.3,14327.7,39501.2,133.38,3.0,12.36,10.46,12.367312552653754,0.4367469879517971,9.36,75.75,79.1459,3.44,10.82,,,,,,,,,,,,
2023-06-01,2023,6,9.367342491774496,64.3860176518539,23077.9,2385.2,14084.5,39547.6,133.78,3.0,12.13,10.51,12.12806973430558,0.29989503673715223,9.13,74.97,80.1256,4.03,10.42,,,,,,,,,,,,
2023-07-01,2023,7,9.678549178803973,64.6302147510432,23088.5,2474.1,13989.5,39552.1,134.45,3.0,11.78,10.22,11.790138854244603,0.5008222454776501,8.78,80.11,77.8236,4.06,9.97,243822.3181,40399.2792,129087.0,131665.0,91093.0,,,,,,0.0009853222204583,-9.611100374229407e-05
2023-08-01,2023,8,9.704587328055585,64.50750307944647,23069.2,2479.4,14057.0,39605.6,135.39,3.0,11.43,9.92,11.432098765432098,0.6991446634436516,8.43,85.17,78.9578,4.1,9.44,,,,,,,,,,,,
2023-09-01,2023,9,10.024778000481955,64.48644936688142,23010.3,2563.7,14083.9,39657.9,136.11,3.0,10.99,9.51,10.992416211367551,0.5317970307999298,7.99,92.67,80.8777,3.79,10.6,,,,,,,,,,,,
2023-10-01,2023,10,10.075131220001255,63.78205904048018,22766.8,2550.8,14376.3,39693.9,136.45,3.0,10.48,9.2,10.476884462796532,0.24979795753432565,7.48,88.95,78.95,3.93,10.98,245860.8135,39107.6401,146263.0,138746.0,87277.0,,,,,,0.0004558667546934,-0.0007215115457288
2023-11-01,2023,11,10.442653708261442,64.12428594497341,22845.1,2663.8,14271.5,39780.4,137.09,3.0,10.15,8.86,10.147838663024267,0.4690362770245704,7.15,82.19,80.783,3.68,10.38,,,,,,,,,,,,
2023-12-01,2023,12,10.622895719387769,63.76836048047273,22694.3,2697.3,14426.9,39818.5,137.72,3.0,9.28,8.42,9.275569308894704,0.45955211904586957,6.279999999999999,77.54,79.4476,2.96,10.06,,,,,,,,,,,,
2024-01-01,2024,1,10.314251573302696,63.76040931631862,22822.1,2624.6,14463.2,39909.9,138.98,3.0,8.35,7.81,8.349575114991792,0.9148997966889283,5.35,79.11,78.2144,2.17,9.37,246462.7026,41551.4953,127228.0,125279.0,82601.0,,,,,,-0.0029588036723779,-0.0041015092257872
2024-02-01,2024,2,10.612150713907964,63.64765149556179,22707.0,2695.8,14508.8,39911.6,140.49,3.0,7.74,7.26,7.737730061349701,1.0864872643546075,4.74,81.8,77.4841,2.45,9.33,,,,,,,,,,,,
2024-03-01,2024,3,10.70997292471498,63.64208850961278,22706.3,2723.5,14527.7,39957.5,141.48,3.0,7.36,6.77,7.368900356682073,0.7046764894298452,4.36,84.96,78.7617,2.78,9.04,,,,,,,,,,,,
2024-04-01,2024,4,10.376138825705445,63.97505840058047,22906.8,2652.0,14392.4,39951.2,142.32,3.0,7.16,6.37,7.168674698795163,0.593723494486853,4.16,88.97,77.2443,3.76,9.86,248813.1198,41252.6112,146998.0,134209.0,85820.0,,,,,,-0.0003836270323525,-0.0014857679645992
2024-05-01,2024,5,10.270789522831752,63.9746270675277,22992.4,2631.8,14429.5,40053.7,142.92,3.0,7.16,6.13,7.1524966261808265,0.4215851602023646,4.16,83.05,77.7219,4.38,9.67,,,,,,,,,,,,
2024-06-01,2024,6,10.405823199943615,63.80339722226807,22926.2,2662.7,14517.0,40105.9,143.38,3.0,7.18,6.01,7.175960532217074,0.3218583823117793,4.18,82.92,78.9285,3.56,9.35,,,,,,,,,,,,
2024-07-01,2024,7,10.08726724711936,63.92037315508217,23076.1,2588.9,14486.5,40151.5,143.67,3.0,6.86,5.81,6.857567869096326,0.20225972939043046,3.8600000000000003,84.05,78.6312,3.65,8.9,248008.9379,41335.1548,140676.0,138504.0,104515.0,,,,,,-0.0079183283701365,-0.0088266612443597
2024-08-01,2024,8,10.114985865112905,64.5544211659015,23309.4,2623.1,14239.0,40171.5,143.67,3.0,6.12,5.51,6.115665854198982,0.0,3.12,79.02,78.7408,2.83,8.25,,,,,,,,,,,,
2024-09-01,2024,9,9.898883803830008,63.80132782205099,23124.1,2540.5,14561.2,40225.8,144.02,3.0,5.81,5.49,5.811476012049077,0.24361383726596575,2.8099999999999996,73.06,78.935,2.86,8.03,,,,,,,,,,,,
2024-10-01,2024,10,9.937525843099442,63.71047546236392,23115.5,2550.6,14619.4,40285.5,143.83,3.0,5.41,5.35,5.408574569439373,-0.13192612137202797,2.41,75.27,78.2991,3.09,8.58,252205.2397,43483.7386,162381.0,147005.0,105830.0,,,,,,-0.0006454117191374,-0.0015484660579261
2024-11-01,2024,11,9.565376801836836,63.760782178849205,23255.6,2459.8,14615.6,40331.0,144.22,3.0,5.2,5.37,5.2009628711065625,0.27115344503927385,2.2,73.51,78.8353,3.48,8.47,,,,,,,,,,,,
2024-12-01,2024,12,9.621791865174242,64.3557791532436,23491.0,2500.9,14395.9,40387.8,144.88,3.0,5.2,5.15,5.198954400232347,0.45763417001802864,2.2,73.23,76.4969,3.17,9.39,,,,,,,,,,,,
2025-01-01,2025,1,9.396722345995387,64.66931433200706,23738.5,2462.0,14314.1,40514.6,146.24,3.0,5.22,5.02,5.223773204777671,0.9387078961899498,2.2199999999999998,78.19,79.1134,2.81,9.23,253276.2598,41367.6627,138560.0,133423.0,98054.0,,,,,,-0.0024184858990956,-0.003156861007838
2025-02-01,2025,2,9.386098150547326,64.5489193990393,23690.5,2453.9,14358.9,40503.3,147.9,3.0,5.28,4.9,5.27439675421737,1.1351203501094087,2.2800000000000002,75.19,76.9435,3.14,8.92,,,,,,,,,,,,
2025-03-01,2025,3,9.107037739227804,64.45516401332353,23754.7,2380.1,14412.5,40547.3,148.68,3.0,5.09,4.84,5.089058524173051,0.5273833671399553,2.09,71.74,78.3818,4.35,9.34,,,,,,,,,,,,
2025-04-01,2025,4,8.554751033083212,63.74067245536192,23630.7,2210.7,14700.1,40541.5,149.66,3.0,5.16,4.9,5.1573917931422075,0.6591337099811634,2.16,66.93,79.1598,4.66,9.26,253364.3977,42749.3199,161875.0,137214.0,94022.0,,,,,,-0.0067624475516065,-0.0072527938438753
2025-05-01,2025,5,9.066663624138656,63.828094716396265,23567.9,2349.9,14687.8,40605.6,150.14,3.0,5.05,4.77,5.051777218024078,0.32072698115728215,2.05,64.09,79.9281,4.0,9.02,,,,,,,,,,,,
2025-06-01,2025,6,8.744630494636466,64.01075778918621,23742.2,2275.1,14627.9,40645.2,150.3,3.0,4.82,4.77,4.826335611661325,0.10656720394299768,1.8200000000000003,69.85,79.8645,5.0,9.08,,,,,,,,,,,,
2025-07-01,2025,7,9.016695696721795,64.32579711310451,23819.6,2360.6,14519.2,40699.4,150.71,3.0,4.9,4.8,4.90011832672097,0.27278775781769404,1.9000000000000004,69.56,79.1201,5.09,8.98,257168.6847,43398.5384,157890.0,143711.0,115720.0,,,,,,0.0007804200250198,0.0004221388642751
2025-08-01,2025,8,9.017993576554645,63.9857299241013,23692.7,2348.4,14657.2,40698.3,150.99,3.0,5.1,4.82,5.095009396533734,0.18578727357176916,2.0999999999999996,67.24,80.3758,5.42,9.25,,,,,,,,,,,,
2025-09-01,2025,9,8.861199272194101,64.19905672353586,23851.1,2319.0,14593.9,40764.0,151.48,3.0,5.18,4.83,5.179836133870275,0.3245248029670744,2.1799999999999997,67.61,78.5682,4.83,9.27,,,,,,,,,,,,
2025-10-01,2025,10,8.908265531067208,64.80993714935346,24093.7,2356.2,14361.6,40811.5,151.76,3.0,5.51,4.99,5.513453382465405,0.1848428835489857,2.51,63.98,79.8674,4.65,9.45,257263.5814,42534.8161,178098.0,147704.0,110337.0,,,,,,-0.0023220698807904,-0.0023438273124227
2025-11-01,2025,11,8.285495974430273,64.71178656556371,24233.8,2189.3,14408.8,40831.9,151.87,3.0,5.3,4.85,5.304396061572603,0.07248286768581913,2.3,63.69,79.6794,5.16,10.09,,,,,,,,,,,,
2025-12-01,2025,12,8.382129263349029,64.30787878356908,24113.8,2206.2,14608.1,40928.1,152.27,3.0,5.1,5.02,5.10077305356158,0.2633831566471345,2.0999999999999996,61.81,77.4729,5.75,11.3,,,,,,,,,,,,
2026-01-01,2026,1,8.740209261905491,64.19806324306433,24071.2,2305.4,14709.7,41086.3,154.07,3.0,5.35,5.39,5.354212253829305,1.182110724371177,2.3499999999999996,64.59,,4.44,11.65,258780.6605,43403.4901,156358.0,135903.0,101849.0,,,,,,-0.0017122008919354,-0.0014705760332969
2026-02-01,2026,2,8.377883000639867,64.62769624142543,24328.9,2224.6,14533.4,41086.9,155.73,3.0,5.29,5.51,5.294117647058805,1.0774323359511895,2.29,69.41,,4.98,13.33,,,,,,,,,,,,
2026-03-01,2026,3,8.327142391553279,64.73451200942978,24395.0,2215.9,14496.9,41107.8,156.94,3.0,5.56,5.79,5.555555555555558,0.7769858087715908,2.5599999999999996,99.4,,6.66,13.46,,,,,,,,,,,,
2026-04-01,2026,4,8.552228291977599,64.76190298445353,24335.7,2275.9,14479.8,41091.4,158.17,3.0,5.68,5.79,5.686222103434435,0.7837390085382978,2.6799999999999997,102.81,,6.43,13.55,,,,,,,,,,,,
2026-05-01,2026,5,8.061340226567147,64.80354527084788,24519.0,2149.9,14484.5,41153.4,158.91,3.0,5.84,5.98,5.841214866124966,0.4678510463425489,2.84,103.84,,6.58,13.43,,,,,,,,,,,,
2026-06-01,2026,6,8.241753780008223,64.67011192918481,24444.0,2195.6,14553.4,41193.0,159.53,3.0,6.14,6.0,6.141051230871586,0.3901579510414699,3.1399999999999997,84.49,,5.85,12.18,,,,,,,,,,,,
2026-07-01,2026,7,,,,,,,,3.0,,,5.85229911751044,0.0,,,,5.35,12.5,,,,,,,,,,,,
2026-08-01,2026,8,,,,,,,,3.0,,,5.656003708854884,0.0,,,,,,,,,,,,,,,,,
2026-09-01,2026,9,,,,,,,,3.0,,,5.314232902033278,0.0,,,,,,,,,,,,,,,,,
2026-10-01,2026,10,,,,,,,,3.0,,,5.119926199262004,0.0,,,,,,,,,,,,,,,,,
2026-11-01,2026,11,,,,,,,,3.0,,,5.043787449792592,0.0,,,,,,,,,,,,,,,,,
2026-12-01,2026,12,,,,,,,,3.0,,,4.767846588297098,0.0,,,,,,,,,,,,,,,,,
