fecha,td_obs,nairu,nairu_lo90,nairu_hi90,nairu_lo95,nairu_hi95,uci_obs,naicu,naicu_lo90,naicu_hi90,brecha_inf,brecha_laboral,brecha_uci
2006-01-01,11.2461,11.9722,7.7119,16.2326,6.8957,17.0488,79.1093,72.0731,68.7383,75.4078,-0.87,-0.7261,7.0362
2006-02-01,11.8492,11.9138,7.9935,15.834,7.2425,16.5851,79.9166,72.217,68.9558,75.4781,-0.85,-0.0646,7.6996
2006-03-01,11.4889,11.9082,8.3008,15.5156,7.6097,16.2067,82.3017,72.3749,69.1852,75.5647,-0.87,-0.4193,9.9268
2006-04-01,11.9006,11.8743,8.5546,15.194,7.9186,15.83,79.3184,72.5757,69.4552,75.6962,-0.95,0.0263,6.7427
2006-05-01,11.8529,11.8761,8.8209,14.9313,8.2356,15.5166,81.8158,72.7109,69.6576,75.7642,-0.89,-0.0232,9.1049
2006-06-01,10.5978,11.8739,9.0621,14.6858,8.5234,15.2245,81.1655,72.8929,69.9047,75.8811,-0.81,-1.2762,8.2726
2006-09-01,13.1146,11.7716,9.1834,14.3598,8.6876,14.8556,83.2357,73.0572,70.1322,75.9822,-0.8,1.343,10.1785
2006-10-01,12.6307,11.8788,9.4963,14.2613,9.0399,14.7178,82.7429,73.257,70.3931,76.1209,-1.07,0.7519,9.4859
2006-11-01,12.2256,11.9392,9.7458,14.1326,9.3256,14.5528,85.3008,73.4354,70.6308,76.2401,-0.87,0.2864,11.8654
2006-12-01,12.8176,11.9623,9.9427,13.9819,9.5558,14.3688,81.5031,73.6611,70.9138,76.4084,-0.75,0.8553,7.842
2007-01-01,11.9857,12.031,10.1711,13.8908,9.8148,14.2471,81.7271,73.8066,71.1147,76.4984,0.05,-0.0453,7.9205
2007-02-01,11.7002,12.027,10.314,13.7401,9.9858,14.0682,79.9672,73.9639,71.3257,76.6021,-0.05,-0.3268,6.0033
2007-03-01,12.0548,12.0006,10.4225,13.5788,10.1202,13.8811,81.2084,74.0813,71.495,76.6676,-0.01,0.0541,7.1271
2007-04-01,10.7189,12.0047,10.5504,13.4589,10.2718,13.7375,81.4469,74.2216,71.6854,76.7578,0.14,-1.2857,7.2253
2007-05-01,11.6997,11.9014,10.561,13.2419,10.3042,13.4987,82.4551,74.3653,71.8775,76.8531,0.12,-0.2017,8.0898
2007-06-01,11.3981,11.885,10.649,13.121,10.4122,13.3577,81.5625,74.5236,72.0825,76.9647,0.07,-0.4869,7.0389
2007-07-01,11.0005,11.8459,10.7057,12.986,10.4873,13.2044,81.5343,74.6579,72.2619,77.0539,0.13,-0.8454,6.8764
2007-08-01,10.9567,11.7781,10.7259,12.8303,10.5244,13.0318,82.9161,74.7877,72.4351,77.1402,0.06,-0.8214,8.1284
2007-09-01,11.1124,11.7125,10.741,12.684,10.5549,12.8701,82.6732,74.9374,72.6268,77.248,0.0,-0.6001,7.7358
2007-10-01,11.478,11.6646,10.767,12.5623,10.5951,12.7342,83.0006,75.0781,72.8079,77.3483,0.23,-0.1867,7.9225
2007-11-01,10.5743,11.6498,10.8198,12.4797,10.6608,12.6387,82.532,75.2244,72.9931,77.4557,0.22,-1.0755,7.3076
2007-12-01,10.74,11.5639,10.7959,12.332,10.6488,12.4791,80.7926,75.3557,73.1619,77.5495,0.2,-0.824,5.4369
2008-01-01,11.1021,11.4983,10.7869,12.2097,10.6506,12.346,79.115,75.4477,73.29,77.6055,0.19,-0.3962,3.6673
2008-02-01,11.1166,11.4669,10.8072,12.1266,10.6808,12.253,78.63,75.5049,73.3819,77.628,0.25,-0.3503,3.1251
2008-03-01,11.2954,11.439,10.8265,12.0515,10.7092,12.1689,76.7855,75.5538,73.4641,77.6435,0.23,-0.1436,1.2317
2008-04-01,10.9764,11.4276,10.8581,11.9971,10.7489,12.1062,79.9585,75.5664,73.5088,77.6241,0.23,-0.4512,4.3921
2008-05-01,10.7938,11.3915,10.861,11.9219,10.7594,12.0235,79.3786,75.644,73.6171,77.6708,0.25,-0.5977,3.7346
2008-06-01,11.6163,11.3437,10.8487,11.8386,10.7539,11.9335,75.7329,75.7071,73.7098,77.7044,0.28,0.2726,0.0258
2008-07-01,11.6673,11.3654,10.9026,11.8282,10.8139,11.9168,77.7348,75.6988,73.7298,77.6677,0.16,0.3019,2.036
2008-08-01,11.6136,11.3896,10.9559,11.8233,10.8728,11.9063,77.4249,75.7267,73.785,77.6685,0.15,0.224,1.6982
2008-09-01,11.3493,11.4075,11.0001,11.8149,10.922,11.8929,79.5083,75.7497,73.8341,77.6654,0.14,-0.0582,3.7586
2008-10-01,11.4401,11.4029,11.0191,11.7867,10.9456,11.8602,77.9212,75.8116,73.921,77.7022,0.5,0.0373,2.1096
2008-11-01,12.0865,11.4058,11.0432,11.7684,10.9737,11.8378,76.1577,75.8435,73.9768,77.7102,0.24,0.6807,0.3142
2008-12-01,11.6021,11.4604,11.1168,11.804,11.051,11.8698,74.6384,75.8339,73.9902,77.6777,0.38,0.1417,-1.1955
2009-01-01,12.0117,11.4718,11.1451,11.7985,11.0825,11.8611,72.7544,75.7961,73.9743,77.6179,-0.76,0.5399,-3.0417
2009-02-01,11.5778,11.5159,11.2042,11.8275,11.1445,11.8872,73.33,75.7053,73.9045,77.5061,-0.62,0.0619,-2.3753
2009-03-01,12.138,11.5215,11.2232,11.8198,11.1661,11.877,74.8885,75.6322,73.8515,77.413,-0.66,0.6165,-0.7437
2009-04-01,11.941,11.5715,11.285,11.8581,11.2301,11.913,72.894,75.5925,73.8309,77.354,-0.83,0.3695,-2.6985
2009-05-01,11.708,11.6019,11.3257,11.8781,11.2728,11.931,73.1061,75.5121,73.769,77.2553,-0.91,0.1061,-2.406
2009-06-01,11.7749,11.6112,11.3441,11.8783,11.2929,11.9295,72.7424,75.4383,73.7126,77.164,-0.95,0.1637,-2.6959
2009-07-01,12.1502,11.6251,11.3659,11.8842,11.3163,11.9339,73.8099,75.3599,73.6509,77.0688,-0.92,0.5252,-1.55
2009-08-01,12.2214,11.6678,11.4156,11.92,11.3672,11.9683,73.6457,75.3073,73.6143,77.0003,-0.92,0.5536,-1.6616
2009-09-01,12.9166,11.7128,11.4666,11.959,11.4194,12.0061,73.9255,75.2535,73.5757,76.9313,-1.02,1.2038,-1.328
2009-10-01,13.1889,11.8098,11.5688,12.0508,11.5227,12.097,75.1994,75.2053,73.542,76.8685,-1.43,1.3791,-0.0059
2009-11-01,12.5714,11.9212,11.6847,12.1577,11.6394,12.203,76.3464,75.1789,73.5294,76.8283,-1.54,0.6502,1.1675
2009-12-01,12.1359,11.9743,11.7417,12.207,11.6972,12.2515,75.5878,75.1762,73.5399,76.8124,-1.94,0.1616,0.4116
2010-01-01,12.3637,11.9887,11.7594,12.218,11.7155,12.2619,72.7384,75.1535,73.5298,76.7772,-0.02,0.375,-2.4151
2010-02-01,11.4397,12.0185,11.7921,12.2449,11.7487,12.2883,75.2,75.1075,73.4957,76.7192,-0.37,-0.5788,0.0925
2010-03-01,11.982,11.9721,11.7482,12.1961,11.7053,12.239,75.5891,75.1094,73.5091,76.7098,-0.74,0.0099,0.4797
2010-04-01,12.2574,11.973,11.7511,12.1948,11.7086,12.2373,76.1251,75.1168,73.5273,76.7063,-0.9,0.2844,1.0083
2010-05-01,12.2206,11.9958,11.7758,12.2159,11.7336,12.258,77.2,75.1335,73.5543,76.7127,-0.91,0.2248,2.0665
2010-06-01,12.2376,12.0139,11.7954,12.2324,11.7535,12.2743,76.2,75.1711,73.6017,76.7405,-0.98,0.2237,1.0289
2010-07-01,12.1661,12.032,11.8148,12.2492,11.7732,12.2908,75.5,75.1862,73.6261,76.7464,-1.11,0.1341,0.3138
2010-08-01,11.7658,12.0432,11.8271,12.2593,11.7857,12.3007,77.6,75.1833,73.632,76.7345,-1.13,-0.2774,2.4167
2010-09-01,11.4299,12.0215,11.8063,12.2366,11.7651,12.2778,77.7,75.222,73.6791,76.7648,-1.11,-0.5915,2.478
2010-10-01,11.8272,11.9746,11.7602,12.1889,11.7192,12.23,78.6,75.2629,73.728,76.7977,-1.08,-0.1474,3.3371
2010-11-01,12.096,11.9632,11.7496,12.1768,11.7086,12.2178,75.5,75.322,73.7948,76.8493,-1.05,0.1328,0.178
2010-12-01,12.0395,11.9743,11.7612,12.1873,11.7204,12.2281,76.3,75.3185,73.7984,76.8386,-0.94,0.0653,0.9815
2011-01-01,11.5685,11.9798,11.7672,12.1924,11.7265,12.2331,75.3,75.3336,73.8203,76.8468,-0.96,-0.4113,-0.0336
2011-02-01,11.7425,11.9472,11.735,12.1593,11.6944,12.1999,76.7,75.3302,73.8234,76.8369,-0.93,-0.2047,1.3698
2011-03-01,11.026,11.931,11.7192,12.1427,11.6786,12.1833,77.1,75.3566,73.856,76.8572,-0.88,-0.9049,1.7434
2011-04-01,11.1129,11.8587,11.6472,12.0702,11.6067,12.1107,75.9,75.3924,73.8976,76.8871,-0.83,-0.7458,0.5076
2011-05-01,11.5342,11.7991,11.5879,12.0103,11.5474,12.0508,78.3,75.4039,73.9146,76.8931,-0.83,-0.2649,2.8961
2011-06-01,11.3287,11.7781,11.5671,11.9891,11.5267,12.0295,77.2,75.4618,73.9778,76.9457,-0.68,-0.4494,1.7382
2011-07-01,11.0959,11.7423,11.5315,11.9531,11.4911,11.9935,76.7,75.4969,74.0179,76.9759,-0.61,-0.6465,1.2031
2011-08-01,10.7936,11.6908,11.4801,11.9014,11.4398,11.9418,78.3,75.5213,74.047,76.9955,-0.76,-0.8971,2.7787
2011-09-01,10.5267,11.6194,11.4088,11.8299,11.3685,11.8702,78.0,75.5743,74.1045,77.0441,-0.69,-1.0927,2.4257
2011-10-01,10.669,11.5323,11.3219,11.7427,11.2815,11.783,79.7,75.6214,74.1558,77.0869,-0.59,-0.8632,4.0786
2011-11-01,10.5464,11.4636,11.2533,11.6739,11.213,11.7142,76.4,75.7008,74.2393,77.1624,-0.43,-0.9172,0.6992
2011-12-01,10.7181,11.3905,11.1803,11.6007,11.14,11.641,75.0,75.7147,74.2569,77.1724,-0.3,-0.6724,-0.7147
2012-01-01,10.6467,11.3369,11.1268,11.5471,11.0865,11.5874,75.1,75.7026,74.2485,77.1568,-0.28,-0.6903,-0.6026
2012-02-01,10.65,11.2819,11.0718,11.492,11.0315,11.5322,77.8,75.6942,74.2435,77.1449,-0.27,-0.6318,2.1058
2012-03-01,10.5427,11.2314,11.0214,11.4415,10.9812,11.4817,76.4,75.7415,74.294,77.189,-0.26,-0.6888,0.6585
2012-04-01,10.9265,11.1765,10.9665,11.3865,10.9262,11.4267,75.0,75.7598,74.3154,77.2043,-0.13,-0.25,-0.7598
2012-05-01,10.9479,11.1565,10.9465,11.3664,10.9063,11.4067,76.0,75.7522,74.3106,77.1938,-0.14,-0.2085,0.2478
2012-06-01,10.5401,11.1398,10.9299,11.3497,10.8897,11.39,77.0,75.7649,74.3261,77.2038,-0.21,-0.5998,1.2351
2012-07-01,10.6336,11.0919,10.882,11.3018,10.8418,11.342,78.0,75.7963,74.3601,77.2325,-0.18,-0.4584,2.2037
2012-08-01,10.2904,11.0553,10.8454,11.2652,10.8052,11.3054,77.9,75.8476,74.4138,77.2814,-0.07,-0.765,2.0524
2012-09-01,10.7486,10.9941,10.7842,11.204,10.744,11.2442,78.0,75.8974,74.466,77.3289,-0.01,-0.2455,2.1026
2012-10-01,10.472,10.9745,10.7646,11.1843,10.7244,11.2245,78.9,75.9486,74.5194,77.3779,0.01,-0.5025,2.9514
2012-11-01,10.604,10.9342,10.7244,11.1441,10.6842,11.1843,78.4,76.0172,74.59,77.4444,-0.1,-0.3303,2.3828
2012-12-01,10.5132,10.9079,10.698,11.1177,10.6579,11.1579,76.7,76.0732,74.648,77.4984,-0.23,-0.3947,0.6268
2013-01-01,10.2406,10.8764,10.6666,11.0862,10.6264,11.1264,74.9,76.0932,74.6698,77.5166,-0.39,-0.6358,-1.1932
2013-02-01,10.5436,10.8257,10.6159,11.0355,10.5757,11.0757,73.7,76.076,74.6544,77.4976,-0.49,-0.2821,-2.376
2013-03-01,10.3653,10.8033,10.5935,11.0131,10.5533,11.0533,73.9,76.0359,74.616,77.4559,-0.35,-0.438,-2.1359
2013-04-01,10.3685,10.7682,10.5584,10.978,10.5182,11.0182,74.5,76.0044,74.5861,77.4228,-0.43,-0.3997,-1.5044
2013-05-01,9.8161,10.7362,10.5265,10.946,10.4863,10.9862,75.4,75.985,74.5681,77.4019,-0.43,-0.9202,-0.585
2013-06-01,9.8567,10.6626,10.4529,10.8724,10.4127,10.9126,75.2,75.9844,74.5689,77.3999,-0.36,-0.8059,-0.7844
2013-07-01,9.7588,10.5981,10.3883,10.8079,10.3481,10.8481,77.4589,75.9813,74.5671,77.3954,-0.24,-0.8393,1.4776
2013-08-01,9.9231,10.5309,10.3211,10.7406,10.2809,10.7808,76.2093,76.0245,74.6116,77.4374,-0.24,-0.6078,0.1848
2013-09-01,9.7302,10.4822,10.2724,10.6919,10.2322,10.7321,78.5834,76.0413,74.6295,77.453,-0.27,-0.7519,2.5421
2013-10-01,9.2937,10.422,10.2122,10.6318,10.172,10.6719,79.0493,76.1041,74.6935,77.5147,-0.34,-1.1283,2.9452
2013-11-01,9.8228,10.3318,10.122,10.5415,10.0818,10.5817,77.6992,76.174,74.7644,77.5835,-0.33,-0.509,1.5252
2013-12-01,9.112,10.2911,10.0813,10.5009,10.0411,10.541,76.561,76.2163,74.8077,77.6248,-0.27,-1.1791,0.3447
2014-01-01,9.5002,10.1968,9.987,10.4066,9.9469,10.4468,76.6351,76.2348,74.8272,77.6424,-0.28,-0.6966,0.4003
2014-02-01,9.7109,10.1412,9.9314,10.3509,9.8912,10.3911,75.9991,76.2535,74.8468,77.6602,-0.19,-0.4302,-0.2544
2014-03-01,9.7241,10.1068,9.8971,10.3166,9.8569,10.3568,74.7195,76.2602,74.8543,77.666,-0.19,-0.3827,-1.5407
2014-04-01,9.2927,10.0763,9.8666,10.2861,9.8264,10.3263,76.6093,76.2411,74.836,77.6461,-0.14,-0.7837,0.3682
2014-05-01,9.0448,10.0137,9.804,10.2235,9.7638,10.2637,77.771,76.2604,74.8561,77.6647,-0.03,-0.969,1.5106
2014-06-01,9.7869,9.9363,9.7266,10.1461,9.6864,10.1863,75.5792,76.3028,74.8992,77.7063,-0.16,-0.1495,-0.7236
2014-07-01,9.3279,9.9247,9.7149,10.1345,9.6748,10.1746,78.302,76.297,74.8941,77.6999,-0.47,-0.5968,2.005
2014-08-01,9.3385,9.8776,9.6679,10.0874,9.6277,10.1276,76.3763,76.3394,74.9371,77.7416,-0.42,-0.5392,0.0369
2014-09-01,9.0668,9.8352,9.6255,10.045,9.5853,10.0852,76.5846,76.3427,74.941,77.7443,-0.46,-0.7684,0.2419
2014-10-01,9.1739,9.7746,9.5649,9.9844,9.5247,10.0246,77.9147,76.3486,74.9475,77.7497,-0.4,-0.6007,1.5661
2014-11-01,9.2884,9.7275,9.5177,9.9373,9.4776,9.9774,75.9334,76.3812,74.9806,77.7818,-0.39,-0.4391,-0.4478
2014-12-01,9.5174,9.6934,9.4837,9.9032,9.4435,9.9434,76.0641,76.3728,74.9728,77.7729,-0.18,-0.176,-0.3087
2015-01-01,9.0793,9.6804,9.4706,9.8901,9.4304,9.9303,68.6631,76.3699,74.9703,77.7694,-0.02,-0.6011,-7.7068
2015-02-01,8.9534,9.6332,9.4234,9.8429,9.3832,9.8831,70.4497,76.2228,74.8237,77.6219,0.32,-0.6798,-5.7731
2015-03-01,8.9254,9.5794,9.3696,9.7891,9.3294,9.8293,72.4375,76.1226,74.7239,77.5213,0.46,-0.654,-3.6851
2015-04-01,9.7842,9.5275,9.3178,9.7373,9.2776,9.7775,69.5778,76.0672,74.6689,77.4655,0.69,0.2567,-6.4894
2015-05-01,9.1692,9.5484,9.3386,9.7581,9.2984,9.7983,72.3004,75.9608,74.5628,77.3587,0.8,-0.3791,-3.6604
2015-06-01,8.8707,9.5183,9.3085,9.728,9.2683,9.7682,71.8402,75.9134,74.5159,77.311,1.05,-0.6475,-4.0732
2015-07-01,8.8819,9.4665,9.2567,9.6762,9.2165,9.7164,72.8087,75.8625,74.4653,77.2597,1.24,-0.5845,-3.0538
2015-08-01,9.4687,9.4196,9.2098,9.6293,9.1696,9.6695,72.5105,75.8359,74.439,77.2328,1.47,0.0492,-3.3254
2015-09-01,9.513,9.4232,9.2135,9.633,9.1733,9.6732,73.4539,75.807,74.4104,77.2036,1.89,0.0897,-2.3531
2015-10-01,9.4712,9.4298,9.2201,9.6396,9.1799,9.6798,73.8514,75.8035,74.4072,77.1998,2.2,0.0414,-1.9521
2015-11-01,8.8275,9.4324,9.2226,9.6421,9.1824,9.6823,73.4453,75.8117,74.4157,77.2078,2.46,-0.6049,-2.3664
2015-12-01,9.3261,9.383,9.1733,9.5928,9.1331,9.633,73.3,75.8155,74.4197,77.2113,2.5,-0.0569,-2.5155
2016-01-01,9.9031,9.3775,9.1677,9.5872,9.1275,9.6274,73.6619,75.8163,74.4207,77.2118,2.83,0.5257,-2.1544
2016-02-01,9.1277,9.4182,9.2085,9.628,9.1683,9.6682,73.194,75.8289,74.4336,77.2243,2.87,-0.2905,-2.6349
2016-03-01,10.2247,9.3937,9.1839,9.6034,9.1437,9.6436,74.7037,75.8324,74.4373,77.2276,3.09,0.831,-1.1287
2016-04-01,9.4446,9.4585,9.2488,9.6683,9.2086,9.7085,74.7755,75.8697,74.4748,77.2647,3.26,-0.014,-1.0942
2016-05-01,9.1376,9.4558,9.246,9.6655,9.2058,9.7057,74.9344,75.9075,74.5128,77.3023,3.31,-0.3181,-0.9731
2016-06-01,9.6225,9.4286,9.2189,9.6384,9.1787,9.6785,75.2204,75.947,74.5524,77.3415,3.41,0.1939,-0.7266
2016-07-01,9.8681,9.4424,9.2326,9.6521,9.1924,9.6923,74.5191,75.9903,74.5959,77.3847,3.51,0.4257,-1.4712
2016-08-01,9.4053,9.4747,9.2649,9.6844,9.2247,9.7246,77.8907,76.0175,74.6233,77.4118,3.47,-0.0694,1.8732
2016-09-01,9.2641,9.4674,9.2577,9.6772,9.2175,9.7174,77.9992,76.1082,74.714,77.5023,3.27,-0.2033,1.891
2016-10-01,9.6204,9.4497,9.2399,9.6594,9.1997,9.6996,76.473,76.194,74.8,77.5879,2.92,0.1708,0.279
2016-11-01,9.1424,9.4621,9.2523,9.6718,9.2121,9.712,77.1901,76.2405,74.8466,77.6344,2.61,-0.3197,0.9496
2016-12-01,9.704,9.4355,9.2257,9.6453,9.1856,9.6854,77.2762,76.2944,74.9007,77.6882,2.48,0.2685,0.9818
2017-01-01,9.7101,9.456,9.2463,9.6658,9.2061,9.706,74.7832,76.347,74.9534,77.7406,2.62,0.254,-1.5638
2017-02-01,9.6241,9.4752,9.2655,9.685,9.2253,9.7252,72.8432,76.3513,74.9577,77.7448,2.79,0.1489,-3.5081
2017-03-01,9.6506,9.4857,9.276,9.6955,9.2358,9.7357,76.281,76.3209,74.9274,77.7143,2.81,0.1648,-0.0399
2017-04-01,9.2771,9.4974,9.2877,9.7072,9.2475,9.7474,74.1948,76.3602,74.9669,77.7536,2.55,-0.2203,-2.1654
2017-05-01,9.646,9.4784,9.2686,9.6881,9.2284,9.7283,75.9303,76.3537,74.9604,77.7469,2.34,0.1676,-0.4234
2017-06-01,9.347,9.4904,9.2807,9.7002,9.2405,9.7404,75.3487,76.379,74.9858,77.7722,2.13,-0.1434,-1.0303
2017-07-01,9.5878,9.4777,9.2679,9.6874,9.2278,9.7276,76.1029,76.3885,74.9954,77.7817,1.92,0.1101,-0.2856
2017-08-01,9.7194,9.4853,9.2756,9.6951,9.2354,9.7353,77.6933,76.41,75.0169,77.8031,1.69,0.2341,1.2833
2017-09-01,9.9555,9.503,9.2932,9.7127,9.253,9.7529,77.1495,76.4593,75.0663,77.8523,1.5,0.4526,0.6902
2017-10-01,9.6523,9.5383,9.3285,9.748,9.2883,9.7882,78.6324,76.4921,75.0991,77.885,1.47,0.114,2.1403
2017-11-01,10.2901,9.5465,9.3367,9.7562,9.2965,9.7964,77.5921,76.5529,75.16,77.9459,1.59,0.7437,1.0392
2017-12-01,9.5687,9.6049,9.3951,9.8146,9.3549,9.8548,77.4179,76.594,75.2011,77.9869,1.67,-0.0361,0.8239
2018-01-01,9.8912,9.6007,9.3909,9.8104,9.3507,9.8506,76.7465,76.6331,75.2403,78.026,1.19,0.2905,0.1134
2018-02-01,9.9376,9.6228,9.413,9.8326,9.3729,9.8727,75.8607,76.6528,75.26,78.0456,0.67,0.3148,-0.7921
2018-03-01,9.4902,9.6471,9.4374,9.8569,9.3972,9.8971,79.6725,76.6477,75.2549,78.0405,0.28,-0.1569,3.0248
2018-04-01,9.8273,9.634,9.4242,9.8438,9.3841,9.8839,79.5951,76.7121,75.3193,78.1049,0.07,0.1933,2.883
2018-05-01,9.6887,9.6491,9.4393,9.8588,9.3991,9.899,80.1885,76.7694,75.3766,78.1621,0.06,0.0396,3.4191
2018-06-01,9.5868,9.6519,9.4421,9.8616,9.4019,9.9018,79.7629,76.8359,75.4432,78.2287,-0.01,-0.0651,2.927
2018-07-01,9.7025,9.6464,9.4367,9.8562,9.3965,9.8964,81.2354,76.8896,75.4969,78.2824,-0.06,0.0561,4.3458
2018-08-01,9.6527,9.6508,9.441,9.8605,9.4008,9.9007,81.4308,76.9692,75.5764,78.3619,-0.06,0.0019,4.4616
2018-09-01,10.1085,9.6509,9.4411,9.8606,9.4009,9.9008,80.3318,77.0493,75.6565,78.4421,-0.13,0.4577,3.2825
2018-10-01,10.3007,9.6875,9.4778,9.8973,9.4376,9.9375,81.5609,77.1034,75.7107,78.4962,-0.12,0.6132,4.4575
2018-11-01,10.4683,9.7367,9.5269,9.9464,9.4867,9.9866,81.0583,77.1798,75.787,78.5725,-0.25,0.7316,3.8785
2018-12-01,10.8618,9.7955,9.5857,10.0052,9.5455,10.0454,79.6926,77.241,75.8482,78.6338,-0.43,1.0664,2.4516
2019-01-01,10.7766,9.8812,9.6715,10.091,9.6313,10.1312,79.562,77.2701,75.8773,78.6629,-0.42,0.8953,2.2919
2019-02-01,10.8302,9.9533,9.7436,10.1631,9.7034,10.2033,78.5898,77.2963,75.9034,78.6891,-0.49,0.8769,1.2935
2019-03-01,10.8707,10.024,9.8142,10.2337,9.774,10.2739,81.8399,77.3023,75.9094,78.6952,-0.59,0.8467,4.5376
2019-04-01,10.7299,10.0923,9.8825,10.3021,9.8424,10.3422,79.0695,77.3716,75.9787,78.7646,-0.34,0.6376,1.6979
2019-05-01,10.6546,10.1438,9.934,10.3535,9.8938,10.3937,80.9746,77.3875,75.9945,78.7804,-0.35,0.5109,3.5871
2019-06-01,9.8902,10.1852,9.9754,10.3949,9.9352,10.4351,78.4041,77.4402,76.0471,78.8332,-0.35,-0.295,0.9639
2019-07-01,10.9765,10.1621,9.9524,10.3719,9.9122,10.4121,81.2507,77.4397,76.0466,78.8328,-0.23,0.8144,3.811
2019-08-01,11.5295,10.2279,10.0181,10.4376,9.9779,10.4778,82.5111,77.4971,76.104,78.8902,-0.14,1.3016,5.014
2019-09-01,11.3631,10.3326,10.1228,10.5424,10.0827,10.5825,81.3246,77.5783,76.1851,78.9715,-0.08,1.0305,3.7463
2019-10-01,11.0968,10.4157,10.2059,10.6254,10.1657,10.6656,82.1275,77.6347,76.2414,79.028,-0.07,0.6812,4.4928
2019-11-01,11.0599,10.4708,10.2611,10.6806,10.2209,10.7208,81.7292,77.7058,76.3125,79.0992,-0.01,0.5891,4.0234
2019-12-01,10.8065,10.5186,10.3089,10.7284,10.2687,10.7686,80.5184,77.7676,76.3742,79.1611,0.1,0.2878,2.7508
2020-01-01,11.0708,10.5423,10.3326,10.7521,10.2924,10.7922,79.4691,77.8059,76.4123,79.1994,0.04,0.5285,1.6632
2020-02-01,11.4451,10.5853,10.3756,10.7951,10.3354,10.8353,80.9207,77.8209,76.4272,79.2145,0.0,0.8597,3.0998
2020-03-01,12.6371,10.655,10.4452,10.8648,10.4051,10.9049,76.496,77.8631,76.4694,79.2569,-0.01,1.9821,-1.3671
2020-04-01,20.3095,10.7352,10.5255,10.945,10.4853,10.9852,56.3787,77.8142,76.4203,79.2081,-0.49,9.5743,-21.4355
2020-05-01,21.2937,10.8252,10.6155,11.035,10.5753,11.0752,67.7368,77.3618,75.9678,78.7558,-0.97,10.4685,-9.625
2020-06-01,20.3243,10.9241,10.7143,11.1339,10.6742,11.174,73.6879,77.1459,75.7517,78.54,-1.35,9.4002,-3.458
2020-07-01,20.477,11.0311,10.8213,11.2409,10.7812,11.281,77.7018,77.0542,75.6599,78.4485,-1.34,9.4459,0.6476
2020-08-01,17.8679,11.1454,10.9356,11.3551,10.8954,11.3953,78.5809,77.0496,75.6552,78.4441,-1.43,6.7225,1.5313
2020-09-01,17.1378,11.2665,11.0567,11.4762,11.0165,11.5164,80.6293,77.0652,75.6706,78.4598,-1.33,5.8713,3.5641
2020-10-01,16.6199,11.3937,11.184,11.6035,11.1438,11.6437,81.82,77.1261,75.7313,78.5209,-1.45,5.2262,4.6939
2020-11-01,15.7529,11.5269,11.3171,11.7366,11.2769,11.7768,80.22,77.21,75.815,78.605,-1.87,4.226,3.01
2020-12-01,15.0738,11.6656,11.4559,11.8754,11.4157,11.9155,80.33,77.2564,75.8612,78.6515,-1.89,3.4082,3.0736
2021-01-01,14.6649,11.8092,11.5995,12.019,11.5593,12.0591,78.69,77.3069,75.9115,78.7023,-2.13,2.8557,1.3831
2021-02-01,14.1485,11.9574,11.7477,12.1672,11.7075,12.2074,79.94,77.3237,75.9281,78.7193,-2.04,2.191,2.6163
2021-03-01,14.1745,12.1096,11.8999,12.3194,11.8597,12.3596,82.47,77.3703,75.9744,78.7661,-2.06,2.0649,5.0997
2021-04-01,15.3903,12.2657,12.0559,12.4755,12.0158,12.5156,79.29,77.4675,76.0714,78.8636,-1.76,3.1246,1.8225
2021-05-01,14.8934,12.4251,12.2153,12.6348,12.1752,12.675,68.01,77.5049,76.1086,78.9013,-1.44,2.4683,-9.4949
2021-06-01,14.6457,12.5874,12.3777,12.7972,12.3375,12.8374,80.42,77.3239,75.9272,78.7205,-1.13,2.0582,3.0961
2021-07-01,13.0119,12.7526,12.5428,12.9623,12.5026,13.0025,81.1328,77.4,76.003,78.797,-0.95,0.2593,3.7328
2021-08-01,13.3992,12.7738,12.564,12.9835,12.5238,13.0237,80.7425,77.4905,76.0932,78.8878,-0.68,0.6254,3.252
2021-09-01,12.858,12.8242,12.6144,13.0339,12.5743,13.0741,82.1905,77.5743,76.1767,78.9719,-0.72,0.0338,4.6162
2021-10-01,13.1934,12.8275,12.6177,13.0372,12.5775,13.0774,83.1,77.6821,76.2841,79.0801,-0.98,0.3659,5.4179
2021-11-01,13.2101,12.8577,12.6479,13.0675,12.6078,13.1076,79.81,77.8004,76.402,79.1988,-0.46,0.3524,2.0096
2021-12-01,12.0346,12.8866,12.6768,13.0963,12.6366,13.1365,81.04,77.8572,76.4584,79.256,-0.51,-0.852,3.1828
2022-01-01,12.1866,12.8194,12.6096,13.0291,12.5694,13.0693,80.0756,77.9343,76.5351,79.3335,0.47,-0.6328,2.1413
2022-02-01,11.7578,12.769,12.5593,12.9788,12.5191,13.019,79.3111,78.0052,76.6055,79.4048,1.11,-1.0112,1.3059
2022-03-01,11.606,12.6881,12.4783,12.8978,12.4381,12.938,82.3982,78.0674,76.6672,79.4676,1.51,-1.0821,4.3308
2022-04-01,11.0761,12.6013,12.3915,12.811,12.3513,12.8512,80.4406,78.1939,76.7932,79.5945,2.26,-1.5252,2.2467
2022-05-01,10.4518,12.4787,12.2689,12.6884,12.2287,12.7286,80.7018,78.286,76.8848,79.6872,2.87,-2.0269,2.4158
2022-06-01,11.2433,12.3156,12.1059,12.5254,12.0657,12.5656,82.8943,78.3871,76.9853,79.7889,3.06,-1.0724,4.5072
2022-07-01,11.0244,12.2291,12.0193,12.4388,11.9791,12.479,81.6767,78.5279,77.1255,79.9303,3.43,-1.2047,3.1488
2022-08-01,11.0732,12.1319,11.9222,12.3417,11.882,12.3819,81.2885,78.6409,77.2379,80.044,3.89,-1.0588,2.6476
2022-09-01,11.5821,12.0464,11.8367,12.2562,11.7965,12.2963,80.3571,78.7447,77.341,80.1484,4.49,-0.4643,1.6124
2022-10-01,10.6277,12.0083,11.7985,12.218,11.7583,12.2582,79.346,78.8312,77.4267,80.2356,5.38,-1.3806,0.5148
2022-11-01,10.8933,11.8963,11.6866,12.1061,11.6464,12.1463,77.6631,78.9047,77.4994,80.3099,5.82,-1.003,-1.2416
2022-12-01,11.0005,11.8144,11.6047,12.0242,11.5645,12.0644,79.4461,78.9443,77.5383,80.3504,6.51,-0.814,0.5018
2023-01-01,11.2574,11.7473,11.5376,11.9571,11.4974,11.9973,77.1291,79.0245,77.6176,80.4314,6.78,-0.49,-1.8954
2023-02-01,10.305,11.706,11.4963,11.9158,11.4561,11.956,77.2546,79.0568,77.649,80.4646,7.04,-1.4011,-1.8022
2023-03-01,9.5355,11.5917,11.3819,11.8015,11.3418,11.8416,79.5767,79.0922,77.6835,80.501,7.51,-2.0562,0.4845
2023-04-01,10.6381,11.4246,11.2149,11.6344,11.1747,11.6746,77.7357,79.1769,77.7671,80.5866,7.48,-0.7865,-1.4412
2023-05-01,10.342,11.3592,11.1494,11.569,11.1093,11.6091,79.1459,79.2192,77.8083,80.63,7.46,-1.0172,-0.0733
2023-06-01,9.3763,11.2753,11.0656,11.4851,11.0254,11.5253,80.1256,79.2851,77.8732,80.6971,7.51,-1.8991,0.8405
2023-07-01,9.6795,11.1209,10.9112,11.3307,10.871,11.3709,77.8236,79.3668,77.9537,80.78,7.22,-1.4414,-1.5432
2023-08-01,9.6875,11.0034,10.7936,11.2131,10.7534,11.2533,78.9578,79.3933,77.9788,80.8077,6.92,-1.3159,-0.4355
2023-09-01,10.0037,10.896,10.6862,11.1058,10.6461,11.1459,80.8777,79.436,78.0202,80.8518,6.51,-0.8923,1.4417
2023-10-01,10.055,10.8227,10.613,11.0325,10.5728,11.0727,78.95,79.5097,78.0925,80.927,6.2,-0.7678,-0.5597
2023-11-01,10.4208,10.7595,10.5498,10.9693,10.5096,11.0095,80.783,79.5387,78.12,80.9574,5.86,-0.3387,1.2443
2023-12-01,10.6046,10.731,10.5212,10.9407,10.481,10.9809,79.4476,79.5958,78.1755,81.0162,5.42,-0.1264,-0.1482
2024-01-01,10.2791,10.7197,10.5099,10.9294,10.4697,10.9696,78.2144,79.6176,78.1955,81.0396,4.81,-0.4405,-1.4032
2024-02-01,10.5901,10.6835,10.4737,10.8933,10.4336,10.9334,77.4841,79.6074,78.1836,81.0312,4.26,-0.0934,-2.1233
2024-03-01,10.7108,10.6753,10.4655,10.8851,10.4254,10.9252,78.7617,79.5777,78.152,81.0034,3.77,0.0355,-0.816
2024-04-01,10.5987,10.6777,10.4679,10.8874,10.4277,10.9276,77.2443,79.5682,78.1405,80.9959,3.37,-0.0789,-2.3239
2024-05-01,10.205,10.6711,10.4613,10.8808,10.4211,10.921,77.7219,79.5244,78.0946,80.9542,3.13,-0.4661,-1.8025
2024-06-01,10.4204,10.6336,10.4238,10.8433,10.3836,10.8835,78.9285,79.4887,78.0567,80.9207,3.01,-0.2132,-0.5602
2024-07-01,10.0874,10.6164,10.4066,10.8262,10.3665,10.8663,78.6312,79.4762,78.0418,80.9105,2.81,-0.529,-0.845
2024-08-01,10.0875,10.5741,10.3644,10.7839,10.3242,10.824,78.7408,79.4546,78.0177,80.8914,2.51,-0.4866,-0.7138
2024-09-01,9.878,10.5355,10.3257,10.7453,10.2856,10.7854,78.935,79.4299,77.9904,80.8694,2.49,-0.6575,-0.4949
2024-10-01,9.9128,10.4832,10.2734,10.6929,10.2333,10.7331,78.2991,79.4104,77.9681,80.8526,2.35,-0.5704,-1.1113
2024-11-01,9.5436,10.4379,10.2281,10.6476,10.1879,10.6878,78.8353,79.3783,77.9331,80.8235,2.37,-0.8943,-0.543
2024-12-01,9.6017,10.3666,10.1568,10.5763,10.1166,10.6165,76.4969,79.3594,77.9111,80.8077,2.15,-0.7649,-2.8625
2025-01-01,9.3619,10.3057,10.0959,10.5155,10.0558,10.5556,79.1134,79.2934,77.8418,80.7449,2.02,-0.9438,-0.18
2025-02-01,9.3633,10.2305,10.0207,10.4402,9.9805,10.4804,76.9435,79.282,77.827,80.737,1.9,-0.8671,-2.3385
2025-03-01,9.1088,10.1613,9.9516,10.3711,9.9114,10.4113,78.3818,79.2282,77.7696,80.6869,1.84,-1.0525,-0.8464
2025-04-01,8.7821,10.0773,9.8676,10.2871,9.8274,10.3273,79.1598,79.2051,77.7425,80.6676,1.9,-1.2953,-0.0453
2025-05-01,8.9785,9.9738,9.7641,10.1836,9.7239,10.2238,79.9281,79.2,77.7334,80.6667,1.77,-0.9954,0.7281
2025-06-01,8.7639,9.8945,9.6847,10.1042,9.6445,10.1444,79.8645,79.2082,77.7373,80.6791,1.77,-1.1306,0.6563
2025-07-01,9.0191,9.8042,9.5945,10.014,9.5543,10.0542,79.1201,79.2157,77.7402,80.6911,1.8,-0.7851,-0.0956
2025-08-01,8.9892,9.7416,9.5319,9.9514,9.4917,9.9916,80.3758,79.2086,77.7284,80.6889,1.82,-0.7524,1.1672
2025-09-01,8.8408,9.6816,9.4719,9.8914,9.4317,9.9316,78.5682,79.2272,77.7419,80.7125,1.83,-0.8408,-0.659
2025-10-01,8.8943,9.6146,9.4048,9.8243,9.3646,9.8645,79.8674,79.2096,77.7189,80.7002,1.99,-0.7203,0.6578
2025-11-01,8.2664,9.557,9.3472,9.7668,9.307,9.807,79.6794,79.221,77.7247,80.7173,1.85,-1.2906,0.4584
2025-12-01,8.3617,9.454,9.2442,9.6638,9.204,9.704,77.4729,79.2258,77.7236,80.728,2.02,-1.0923,-1.7529
