fecha,anio,trimestre,pib_cop,pib_idx,pib_pot_idx,pib_bhp_idx,brecha_cd,brecha_bhp,alpha,ptf_obs,ptf_pot,k_idx,k_pot_idx,l_idx,l_pot_idx,lh_idx,lh_pot_idx,uci,naicu_q,td,nairu_q,tgp,tgp_star,pet,contrib_capital,contrib_trabajo,contrib_ptf,crecimiento_potencial
2005-01-01,2005,1,126107.9971,,,,,,0.4946,,,,,,,,,,,12.4269,,65.9028,68.7705,28255.2,,,,
2005-04-01,2005,2,129054.9995,,,,,,0.4946,,,,,,,,,,,11.9907,,65.8882,68.7216,28387.4,,,,
2005-07-01,2005,3,128686.1731,,,,,,0.4946,,,,,,,,,,,11.7247,,66.028,68.6727,28429.9,,,,
2005-10-01,2005,4,131003.8303,,,,,,0.4946,,,,,94.6384,,95.3383,,,,11.1337,,65.9941,68.6238,28634.0333,,,,
2006-01-01,2006,1,134233.0909,,,,,,0.4946,,,,,96.4279,,97.3788,,80.4425,72.2217,11.5275,11.9314,65.9615,68.5749,28761.0333,,,,
2006-04-01,2006,2,135893.7439,,,,,,0.4946,,,,,95.7302,,96.9132,,80.7666,72.7265,11.4406,11.8748,65.4822,68.526,28885.9333,,,,
2006-07-01,2006,3,138577.3806,,,,,,0.4946,,,,,,,,,,,,,,68.4771,,,,,
2006-10-01,2006,4,140730.7847,,,,,,0.4946,,,,,,,,,83.1823,73.4512,12.5584,11.9268,62.1572,68.4282,29253.3667,,,,
2007-01-01,2007,1,143317.9731,,,,,,0.4946,,,,,,,,,80.9676,73.9506,11.9124,12.0195,63.0468,68.3793,29283.4667,,,,
2007-04-01,2007,2,145054.4202,,,,,,0.4946,,,,,,,,,81.8215,74.3702,11.271,11.9304,63.8312,68.3305,29415.4667,,,,
2007-07-01,2007,3,148122.5226,100.0,99.5591,99.0933,0.4429,0.915,0.4946,0.9762,0.9833,110.6963,100.0,92.6505,100.0,94.9548,102.4871,82.3745,74.7943,11.0235,11.7788,63.6304,68.2816,29478.8,,,,
2007-10-01,2007,4,149962.0842,101.5993,100.8628,100.0911,0.7302,1.5067,0.4946,0.9758,0.9817,112.1917,102.2731,94.2039,100.4568,96.7832,103.2073,82.1084,75.2194,10.9346,11.6261,64.1243,68.2327,29777.2667,,,,
2008-01-01,2008,1,150365.7438,102.8202,101.7172,101.0895,1.0844,1.7121,0.4946,0.9813,0.9801,112.9086,104.3853,94.5582,100.2064,97.3845,103.2015,78.1768,75.5022,11.1718,11.4681,64.3087,68.1838,29813.9,,,,
2008-04-01,2008,2,151769.5687,103.9836,103.0675,102.0899,0.8888,1.8549,0.4946,0.9849,0.9785,113.2909,106.3246,95.4431,101.0992,98.5385,104.3781,78.3567,75.6392,11.1246,11.3876,64.0548,68.1349,29908.5,,,,
2008-07-01,2008,3,153090.7174,104.8443,104.5606,103.095,0.2713,1.6967,0.4946,0.9849,0.9769,113.3881,108.1301,96.6966,102.3993,100.0785,105.9806,78.2227,75.7251,11.5433,11.3875,64.185,68.086,30008.3667,3.8658,1.6941,-0.6583,4.9016
2008-10-01,2008,4,150486.9701,104.9352,105.5878,104.1086,-0.618,0.794,0.4946,0.9883,0.9752,112.8415,109.8476,96.4288,102.8842,100.0464,106.744,76.2391,75.8297,11.7074,11.423,62.7161,68.0371,30367.7,3.5336,1.7029,-0.6583,4.5782
2009-01-01,2009,1,150954.6375,105.0372,106.923,105.1354,-1.7636,-0.0934,0.4946,0.9816,0.9736,112.7326,111.4611,97.7647,104.064,101.681,108.2326,73.6576,75.7112,11.9102,11.5031,65.2032,67.9882,30347.1,3.2437,2.4058,-0.6583,4.9912
2009-04-01,2009,2,152459.0529,105.1567,107.3597,106.181,-2.052,-0.9647,0.4946,0.9807,0.972,112.2933,112.9919,98.3046,103.598,102.4946,108.0136,72.9142,75.5143,11.8078,11.5949,66.8965,67.9393,30478.0667,3.008,1.7305,-0.6583,4.0801
2009-07-01,2009,3,153996.6863,105.3136,107.9665,107.2505,-2.4571,-1.806,0.4946,0.977,0.9704,112.2424,114.4383,99.1309,103.5467,103.6103,108.2256,73.7937,75.3069,12.4286,11.6685,66.6975,67.8904,30595.1333,2.8043,1.0594,-0.6583,3.2054
2009-10-01,2009,4,155205.6233,106.1311,108.6917,108.3488,-2.3558,-2.0468,0.4946,0.9672,0.9688,113.6753,115.8173,101.1755,103.7881,106.0067,108.7441,75.7112,75.1868,12.6321,11.9018,67.6663,67.8415,30908.7,2.6173,0.9383,-0.6583,2.8973
2010-01-01,2010,1,156768.5779,107.1383,109.4485,109.4793,-2.1107,-2.1382,0.4946,0.9607,0.9673,115.6189,117.2335,102.4995,104.0634,107.6568,109.2993,74.5092,75.1235,11.9285,11.9931,67.3608,67.7926,30922.8333,2.4972,0.4957,-0.6583,2.3346
2010-04-01,2010,2,159215.0403,108.3087,110.4864,110.6439,-1.971,-2.1106,0.4946,0.9525,0.9657,118.6845,118.7564,103.5551,104.7647,109.047,110.3207,76.5084,75.1405,12.2387,11.9942,67.7027,67.7437,31062.1667,2.4609,1.0682,-0.6583,2.8707
2010-07-01,2010,3,160387.8128,109.416,111.1756,111.8435,-1.5827,-2.1705,0.4946,0.9454,0.9641,121.6469,120.4232,104.4059,104.6958,110.2266,110.5327,76.9333,75.1972,11.7854,12.0322,68.0875,67.6948,31209.8333,2.5212,1.0661,-0.6583,2.929
2010-10-01,2010,4,163779.569,110.9013,112.1682,113.0771,-1.1294,-1.9242,0.4946,0.9453,0.9625,123.8851,122.2441,105.0785,105.072,111.2224,111.2155,76.8,75.3011,11.988,11.9707,67.6984,67.6459,31472.5,2.671,1.1358,-0.6583,3.1484
2011-01-01,2011,1,167286.916,112.7236,113.2303,114.3424,-0.4476,-1.4158,0.4946,0.9461,0.9609,126.4966,124.1781,105.878,105.4909,112.3565,111.9456,76.3667,75.3401,11.4448,11.9526,67.7792,67.597,31484.2333,2.8462,1.2091,-0.6583,3.397
2011-04-01,2011,2,169747.0668,114.5482,114.8023,115.6357,-0.2214,-0.9405,0.4946,0.945,0.9593,128.7012,126.1997,107.4359,106.7798,114.3052,113.6071,77.1333,75.4193,11.3263,11.812,67.6344,67.5481,31635.6667,3.0066,1.4837,-0.6583,3.8319
2011-07-01,2011,3,173210.156,116.7695,116.206,116.9523,0.4849,-0.1563,0.4946,0.9484,0.9577,130.9982,128.2782,108.6286,107.7165,115.8731,114.9001,77.6667,75.5308,10.8047,11.6841,68.0141,67.4992,31783.4,3.1252,1.9586,-0.6583,4.4254
2011-10-01,2011,4,174383.8611,118.6066,117.6003,118.2867,0.8557,0.2705,0.4946,0.947,0.9562,133.073,130.3783,110.3776,108.6239,118.0423,116.1669,77.0333,75.679,10.6443,11.4621,68.9379,67.4503,31958.8333,3.1861,2.2015,-0.6583,4.7293
2012-01-01,2012,1,176970.8435,120.2843,119.0507,119.6334,1.0362,0.5441,0.4946,0.9448,0.9546,135.0476,132.4637,112.0869,109.6509,120.1787,117.5669,76.4333,75.7128,10.613,11.2834,69.0635,67.4014,32031.7667,3.1946,2.4763,-0.6583,5.0125
2012-04-01,2012,2,177978.8285,121.7104,119.7725,120.9871,1.618,0.5978,0.4946,0.9483,0.953,136.4896,134.531,112.4264,109.375,120.8546,117.5743,76.0,75.759,10.8038,11.1576,69.0988,67.3525,32174.2333,3.1617,1.7348,-0.6583,4.2382
2012-07-01,2012,3,177110.3455,122.3861,120.7278,122.3429,1.3736,0.0353,0.4946,0.944,0.9515,138.617,136.6112,112.6708,109.5262,121.4298,118.0407,77.9667,75.8471,10.5565,11.0471,68.3363,67.3036,32318.4333,3.1127,1.3629,-0.6583,3.8173
2012-10-01,2012,4,179354.9826,123.2473,121.6647,123.6964,1.3008,-0.3631,0.4946,0.9429,0.9499,141.0819,138.745,112.2652,109.6156,121.3039,118.441,78.0,76.013,10.5297,10.9389,67.8346,67.2547,32474.7333,3.0761,0.9799,-0.6583,3.3977
2013-01-01,2013,1,181618.7873,124.0525,122.1232,125.043,1.5798,-0.7921,0.4946,0.9503,0.9483,142.0552,140.9429,110.9363,108.8244,120.1757,117.8879,74.1667,76.0684,10.383,10.8351,67.782,67.2059,32542.2667,3.0686,0.1378,-0.6583,2.5481
2013-04-01,2013,2,187529.4877,125.7071,123.805,126.3782,1.5364,-0.531,0.4946,0.9518,0.9468,143.6809,143.1392,111.9931,110.2042,121.6348,119.6919,75.0333,75.9913,10.0125,10.7224,67.7589,67.157,32723.1667,3.0675,0.9022,-0.6583,3.3113
2013-07-01,2013,3,188017.7345,127.5967,125.0117,127.6965,2.0679,-0.0781,0.4946,0.9559,0.9452,145.612,145.3615,112.5774,110.7334,122.5853,120.5774,77.4172,76.0157,9.8042,10.537,68.0609,67.1081,32846.2333,3.0706,1.0747,-0.6583,3.4869
2013-10-01,2013,4,190772.9905,129.5748,126.4825,128.9922,2.4448,0.4517,0.4946,0.958,0.9437,147.763,147.6444,113.6316,111.6873,124.0521,121.9296,77.7698,76.1648,9.4088,10.3483,67.4493,67.0592,32963.3,3.0747,1.4672,-0.6583,3.8836
2014-01-01,2014,1,193660.5985,131.6609,128.3947,130.2595,2.5439,1.0759,0.4946,0.9556,0.9421,150.7943,150.008,115.2365,113.3567,126.1276,124.0701,75.7846,76.2495,9.645,10.1483,67.3487,67.0103,33307.9,3.0829,2.5833,-0.6583,5.0079
2014-04-01,2014,2,193990.1918,132.7802,129.3315,131.4929,2.6666,0.979,0.4946,0.9536,0.9406,153.9144,152.4697,115.0412,113.2582,126.2392,124.2827,76.6532,76.2681,9.3755,10.0088,67.3959,66.9614,33488.8,3.1232,1.9023,-0.6583,4.3671
2014-07-01,2014,3,195956.5612,134.1556,131.2975,132.6879,2.1768,1.1061,0.4946,0.9491,0.939,156.1324,154.9772,116.5742,114.9205,128.2511,126.4318,77.0876,76.3263,9.2439,9.8792,67.5675,66.9125,33587.6333,3.168,2.3963,-0.6583,4.9059
2014-10-01,2014,4,197981.6485,135.4044,132.447,133.8407,2.2329,1.1684,0.4946,0.9504,0.9375,157.9403,157.4396,116.7671,115.2093,128.7936,127.0754,76.6374,76.3675,9.3261,9.7319,67.4183,66.8636,33695.3333,3.1769,2.0893,-0.6583,4.6078
2015-01-01,2015,1,199260.6494,136.3746,133.6882,134.9484,2.0094,1.0568,0.4946,0.9547,0.9359,157.4543,159.7803,117.4354,115.7532,129.8629,128.0026,70.5168,76.2384,8.9857,9.631,67.3157,66.8147,33836.3667,3.1213,1.5771,-0.6583,4.0401
2015-04-01,2015,2,200645.7306,137.5276,134.5594,136.0092,2.2058,1.1164,0.4946,0.9632,0.9344,156.8523,161.9475,117.4796,115.7927,130.2479,128.3776,71.2395,75.9805,9.2758,9.5314,67.4911,66.7658,34004.6333,2.9826,1.6385,-0.6583,3.9627
2015-07-01,2015,3,202671.6638,138.6909,135.3787,137.022,2.4466,1.218,0.4946,0.9702,0.9329,156.875,163.9658,117.4365,115.8587,130.5361,128.7823,72.9244,75.8351,9.2882,9.4364,67.488,66.7169,34111.7333,2.7884,0.931,-0.6583,3.0611
2015-10-01,2015,4,202113.9562,139.4068,136.387,137.9869,2.2142,1.029,0.4946,0.97,0.9313,157.3846,165.8855,118.0073,116.3202,131.5083,129.6281,73.5322,75.8102,9.2085,9.4151,67.6069,66.668,34220.6333,2.5845,1.0053,-0.6583,2.9314
2016-01-01,2016,1,203832.3291,140.1988,136.8417,138.9049,2.4533,0.9315,0.4946,0.9656,0.9298,161.2612,167.8123,117.2639,115.8533,131.0153,129.4393,73.8532,75.8259,9.7511,9.3965,67.2439,66.6191,34369.4333,2.4257,0.5641,-0.6583,2.3315
2016-04-01,2016,2,205120.1897,140.974,138.9601,139.7778,1.4493,0.8558,0.4946,0.9496,0.9283,165.3577,169.8678,119.2836,118.1095,133.5987,132.2838,74.9768,75.9081,9.4023,9.4476,66.8597,66.5702,34564.8667,2.3615,1.5149,-0.6583,3.2181
2016-07-01,2016,3,205623.0613,141.4853,140.0175,140.6083,1.0483,0.6237,0.4946,0.94,0.9267,169.5828,172.0519,119.2963,118.5011,133.9399,133.047,76.803,76.0387,9.5119,9.4615,66.5923,66.5213,34670.6,2.3808,1.6467,-0.6583,3.3691
2016-10-01,2016,4,206913.4199,142.3168,141.4036,141.4,0.6458,0.6484,0.4946,0.9315,0.9252,173.5975,174.3686,119.8086,119.3598,134.8433,134.3382,76.9798,76.243,9.4895,9.4491,66.7894,66.4724,34799.4,2.4666,1.8039,-0.6583,3.6122
2017-01-01,2017,1,206757.2117,142.8235,143.3655,142.1567,-0.3781,0.469,0.4946,0.9207,0.9237,176.0799,176.7462,121.4625,121.1437,137.0376,136.678,74.6358,76.3397,9.6617,9.4723,66.623,66.4235,34952.0333,2.5653,2.7503,-0.6583,4.6573
2017-04-01,2017,2,207539.18,143.2426,143.5904,142.8832,-0.2422,0.2515,0.4946,0.9208,0.9222,178.2488,179.105,120.4835,120.1363,136.1691,135.7767,75.1579,76.3643,9.422,9.4887,66.7233,66.3746,35143.6333,2.6189,1.3173,-0.6583,3.2778
2017-07-01,2017,3,208682.8678,143.7726,144.3727,143.5843,-0.4156,0.1312,0.4946,0.9182,0.9207,180.4678,181.4249,120.3635,120.0981,136.2692,135.9687,76.9819,76.4193,9.7537,9.4887,66.3744,66.3257,35281.2333,2.6235,1.0979,-0.6583,3.0631
2017-10-01,2017,4,209676.7405,144.2514,145.1235,144.2652,-0.6009,-0.0096,0.4946,0.9153,0.9191,183.1286,183.7003,119.9877,120.0493,136.0788,136.1487,77.8808,76.5463,9.8389,9.5632,66.0379,66.2768,35441.9667,2.5784,0.6766,-0.6583,2.5967
2018-01-01,2018,1,210404.0478,144.8832,145.3028,144.9314,-0.2888,-0.0333,0.4946,0.9144,0.9176,186.8925,185.9744,118.6727,119.085,134.8199,135.2884,77.4266,76.6445,9.773,9.6235,65.6222,66.2279,35635.2,2.5171,-0.5165,-0.6583,1.3422
2018-04-01,2018,2,213221.7791,145.8676,146.9685,145.5881,-0.749,0.192,0.4946,0.9037,0.9161,191.8725,188.3114,119.7601,120.5041,136.2926,137.1392,79.8488,76.7725,9.6981,9.645,65.8784,66.179,35871.6667,2.479,0.5047,-0.6583,2.3253
2018-07-01,2018,3,214537.2762,146.8819,148.1252,146.2407,-0.8394,0.4385,0.4946,0.8968,0.9146,196.5213,190.7539,120.2062,121.0377,137.0383,137.9863,80.9993,76.9694,9.8209,9.6494,65.9241,66.1301,36075.0667,2.4799,0.7444,-0.6583,2.566
2018-10-01,2018,4,215844.8969,147.9504,149.355,146.8945,-0.9404,0.7188,0.4946,0.8929,0.9131,200.5686,193.3175,120.345,121.6219,137.435,138.8932,80.7706,77.1747,10.5495,9.7399,65.2678,66.0813,36314.4667,2.5237,1.0087,-0.6583,2.8741
2019-01-01,2019,1,217897.1681,149.2486,151.2022,147.5555,-1.2921,1.1474,0.4946,0.8867,0.9116,204.4727,195.9531,121.6369,123.1632,139.1513,140.8973,79.9972,77.2896,10.8258,9.9528,65.4664,66.0324,36559.9667,2.585,2.0532,-0.6583,3.9798
2019-04-01,2019,2,219673.4809,150.3663,152.1211,148.2302,-1.1535,1.4411,0.4946,0.8902,0.9101,206.5127,198.5544,121.0915,123.237,138.7686,141.2273,79.4827,77.3998,10.4164,10.1404,64.5109,65.9835,36838.4,2.6196,1.4846,-0.6583,3.4459
2019-07-01,2019,3,221065.7358,151.4973,153.2293,148.9261,-1.1303,1.7265,0.4946,0.892,0.9086,209.0845,200.9155,120.7183,123.7698,138.5813,142.0844,81.6955,77.505,11.2896,10.2409,64.4517,65.9346,37052.1,2.5668,1.4792,-0.6583,3.3877
2019-10-01,2019,4,222587.6152,152.6654,154.4586,149.6523,-1.1609,2.0134,0.4946,0.8905,0.9071,211.2968,202.9438,121.5041,124.702,139.7255,143.4029,81.4584,77.7027,10.9934,10.4684,64.6036,65.8857,37254.4,2.4034,1.615,-0.6583,3.36
2020-01-01,2020,1,218242.0591,152.7252,155.482,150.4192,-1.7731,1.533,0.4946,0.8913,0.9072,211.9761,204.6232,120.7981,125.0827,139.1542,144.0899,78.9619,77.83,11.7037,10.5942,63.1025,65.7436,37431.4,2.1413,1.1324,-0.4825,2.7912
2020-04-01,2020,2,183134.6644,146.3951,155.6083,151.2392,-5.9208,-3.203,0.4946,0.8967,0.9073,204.0283,205.712,113.7274,124.353,131.2769,143.5421,65.9345,77.4406,20.6254,10.8282,56.1681,65.6016,37642.7333,1.7515,0.8217,-0.3067,2.2665
2020-07-01,2020,3,201141.6042,142.9434,156.4463,152.1262,-8.631,-6.0363,0.4946,0.8897,0.9074,203.2654,206.4216,110.3403,124.9758,127.6269,144.5554,78.9707,77.0564,18.4598,11.1476,59.9858,65.4595,37862.4333,1.3372,0.8714,-0.1309,2.0777
2020-10-01,2020,4,215381.6723,141.695,156.665,153.0911,-9.5554,-7.444,0.4946,0.8894,0.9075,203.9796,207.1923,107.9298,124.5841,125.093,144.3957,80.79,77.1975,15.8288,11.5287,62.4212,65.3175,38148.4667,1.0247,0.3487,0.045,1.4184
2021-01-01,2021,1,222283.7627,142.3952,157.0694,154.1388,-9.3425,-7.6189,0.4946,0.8924,0.9076,206.2409,208.1411,106.8811,124.3822,124.1292,144.4546,80.3667,77.3336,14.3366,11.9588,61.6813,65.1755,38099.8333,0.843,0.1278,0.045,1.0158
2021-04-01,2021,2,216884.6998,148.2421,157.9548,155.2674,-6.149,-4.5246,0.4946,0.8908,0.9077,214.3228,209.5936,111.6342,124.6351,129.9172,145.0473,75.9067,77.4321,14.9462,12.4261,61.1533,65.0334,38363.3333,0.9245,0.5272,0.045,1.4967
2021-07-01,2021,3,228045.5012,152.903,158.3332,156.4675,-3.4296,-2.2781,0.4946,0.901,0.9078,217.5991,211.4801,114.092,123.8504,133.0513,144.4312,81.3553,77.4883,13.0968,12.7835,61.2979,64.8914,38544.6667,1.1974,-0.0434,0.045,1.1989
2021-10-01,2021,4,239029.0362,156.9998,159.1302,157.7253,-1.3388,-0.46,0.4946,0.9145,0.9079,219.7878,213.6267,115.3627,123.575,134.8099,144.4065,81.3167,77.7799,12.8236,12.8573,62.0592,64.7493,38722.1,1.5125,0.0038,0.045,1.5613
2022-01-01,2022,1,240009.7479,160.0707,160.1764,159.0249,-0.066,0.6576,0.4946,0.9179,0.908,221.8935,215.9694,117.6475,123.5774,137.762,144.7059,80.595,78.0023,11.8605,12.7588,63.4974,64.6073,38790.3667,1.826,0.0878,0.045,1.9588
2022-04-01,2022,2,243631.2471,164.7043,161.7223,160.3497,1.8439,2.7157,0.4946,0.9182,0.9081,227.65,218.5069,121.0648,124.2277,142.0621,145.7735,81.3456,78.289,10.8874,12.4652,63.6331,64.4653,38926.3,2.0598,0.2524,0.045,2.3571
2022-07-01,2022,3,244793.934,167.6058,163.4683,161.684,2.5311,3.6626,0.4946,0.9192,0.9082,229.4222,221.1863,123.8426,125.1003,145.6269,147.1058,81.1074,78.6379,11.2379,12.1358,63.8271,64.3232,39072.1,2.2194,0.9274,0.045,3.1917
2022-10-01,2022,4,244220.071,168.5051,165.1758,163.0148,2.0157,3.368,0.4946,0.9149,0.9083,229.3575,223.6444,126.1059,126.0329,148.5993,148.5132,78.8184,78.8934,10.8556,11.9063,63.5618,64.1812,39197.5667,2.2665,1.4173,0.045,3.7288
2023-01-01,2023,1,246512.5278,169.6317,166.8699,164.3325,1.6551,3.2247,0.4946,0.9147,0.9084,228.9258,225.8142,127.7961,127.0999,150.906,150.0838,77.9868,79.0578,10.3777,11.6817,63.8785,64.0391,39355.8,2.2046,1.8443,0.045,4.0939
2023-04-01,2023,2,244647.3407,169.8077,167.845,165.6314,1.1693,2.5214,0.4946,0.9138,0.9089,228.4731,227.6973,128.306,127.1545,151.8061,150.4436,79.0024,79.2271,10.0716,11.3531,64.2391,63.9137,39463.7333,2.0376,1.5938,0.0846,3.7161
2023-07-01,2023,3,243822.3181,169.6394,168.312,166.9088,0.7887,1.636,0.4946,0.912,0.9094,228.2484,229.3703,128.4405,126.5665,152.2633,150.0418,79.2197,79.3987,9.8027,11.0068,64.5414,63.7884,39605.2,1.7969,0.9988,0.1243,2.92
2023-10-01,2023,4,245860.8135,169.9237,168.7597,168.1646,0.6897,1.046,0.4946,0.9105,0.9098,230.0059,230.9427,128.0649,126.0115,152.1155,149.6765,79.7269,79.5481,10.3806,10.7711,63.8916,63.663,39764.2667,1.5882,0.3943,0.164,2.1465
2024-01-01,2024,1,246462.7026,169.915,168.4695,169.4005,0.858,0.3037,0.4946,0.9139,0.9103,231.2142,232.4433,126.1974,124.4209,150.1904,148.0761,78.1534,79.6009,10.5453,10.6928,63.6834,63.5376,39926.3333,1.431,-0.6807,0.2037,0.954
2024-04-01,2024,2,248813.1198,170.6367,169.7427,170.6194,0.5267,0.0101,0.4946,0.9142,0.9108,231.5752,233.7979,126.7352,125.2015,151.1247,149.2958,77.9649,79.5271,10.3508,10.6608,63.9176,63.4122,40036.9333,1.3076,-0.3871,0.2037,1.1243
2024-07-01,2024,3,248008.9379,171.362,170.2198,171.8243,0.671,-0.2691,0.4946,0.9175,0.9112,232.4219,235.0237,126.2061,124.8867,150.7868,149.2104,78.769,79.4535,10.034,10.5753,64.092,63.2868,40182.9333,1.2042,-0.2808,0.2037,1.1271
2024-10-01,2024,4,252205.2397,172.4611,170.9848,173.0184,0.8634,-0.3221,0.4946,0.9207,0.9117,232.3263,236.1875,126.7342,125.0229,151.712,149.6634,77.8771,79.3827,9.7079,10.4292,63.9427,63.1615,40334.7667,1.1106,-0.0044,0.2037,1.3099
2025-01-01,2025,1,253276.2598,173.6415,172.129,174.2045,0.8787,-0.3231,0.4946,0.9173,0.9122,233.7075,237.3486,128.4021,125.7062,154.0069,150.7734,78.1462,79.2679,9.2967,10.2325,64.5577,63.0361,40521.7333,1.0328,0.9124,0.2037,2.1489
2025-04-01,2025,2,253364.3977,174.43,171.9853,175.385,1.4215,-0.5445,0.4946,0.9179,0.9126,236.48,238.6253,127.6762,124.4749,153.4327,149.5856,79.6508,79.2044,8.7889,9.9819,63.8599,62.9107,40597.4333,1.0108,0.098,0.2037,1.3125
2025-07-01,2025,3,257168.6847,176.0169,172.7605,176.5622,1.8849,-0.3088,0.4946,0.92,0.9131,238.4991,240.0294,128.0773,124.5022,154.2121,149.9075,79.3547,79.2172,8.9653,9.7425,64.1702,62.7853,40720.5667,1.0423,0.2356,0.2037,1.4816
2025-10-01,2025,4,257263.5814,176.8932,172.5653,177.7375,2.508,-0.475,0.4946,0.9218,0.9135,240.9424,241.5078,127.3253,123.118,153.6023,148.5267,79.0066,79.2188,8.5256,9.5418,64.6096,62.6599,40857.1667,1.1017,-0.3853,0.2037,0.9201
2026-01-01,2026,1,258780.6605,177.8468,,178.9121,,-0.5954,0.4946,,0.914,,,126.6069,,153.0296,,,,8.481,,64.5201,62.5346,41093.6667,,,0.2037,
