fecha,anio,trimestre,viog,viog_inv,bhp,cf,bk,bw,kalman
1994-01-01,1994,1,-1.7407,0.0,-1.763,,,0.0224,
1994-04-01,1994,2,-0.8698,0.2012,-1.0487,,,0.3802,
1994-07-01,1994,3,0.4101,0.7721,-0.0443,0.8561,,1.0435,
1994-10-01,1994,4,0.1653,0.3773,-0.6604,1.4575,,0.1099,
1995-01-01,1995,1,0.8815,-0.0663,0.3161,1.8198,,0.7991,-0.8677
1995-04-01,1995,2,1.2079,0.3737,0.5451,2.0687,,0.7744,-0.0151
1995-07-01,1995,3,1.0635,0.2648,0.1094,2.0662,,0.121,0.1247
1995-10-01,1995,4,1.4613,1.2457,0.9521,1.9921,,0.7837,1.4844
1996-01-01,1996,1,0.9782,0.4506,-0.0275,1.9075,,-0.3379,0.962
1996-04-01,1996,2,0.7858,0.2844,-0.2496,1.63,,-0.6633,1.1278
1996-07-01,1996,3,0.5538,0.1064,-0.4773,1.3213,,-0.9564,1.215
1996-10-01,1996,4,0.2979,-0.0746,-0.7125,1.0107,,-1.2223,1.2171
1997-01-01,1997,1,-0.2947,0.3962,-1.4104,0.6595,0.6821,-1.9209,0.6738
1997-04-01,1997,2,1.6982,1.8141,1.616,0.7221,1.7632,1.1269,3.7609
1997-07-01,1997,3,2.4087,2.6624,2.1482,1.2316,3.2177,1.6913,4.2669
1997-10-01,1997,4,3.1665,3.3248,2.8899,1.545,4.3267,2.4665,4.8911
1998-01-01,1998,1,3.4539,3.4515,3.2697,1.4988,4.4646,2.8746,5.0651
1998-04-01,1998,2,3.2558,3.0734,3.38,1.0943,3.3619,3.0059,4.8902
1998-07-01,1998,3,1.2272,1.073,1.0889,0.2348,1.3771,0.7318,2.2518
1998-10-01,1998,4,-1.1235,-1.1819,-1.4194,-1.0973,-0.8676,-1.7546,-0.6528
1999-01-01,1999,1,-2.4034,-2.4514,-2.4604,-2.2623,-2.5422,-2.7581,-2.1232
1999-04-01,1999,2,-3.198,-3.1839,-3.2089,-2.8095,-3.1724,-3.4461,-3.3139
1999-07-01,1999,3,-2.1989,-2.2183,-1.666,-2.4949,-2.8496,-1.8166,-2.2113
1999-10-01,1999,4,-2.053,-1.9823,-1.7136,-1.7782,-2.1454,-1.7548,-2.6775
2000-01-01,2000,1,-1.0649,-0.9731,-0.4218,-1.0693,-1.4679,-0.3368,-1.7764
2000-04-01,2000,2,-1.001,-0.8318,-0.4434,-0.5871,-1.1342,-0.2246,-2.15
2000-07-01,2000,3,-0.6798,-0.4737,0.1114,-0.3311,-1.1698,0.4627,-1.9062
2000-10-01,2000,4,-0.8859,-0.602,-0.1065,-0.129,-1.3888,0.3666,-2.3887
2001-01-01,2001,1,-0.8114,-0.4645,0.0806,0.1175,-1.5379,0.6573,-2.4189
2001-04-01,2001,2,-0.9686,-0.5323,-0.1728,0.4209,-1.5218,0.4826,-2.8395
2001-07-01,2001,3,-0.6183,-0.1466,0.2974,0.7522,-1.3456,1.002,-2.487
2001-10-01,2001,4,-0.4076,0.0893,0.5116,1.1119,-1.1694,1.2321,-2.3388
2002-01-01,2002,1,-1.4931,-0.8765,-1.1844,1.1907,-1.1628,-0.482,-4.0477
2002-04-01,2002,2,0.1112,0.5861,1.3256,1.3502,-1.2761,1.9776,-1.5083
2002-07-01,2002,3,-0.5092,0.0194,0.2813,1.8042,-1.5235,0.8518,-2.4696
2002-10-01,2002,4,-1.0116,-0.465,-0.5221,1.9364,-1.6946,-0.0588,-3.1442
2003-01-01,2003,1,-1.1431,-0.623,-0.7494,1.8563,-1.6898,-0.4121,-3.2023
2003-04-01,2003,2,-0.6673,-0.2081,-0.0939,1.8572,-1.5385,0.1056,-2.3415
2003-07-01,2003,3,-0.4901,-0.0933,-0.0144,2.0476,-1.3413,0.0418,-2.0226
2003-10-01,2003,4,-0.3056,0.0109,0.0505,2.2756,-1.1786,-0.0356,-1.6906
2004-01-01,2004,1,0.1875,0.4161,0.6149,2.5059,-1.0652,0.3941,-0.8375
2004-04-01,2004,2,-0.5415,-0.4353,-0.7636,2.5096,-1.0037,-1.1054,-1.9082
2004-07-01,2004,3,-0.629,-0.6003,-0.9568,2.1566,-0.9405,-1.3985,-1.7867
2004-10-01,2004,4,0.5487,0.5516,0.8762,2.0768,-0.9182,0.3603,0.3607
2005-01-01,2005,1,-0.3042,-0.4319,-0.7282,2.1921,-1.0084,-1.2902,-0.9267
2005-04-01,2005,2,0.3014,0.1412,0.1669,2.1668,-1.0881,-0.4098,0.2735
2005-07-01,2005,3,-0.6595,-0.9356,-1.5362,2.0377,-1.1862,-2.0961,-1.1361
2005-10-01,2005,4,-0.4249,-0.7017,-1.1624,1.6647,-1.1223,-1.6737,-0.4946
2006-01-01,2006,1,0.3211,0.0594,-0.1228,1.5875,-0.7621,-0.5579,0.782
2006-04-01,2006,2,0.4621,0.1557,-0.262,1.738,-0.1842,-0.6003,0.8454
2006-07-01,2006,3,1.0494,0.7427,0.3618,1.9077,0.4275,0.133,1.6273
2006-10-01,2006,4,1.3811,1.0692,0.6184,2.0505,0.9403,0.5026,1.9925
2007-01-01,2007,1,1.8456,1.5688,1.2088,2.0807,1.3712,1.2003,2.6362
2007-04-01,2007,2,1.942,1.685,1.2415,2.0003,1.8075,1.3262,2.665
2007-07-01,2007,3,2.5715,2.3949,2.225,1.9147,2.2475,2.3818,3.5848
2007-10-01,2007,4,2.72,2.5753,2.411,1.9292,2.5736,2.6139,3.6536
2008-01-01,2008,1,2.2014,2.0566,1.6878,1.7896,2.4723,1.9089,2.7663
2008-04-01,2008,2,1.9274,1.823,1.671,1.4699,1.7666,1.8853,2.5458
2008-07-01,2008,3,1.5481,1.4731,1.6245,1.1693,0.6133,1.8119,2.271
2008-10-01,2008,4,-0.4245,-0.5458,-0.9874,0.6256,-0.6265,-0.839,-0.5744
2009-01-01,2009,1,-1.1896,-1.269,-1.5756,-0.104,-1.5832,-1.4678,-1.3941
2009-04-01,2009,2,-1.3778,-1.4121,-1.5005,-0.4128,-2.0936,-1.4265,-1.5321
2009-07-01,2009,3,-1.3889,-1.3947,-1.4442,-0.237,-2.2137,-1.3919,-1.6562
2009-10-01,2009,4,-1.4587,-1.4489,-1.6492,0.1507,-2.1274,-1.6033,-1.9985
2010-01-01,2010,1,-1.414,-1.3874,-1.6792,0.4891,-2.0148,-1.6242,-2.1184
2010-04-01,2010,2,-1.0698,-1.0254,-1.2094,0.7609,-1.923,-1.1316,-1.6891
2010-07-01,2010,3,-1.2272,-1.1853,-1.5989,0.9519,-1.7582,-1.4885,-2.0687
2010-10-01,2010,4,-0.4999,-0.4541,-0.6691,1.2036,-1.2671,-0.5221,-1.0866
2011-01-01,2011,1,0.3575,0.3909,0.2558,1.7291,-0.4514,0.4365,-0.0709
2011-04-01,2011,2,0.8488,0.8471,0.5006,2.3012,0.4775,0.7049,0.2975
2011-07-01,2011,3,1.5818,1.5639,1.2935,2.7111,1.1406,1.5062,1.2377
2011-10-01,2011,4,1.3438,1.2726,0.7394,2.8339,1.2157,0.9423,0.8508
2012-01-01,2012,1,1.3948,1.3052,0.9862,2.651,0.6861,1.1617,1.2762
2012-04-01,2012,2,0.8553,0.71,0.3372,2.4089,-0.1131,0.4705,0.8163
2012-07-01,2012,3,-0.31,-0.5386,-1.3567,1.9947,-0.7663,-1.2752,-0.6817
2012-10-01,2012,4,-0.3447,-0.5804,-1.2872,1.5819,-0.9108,-1.2606,-0.418
2013-01-01,2013,1,-0.1935,-0.4428,-1.2027,1.4782,-0.478,-1.23,-0.1434
2013-04-01,2013,2,1.2662,1.0581,0.8575,1.7849,0.2601,0.7789,2.0957
2013-07-01,2013,3,1.0221,0.737,0.0114,2.1714,0.9134,-0.116,1.4198
2013-10-01,2013,4,1.3422,1.049,0.4034,2.1506,1.2254,0.2309,1.9606
2014-01-01,2014,1,1.6164,1.3309,0.8924,1.9987,1.1962,0.6794,2.5734
2014-04-01,2014,2,1.0883,0.7578,0.1035,1.7151,1.0469,-0.1438,1.8817
2014-07-01,2014,3,1.0701,0.7487,0.21,1.3542,0.9705,-0.0632,2.0522
2014-10-01,2014,4,1.1534,0.8427,0.3951,1.1561,1.0334,0.1062,2.267
2015-01-01,2015,1,1.0725,0.7554,0.2556,1.0486,1.1532,-0.0372,2.1234
2015-04-01,2015,2,1.0211,0.7102,0.2242,0.9132,1.1715,-0.0596,2.0532
2015-07-01,2015,3,1.1421,0.8641,0.5626,0.779,1.0092,0.3012,2.3187
2015-10-01,2015,4,0.5075,0.2091,-0.324,0.5447,0.7752,-0.5491,1.3295
2016-01-01,2016,1,0.5394,0.293,-0.037,0.2591,0.555,-0.212,1.482
2016-04-01,2016,2,0.517,0.3082,0.0805,0.1446,0.3904,-0.0317,1.438
2016-07-01,2016,3,0.3045,0.1164,-0.1439,0.11,0.2099,-0.183,1.0287
2016-10-01,2016,4,0.327,0.1838,0.0505,0.1065,-0.028,0.0918,1.0168
2017-01-01,2017,1,-0.0624,-0.1878,-0.423,0.0533,-0.295,-0.2978,0.3202
2017-04-01,2017,2,-0.1382,-0.2131,-0.416,-0.0647,-0.2882,-0.2076,0.0889
2017-07-01,2017,3,0.0197,0.004,-0.2142,-0.0942,0.2626,0.0712,0.0399
2017-10-01,2017,4,0.1545,0.186,-0.0686,0.0032,0.7342,0.2814,-0.0743
2018-01-01,2018,1,0.1169,0.1829,-0.0376,0.1583,0.6147,0.3578,-0.3105
2018-04-01,2018,2,0.6171,0.7584,0.9876,0.4201,0.1781,1.4027,0.4409
2018-07-01,2018,3,0.8176,0.9895,1.3039,0.7405,0.281,1.7068,0.4824
2018-10-01,2018,4,1.1642,1.3755,1.6136,0.9463,1.324,1.9687,0.5193
2019-01-01,2019,1,1.7892,2.0497,2.255,1.0873,2.8752,2.5264,0.8952
2019-04-01,2019,2,2.2012,2.4836,2.745,1.2356,3.742,2.9002,1.1366
2019-07-01,2019,3,2.1101,2.4001,3.024,1.364,2.6728,3.0391,1.1974
2019-10-01,2019,4,1.619,1.8957,3.3083,1.447,-0.4895,3.1741,1.3127
2020-01-01,2020,1,-0.7588,-0.5222,0.8633,1.1559,-4.6275,0.5916,-1.2224
2020-04-01,2020,2,-13.3072,-13.0211,-17.2475,-1.998,-9.2786,-17.6171,-19.3145
2020-07-01,2020,3,-8.6182,-8.3665,-8.5677,-4.7526,-9.508,-8.9663,-10.573
2020-10-01,2020,4,-4.197,-3.9868,-2.5486,-3.2406,-7.3769,-2.9077,-4.4006
2021-01-01,2021,1,-1.464,-1.241,-0.317,0.1944,-4.1315,-0.5834,-1.9209
2021-04-01,2021,2,-2.3479,-2.1172,-3.7744,2.6949,-0.9642,-3.914,-5.0555
2021-07-01,2021,3,0.7623,0.8952,0.1954,3.2494,1.3189,0.1983,-0.7394
2021-10-01,2021,4,3.3391,3.4108,3.8342,3.4187,2.3911,3.9713,3.255
2022-01-01,2022,1,3.1842,3.2232,3.1928,3.507,2.9301,3.4338,2.9628
2022-04-01,2022,2,3.6366,3.6382,3.6768,3.4907,3.2744,3.9779,3.7603
2022-07-01,2022,3,3.4795,3.4575,3.1925,3.6181,3.4875,3.5032,3.5417
2022-10-01,2022,4,2.7498,2.7083,2.0587,3.4099,3.2431,2.3298,2.6176
2023-01-01,2023,1,2.52,2.4563,2.157,2.732,2.3324,2.3461,2.8646
2023-04-01,2023,2,1.177,1.0812,0.622,1.7703,,0.6973,1.4245
2023-07-01,2023,3,0.0985,-0.0096,-0.4378,0.6974,,-0.4938,0.4079
2023-10-01,2023,4,0.0456,-0.0722,-0.282,0.1264,,-0.4724,0.5604
2024-01-01,2024,1,-0.2959,-0.4102,-0.6769,0.1203,,-0.9919,0.1267
2024-04-01,2024,2,-0.0384,-0.1486,-0.3372,0.31,,-0.7553,0.3978
2024-07-01,2024,3,-0.7918,-0.8827,-1.247,0.237,,-1.7374,-0.6013
2024-10-01,2024,4,-0.0645,-0.1548,-0.1377,-0.0519,,-0.6618,0.3982
2025-01-01,2025,1,-0.2418,-0.3157,-0.2688,-0.2216,,-0.7835,0.1465
2025-04-01,2025,2,-0.6762,-0.7253,-0.7788,-0.2981,,-1.2376,-0.4926
2025-07-01,2025,3,0.078,0.0422,0.1736,-0.0828,,-0.1807,0.3215
2025-10-01,2025,4,-0.2322,-0.2344,-0.322,0.2322,,-0.5239,-0.315
2026-01-01,2026,1,-0.1712,-0.1471,-0.2629,0.3022,,-0.2653,-0.4013
